Record_ID,Timestamp,Soil_Moisture,Soil_Temperature,Soil_pH,Humidity,Ambient_Temperature,Solar_Radiation,Wind_Speed,NDVI_Index,5G_Latency_ms,Plant_Health_Status
1,2024-01-01 00:00:00,19.98,16.54,6.93,72.14,33.01,498.91,6.61,0.255,1.04,Healthy
2,2024-01-01 01:00:00,43.03,16.17,7.51,41.21,32.18,466.33,0.98,0.267,1.0,High Stress
3,2024-01-01 02:00:00,34.28,32.66,7.4,86.71,17.39,340.92,2.57,0.689,5.25,Healthy
4,2024-01-01 03:00:00,28.95,16.24,5.88,69.85,38.06,685.81,7.78,0.565,1.26,High Stress
5,2024-01-01 04:00:00,11.24,16.8,5.87,40.22,29.21,581.3,5.38,0.793,9.77,Healthy
6,2024-01-01 05:00:00,11.24,28.98,6.17,92.55,24.09,892.56,9.29,0.887,3.0,High Stress
7,2024-01-01 06:00:00,7.32,21.24,6.4,63.69,33.91,225.69,4.4,0.491,5.25,Healthy
8,2024-01-01 07:00:00,39.65,29.42,6.52,34.74,21.43,715.09,8.72,0.647,1.55,Moderate Stress
9,2024-01-01 08:00:00,29.04,11.63,7.2,70.74,32.34,810.36,4.6,0.576,5.7,Healthy
10,2024-01-01 09:00:00,33.32,22.19,5.64,46.46,15.99,807.59,9.8,0.936,4.42,Healthy
11,2024-01-01 10:00:00,5.82,10.84,5.59,82.24,35.99,908.86,9.61,0.823,1.4,Moderate Stress
12,2024-01-01 11:00:00,43.8,11.57,6.48,83.16,26.2,783.23,3.43,0.884,4.02,Healthy
13,2024-01-01 12:00:00,38.3,32.66,7.24,93.63,30.92,942.25,8.88,0.391,4.52,Moderate Stress
14,2024-01-01 13:00:00,13.49,13.48,5.98,62.62,20.53,466.13,8.51,0.779,9.91,High Stress
15,2024-01-01 14:00:00,12.27,23.31,7.1,59.57,31.93,602.57,2.26,0.399,2.87,Moderate Stress
16,2024-01-01 15:00:00,12.34,20.28,6.15,78.98,34.31,211.26,6.32,0.357,5.9,Moderate Stress
17,2024-01-01 16:00:00,17.17,18.68,7.72,38.61,26.83,205.57,0.91,0.908,9.89,High Stress
18,2024-01-01 17:00:00,25.99,32.5,7.74,65.55,30.44,392.1,8.4,0.214,8.13,Moderate Stress
19,2024-01-01 18:00:00,22.28,10.55,6.24,65.51,26.41,280.65,1.91,0.924,9.94,Moderate Stress
20,2024-01-01 19:00:00,16.65,26.59,6.07,35.82,37.35,408.17,0.89,0.312,9.71,High Stress
21,2024-01-01 20:00:00,29.47,34.08,6.53,57.17,27.45,341.63,4.12,0.815,5.41,Healthy
22,2024-01-01 21:00:00,10.58,24.0,6.1,85.46,36.05,222.82,5.85,0.407,7.27,Healthy
23,2024-01-01 22:00:00,16.69,33.42,7.18,85.65,35.03,927.44,8.58,0.463,1.99,Moderate Stress
24,2024-01-01 23:00:00,19.65,11.31,7.57,36.45,25.26,206.58,9.75,0.363,4.97,Healthy
25,2024-01-02 00:00:00,23.24,20.47,7.18,35.9,20.75,788.87,4.51,0.639,8.28,Healthy
26,2024-01-02 01:00:00,36.41,16.5,7.56,47.08,25.15,321.72,0.79,0.461,5.55,Moderate Stress
27,2024-01-02 02:00:00,12.99,28.27,6.49,86.86,35.66,929.78,7.54,0.693,7.32,High Stress
28,2024-01-02 03:00:00,25.57,34.53,5.89,38.38,20.69,914.24,5.74,0.212,7.71,Healthy
29,2024-01-02 04:00:00,28.7,16.41,7.34,76.8,28.11,723.12,4.59,0.248,3.28,Moderate Stress
30,2024-01-02 05:00:00,6.86,26.35,6.4,36.58,35.15,737.79,3.23,0.275,8.88,High Stress
31,2024-01-02 06:00:00,29.3,14.95,7.18,70.5,23.84,204.27,5.12,0.514,5.14,Healthy
32,2024-01-02 07:00:00,11.82,24.13,6.18,53.14,31.06,987.9,3.52,0.811,2.89,High Stress
33,2024-01-02 08:00:00,7.6,21.6,5.7,81.28,21.14,902.27,7.62,0.866,8.79,Moderate Stress
34,2024-01-02 09:00:00,42.96,34.3,7.98,45.19,17.73,916.08,5.53,0.384,4.76,High Stress
35,2024-01-02 10:00:00,43.63,25.21,5.89,71.55,34.86,727.4,8.79,0.631,7.75,High Stress
36,2024-01-02 11:00:00,37.34,18.74,7.97,45.32,17.47,475.83,5.53,0.776,5.93,Moderate Stress
37,2024-01-02 12:00:00,17.18,12.85,7.94,76.39,21.78,914.92,2.53,0.417,4.44,Healthy
38,2024-01-02 13:00:00,8.91,13.78,7.48,86.79,36.38,433.21,8.54,0.507,8.29,Healthy
39,2024-01-02 14:00:00,32.37,15.63,7.15,38.24,23.66,650.17,5.66,0.593,6.26,High Stress
40,2024-01-02 15:00:00,22.61,16.27,6.94,86.33,39.33,279.78,2.23,0.301,4.52,High Stress
41,2024-01-02 16:00:00,9.88,31.27,7.67,68.58,39.49,937.56,6.31,0.219,1.99,High Stress
42,2024-01-02 17:00:00,24.81,24.03,6.22,38.26,21.71,312.62,3.71,0.315,9.06,High Stress
43,2024-01-02 18:00:00,6.38,23.08,6.67,57.79,16.02,379.92,8.48,0.67,1.32,Healthy
44,2024-01-02 19:00:00,41.37,12.87,7.05,40.46,32.63,646.51,4.64,0.255,8.77,Moderate Stress
45,2024-01-02 20:00:00,15.35,31.5,6.53,75.52,26.27,811.27,7.32,0.342,4.24,Moderate Stress
46,2024-01-02 21:00:00,31.5,28.07,6.57,79.33,17.52,695.48,1.14,0.453,6.75,Moderate Stress
47,2024-01-02 22:00:00,17.47,11.69,6.33,36.88,32.69,385.71,4.08,0.258,9.3,High Stress
48,2024-01-02 23:00:00,25.8,27.7,6.91,62.9,15.78,200.75,9.84,0.344,2.37,High Stress
49,2024-01-03 00:00:00,26.87,23.59,7.63,82.95,36.75,805.72,8.12,0.883,6.1,Moderate Stress
50,2024-01-03 01:00:00,12.39,12.04,6.0,90.85,18.47,988.17,1.77,0.214,7.88,Healthy
51,2024-01-03 02:00:00,43.78,21.46,7.84,63.38,18.18,847.93,2.92,0.69,7.82,Moderate Stress
52,2024-01-03 03:00:00,36.01,22.12,7.22,91.77,19.39,568.17,3.43,0.488,5.73,Healthy
53,2024-01-03 04:00:00,42.58,14.14,7.56,64.82,39.01,923.01,6.57,0.704,6.62,High Stress
54,2024-01-03 05:00:00,40.79,33.64,6.89,55.62,32.33,527.88,7.62,0.642,7.82,Moderate Stress
55,2024-01-03 06:00:00,28.92,31.25,7.45,85.13,35.03,619.95,7.55,0.368,8.57,Moderate Stress
56,2024-01-03 07:00:00,41.87,26.73,5.54,62.04,24.94,581.7,5.2,0.835,7.86,High Stress
57,2024-01-03 08:00:00,8.54,21.56,7.55,60.67,23.41,558.1,8.15,0.569,4.19,Healthy
58,2024-01-03 09:00:00,12.84,20.29,5.6,61.87,20.86,820.15,4.48,0.817,9.97,Moderate Stress
59,2024-01-03 10:00:00,6.81,26.27,7.72,85.04,27.02,621.42,1.41,0.505,4.91,Moderate Stress
60,2024-01-03 11:00:00,18.01,23.64,7.98,84.08,28.8,453.37,5.73,0.939,1.22,Healthy
61,2024-01-03 12:00:00,20.55,11.56,6.24,56.23,30.79,406.53,9.53,0.778,4.26,Moderate Stress
62,2024-01-03 13:00:00,15.85,22.81,6.03,51.66,21.43,230.2,7.97,0.924,2.15,Moderate Stress
63,2024-01-03 14:00:00,38.15,30.16,7.41,61.98,38.72,666.56,5.87,0.586,2.09,High Stress
64,2024-01-03 15:00:00,19.27,21.48,6.13,67.23,19.24,383.97,6.54,0.555,3.53,Healthy
65,2024-01-03 16:00:00,16.24,11.3,7.66,45.49,39.14,318.51,9.32,0.767,1.48,Moderate Stress
66,2024-01-03 17:00:00,26.71,29.66,5.76,81.61,15.37,723.06,4.4,0.86,7.2,Moderate Stress
67,2024-01-03 18:00:00,10.64,15.03,5.81,61.62,27.03,744.97,3.45,0.923,1.67,High Stress
68,2024-01-03 19:00:00,37.09,16.47,7.95,51.71,23.33,801.72,9.78,0.443,2.83,Moderate Stress
69,2024-01-03 20:00:00,7.98,14.12,7.18,36.94,26.23,602.86,8.66,0.799,1.84,High Stress
70,2024-01-03 21:00:00,44.48,18.26,7.62,45.52,29.27,915.24,3.37,0.358,1.57,Moderate Stress
71,2024-01-03 22:00:00,35.89,28.92,6.31,91.7,25.89,949.07,4.75,0.609,3.41,High Stress
72,2024-01-03 23:00:00,12.95,22.98,7.19,49.83,25.37,845.9,4.27,0.335,6.15,Healthy
73,2024-01-04 00:00:00,5.22,15.12,6.99,40.98,33.32,708.47,1.66,0.461,9.68,Healthy
74,2024-01-04 01:00:00,37.62,31.95,7.01,59.94,32.15,442.98,9.59,0.899,8.88,Moderate Stress
75,2024-01-04 02:00:00,33.27,31.99,7.21,49.96,35.83,986.36,4.16,0.31,8.88,Moderate Stress
76,2024-01-04 03:00:00,34.16,31.76,6.94,32.29,21.25,419.31,8.78,0.674,2.58,High Stress
77,2024-01-04 04:00:00,35.85,15.97,6.57,51.0,30.24,362.13,2.06,0.645,3.38,High Stress
78,2024-01-04 05:00:00,7.96,21.28,6.19,65.37,29.63,553.72,5.57,0.291,1.69,Healthy
79,2024-01-04 06:00:00,19.34,34.62,7.42,65.86,24.24,245.47,0.43,0.444,8.01,Moderate Stress
80,2024-01-04 07:00:00,9.63,29.3,6.07,53.18,27.15,982.8,7.69,0.622,1.63,High Stress
81,2024-01-04 08:00:00,39.52,10.68,7.23,59.07,22.84,670.75,5.89,0.34,6.01,Healthy
82,2024-01-04 09:00:00,29.93,11.63,6.08,92.76,18.55,645.56,6.33,0.8,3.23,Healthy
83,2024-01-04 10:00:00,18.24,21.6,7.06,54.53,20.35,724.64,0.71,0.929,3.19,High Stress
84,2024-01-04 11:00:00,7.54,32.73,7.37,46.78,17.64,597.62,2.27,0.361,9.92,Moderate Stress
85,2024-01-04 12:00:00,17.44,23.47,6.05,45.83,32.08,225.65,0.93,0.34,7.81,Healthy
86,2024-01-04 13:00:00,18.01,22.45,5.65,59.75,31.52,689.85,3.03,0.541,8.53,High Stress
87,2024-01-04 14:00:00,34.18,12.64,5.83,79.37,38.77,772.94,6.35,0.761,6.15,Healthy
88,2024-01-04 15:00:00,30.5,26.42,7.01,43.39,33.24,533.4,5.75,0.411,8.84,Moderate Stress
89,2024-01-04 16:00:00,40.49,30.55,7.62,76.1,16.3,805.84,6.2,0.215,6.81,High Stress
90,2024-01-04 17:00:00,23.89,19.51,5.61,31.37,37.11,381.6,5.58,0.606,9.52,Moderate Stress
91,2024-01-04 18:00:00,9.78,29.39,7.34,57.23,36.57,377.02,2.88,0.917,3.53,Moderate Stress
92,2024-01-04 19:00:00,33.53,34.11,6.35,80.43,26.08,329.13,2.6,0.493,6.36,Healthy
93,2024-01-04 20:00:00,35.43,15.09,6.7,52.02,29.65,497.6,1.54,0.515,7.21,Moderate Stress
94,2024-01-04 21:00:00,27.45,23.08,7.82,66.64,39.4,877.61,8.52,0.927,4.54,Healthy
95,2024-01-04 22:00:00,35.84,17.18,6.33,43.32,28.31,862.33,6.24,0.721,8.92,High Stress
96,2024-01-04 23:00:00,24.75,29.82,6.66,78.23,37.63,506.26,2.03,0.739,9.82,High Stress
97,2024-01-05 00:00:00,25.91,24.44,5.53,33.4,17.08,671.29,1.94,0.622,5.44,Healthy
98,2024-01-05 01:00:00,22.1,25.86,5.7,85.42,19.78,776.65,8.76,0.931,4.52,Healthy
99,2024-01-05 02:00:00,6.02,29.95,6.15,42.88,26.02,392.97,7.48,0.717,5.25,Healthy
100,2024-01-05 03:00:00,9.32,19.9,5.57,86.84,29.62,334.51,6.66,0.871,8.67,Moderate Stress
101,2024-01-05 04:00:00,6.26,32.88,7.08,52.91,35.41,977.68,4.19,0.725,6.81,High Stress
102,2024-01-05 05:00:00,30.46,23.33,6.57,76.97,39.71,694.05,2.77,0.751,1.4,High Stress
103,2024-01-05 06:00:00,17.57,13.95,6.87,50.75,24.72,985.13,9.8,0.418,5.88,Moderate Stress
104,2024-01-05 07:00:00,25.34,27.4,5.94,88.88,16.19,470.2,8.01,0.428,1.16,Healthy
105,2024-01-05 08:00:00,41.3,29.83,6.24,38.23,35.03,762.43,3.16,0.787,8.01,High Stress
106,2024-01-05 09:00:00,14.97,17.92,7.16,41.6,30.11,378.08,8.51,0.423,3.95,Moderate Stress
107,2024-01-05 10:00:00,21.42,31.43,7.91,62.05,19.96,408.96,7.64,0.622,5.25,Healthy
108,2024-01-05 11:00:00,35.22,32.65,5.63,35.33,27.37,609.52,3.11,0.387,8.19,High Stress
109,2024-01-05 12:00:00,14.15,16.92,7.73,42.74,33.56,455.69,4.38,0.813,1.42,Healthy
110,2024-01-05 13:00:00,8.08,34.59,6.94,91.34,34.26,334.1,2.02,0.283,2.43,Moderate Stress
111,2024-01-05 14:00:00,16.59,13.52,6.91,93.47,27.49,410.3,1.29,0.822,4.58,High Stress
112,2024-01-05 15:00:00,11.45,15.05,6.75,54.46,22.63,228.6,7.28,0.652,3.07,Healthy
113,2024-01-05 16:00:00,42.19,14.61,5.67,90.01,39.34,763.54,2.82,0.34,4.04,Healthy
114,2024-01-05 17:00:00,37.32,32.35,5.72,65.41,31.58,593.69,8.24,0.607,9.98,Healthy
115,2024-01-05 18:00:00,30.34,26.36,7.0,47.53,25.21,275.39,9.96,0.412,8.43,Moderate Stress
116,2024-01-05 19:00:00,39.86,13.8,6.35,75.66,22.01,337.36,0.95,0.443,8.96,Healthy
117,2024-01-05 20:00:00,37.15,21.01,7.79,72.83,33.28,282.03,4.84,0.464,9.43,High Stress
118,2024-01-05 21:00:00,12.46,25.38,6.52,94.29,21.05,690.07,8.06,0.247,4.07,High Stress
119,2024-01-05 22:00:00,40.7,12.09,5.86,47.23,19.29,275.37,7.93,0.939,3.67,Healthy
120,2024-01-05 23:00:00,26.57,32.06,7.29,73.68,28.25,803.43,7.65,0.224,3.11,Moderate Stress
121,2024-01-06 00:00:00,37.3,30.09,6.23,33.38,22.25,216.41,3.62,0.697,8.47,High Stress
122,2024-01-06 01:00:00,40.84,22.63,6.81,37.39,30.72,399.5,4.65,0.478,7.12,High Stress
123,2024-01-06 02:00:00,17.72,34.18,7.24,30.25,17.95,912.53,6.03,0.685,3.13,High Stress
124,2024-01-06 03:00:00,9.4,20.44,7.75,94.96,31.37,774.83,9.74,0.467,4.39,Healthy
125,2024-01-06 04:00:00,14.12,34.6,7.48,82.15,22.08,258.37,3.41,0.705,5.56,High Stress
126,2024-01-06 05:00:00,22.08,26.7,7.19,81.14,15.01,856.9,9.25,0.747,5.75,Healthy
127,2024-01-06 06:00:00,37.72,25.87,7.2,63.13,18.17,594.43,2.84,0.718,9.0,Healthy
128,2024-01-06 07:00:00,39.43,14.15,7.86,49.5,38.34,877.43,9.89,0.285,4.43,Healthy
129,2024-01-06 08:00:00,5.28,32.05,6.24,39.83,36.68,680.59,6.77,0.693,9.18,Healthy
130,2024-01-06 09:00:00,25.43,20.69,5.5,48.5,20.84,745.47,4.74,0.41,4.97,Healthy
131,2024-01-06 10:00:00,21.7,14.06,6.18,54.44,34.46,994.8,6.21,0.222,7.72,High Stress
132,2024-01-06 11:00:00,13.88,10.32,6.04,79.16,30.21,385.87,2.87,0.511,9.37,Healthy
133,2024-01-06 12:00:00,9.79,23.99,7.15,65.08,39.27,699.16,2.89,0.525,9.17,Healthy
134,2024-01-06 13:00:00,18.5,23.18,7.08,35.04,24.34,568.26,1.31,0.55,1.51,Healthy
135,2024-01-06 14:00:00,42.72,27.98,6.98,31.17,32.04,231.56,1.32,0.729,2.85,Healthy
136,2024-01-06 15:00:00,17.93,32.26,5.54,36.65,16.59,211.58,3.61,0.432,5.29,Healthy
137,2024-01-06 16:00:00,25.75,11.99,7.32,56.68,24.91,295.38,7.68,0.436,4.88,Healthy
138,2024-01-06 17:00:00,33.12,28.29,6.31,90.66,39.1,719.27,6.16,0.245,6.77,High Stress
139,2024-01-06 18:00:00,19.55,14.69,7.16,71.43,28.47,653.73,1.21,0.715,9.5,Healthy
140,2024-01-06 19:00:00,43.87,31.45,6.89,82.12,22.2,642.74,8.55,0.626,2.01,Healthy
141,2024-01-06 20:00:00,43.5,30.48,6.36,60.31,18.01,225.49,6.09,0.462,5.07,High Stress
142,2024-01-06 21:00:00,15.07,23.52,5.84,53.51,32.59,575.44,9.62,0.729,2.73,High Stress
143,2024-01-06 22:00:00,24.89,27.76,5.74,37.05,31.12,939.7,6.77,0.603,9.05,Moderate Stress
144,2024-01-06 23:00:00,17.04,17.86,7.58,86.94,24.35,518.07,1.92,0.552,9.68,High Stress
145,2024-01-07 00:00:00,16.39,21.78,7.8,80.91,38.77,699.94,4.84,0.583,5.31,High Stress
146,2024-01-07 01:00:00,6.48,30.54,7.12,40.93,15.56,823.85,6.56,0.677,1.94,Healthy
147,2024-01-07 02:00:00,29.38,21.48,5.76,63.3,22.59,827.14,0.48,0.695,8.07,Moderate Stress
148,2024-01-07 03:00:00,25.11,18.94,6.51,61.68,38.03,615.42,0.35,0.417,7.27,Healthy
149,2024-01-07 04:00:00,7.06,22.36,7.32,70.63,23.02,886.36,1.47,0.306,4.19,Moderate Stress
150,2024-01-07 05:00:00,16.15,30.71,7.45,91.5,21.31,513.1,2.67,0.317,8.99,Healthy
151,2024-01-07 06:00:00,41.33,18.38,5.8,67.69,28.36,910.95,4.41,0.68,9.78,High Stress
152,2024-01-07 07:00:00,14.58,14.34,5.5,65.11,35.6,392.18,4.98,0.855,6.02,High Stress
153,2024-01-07 08:00:00,10.8,27.8,7.28,33.27,17.58,424.17,1.55,0.507,6.09,Moderate Stress
154,2024-01-07 09:00:00,24.58,30.65,6.39,34.09,38.58,242.5,6.8,0.327,3.68,Healthy
155,2024-01-07 10:00:00,44.43,12.52,6.14,42.18,34.88,836.47,6.04,0.767,6.26,Healthy
156,2024-01-07 11:00:00,14.68,16.0,5.53,32.11,19.53,533.64,3.09,0.824,4.96,High Stress
157,2024-01-07 12:00:00,31.89,13.55,6.85,78.32,32.8,383.29,0.33,0.86,3.72,High Stress
158,2024-01-07 13:00:00,35.46,18.7,7.63,77.02,24.62,385.43,0.96,0.655,1.6,Moderate Stress
159,2024-01-07 14:00:00,14.51,21.26,7.89,38.84,25.06,921.12,4.04,0.846,3.27,High Stress
160,2024-01-07 15:00:00,34.13,28.72,6.91,84.35,34.58,867.13,1.71,0.212,2.78,Moderate Stress
161,2024-01-07 16:00:00,19.71,26.28,6.79,40.06,39.07,642.82,3.89,0.28,5.88,Moderate Stress
162,2024-01-07 17:00:00,30.29,25.52,5.71,49.58,18.17,692.89,6.36,0.269,6.42,Moderate Stress
163,2024-01-07 18:00:00,30.34,18.81,6.87,46.18,25.52,579.46,5.56,0.734,6.48,Moderate Stress
164,2024-01-07 19:00:00,26.43,31.04,6.45,54.2,27.02,513.33,2.47,0.252,4.49,High Stress
165,2024-01-07 20:00:00,8.61,21.78,7.02,46.55,24.41,932.38,3.57,0.572,4.79,Moderate Stress
166,2024-01-07 21:00:00,38.41,34.48,6.47,61.78,24.08,300.49,6.22,0.555,8.51,High Stress
167,2024-01-07 22:00:00,17.83,25.85,6.1,56.48,16.31,534.76,8.64,0.433,5.29,Moderate Stress
168,2024-01-07 23:00:00,12.46,13.16,5.74,94.13,32.14,475.65,7.58,0.853,9.89,High Stress
169,2024-01-08 00:00:00,6.63,26.9,6.29,33.64,25.91,598.52,5.62,0.328,4.96,Moderate Stress
170,2024-01-08 01:00:00,28.64,18.13,5.74,39.24,19.87,566.11,3.75,0.464,6.85,High Stress
171,2024-01-08 02:00:00,32.1,27.16,5.94,33.43,35.4,615.11,3.78,0.781,1.45,Healthy
172,2024-01-08 03:00:00,5.66,11.74,7.97,70.68,35.06,311.94,8.82,0.223,6.88,Moderate Stress
173,2024-01-08 04:00:00,25.48,14.37,6.61,33.54,27.16,610.51,0.58,0.705,8.66,Moderate Stress
174,2024-01-08 05:00:00,14.06,31.39,6.83,84.37,22.46,393.94,9.88,0.812,9.48,Healthy
175,2024-01-08 06:00:00,30.81,15.68,7.68,63.28,30.95,347.47,6.71,0.899,9.98,Healthy
176,2024-01-08 07:00:00,11.97,30.93,7.99,64.26,22.2,251.87,6.88,0.857,3.54,Moderate Stress
177,2024-01-08 08:00:00,32.64,16.98,6.96,66.5,20.9,810.12,0.57,0.44,6.18,High Stress
178,2024-01-08 09:00:00,20.47,26.07,7.53,41.1,33.26,541.95,6.13,0.64,5.06,Moderate Stress
179,2024-01-08 10:00:00,42.47,27.35,6.32,42.85,16.01,701.31,4.95,0.258,6.07,High Stress
180,2024-01-08 11:00:00,10.5,22.82,6.26,50.72,17.37,782.07,1.24,0.393,2.42,Healthy
181,2024-01-08 12:00:00,18.64,17.63,6.51,68.58,15.17,743.45,2.92,0.271,8.71,High Stress
182,2024-01-08 13:00:00,9.54,15.32,7.18,43.66,18.82,576.4,8.93,0.436,9.19,Moderate Stress
183,2024-01-08 14:00:00,41.99,10.83,7.21,37.56,16.72,510.32,5.59,0.856,5.05,Healthy
184,2024-01-08 15:00:00,40.09,17.6,6.29,93.06,39.9,500.77,4.25,0.46,3.52,Healthy
185,2024-01-08 16:00:00,15.32,26.33,5.83,31.43,22.22,712.04,0.91,0.621,2.27,Moderate Stress
186,2024-01-08 17:00:00,31.4,33.46,7.08,82.18,18.73,595.84,7.2,0.525,7.15,Moderate Stress
187,2024-01-08 18:00:00,37.69,31.78,5.82,81.22,21.02,879.31,7.09,0.544,3.81,Healthy
188,2024-01-08 19:00:00,27.21,29.15,6.95,49.32,38.4,899.76,6.22,0.927,9.19,High Stress
189,2024-01-08 20:00:00,26.19,29.71,7.23,38.82,28.0,336.45,5.2,0.422,7.04,High Stress
190,2024-01-08 21:00:00,14.67,26.62,7.25,39.47,24.12,308.99,4.45,0.67,6.81,High Stress
191,2024-01-08 22:00:00,8.72,16.51,7.38,75.33,36.83,704.32,6.01,0.515,6.03,Moderate Stress
192,2024-01-08 23:00:00,40.89,32.68,7.68,71.78,24.87,440.98,2.49,0.246,1.41,Healthy
193,2024-01-09 00:00:00,41.02,26.77,6.75,80.88,23.38,214.86,9.42,0.567,9.39,High Stress
194,2024-01-09 01:00:00,30.32,24.01,7.33,90.94,20.18,910.91,5.97,0.81,6.65,Healthy
195,2024-01-09 02:00:00,18.56,12.77,7.05,74.98,24.44,381.52,3.25,0.274,9.95,High Stress
196,2024-01-09 03:00:00,18.97,21.18,5.97,40.13,22.92,943.42,4.61,0.252,5.84,Healthy
197,2024-01-09 04:00:00,34.04,21.51,5.56,45.82,31.93,773.95,8.1,0.315,7.39,Moderate Stress
198,2024-01-09 05:00:00,40.88,31.61,6.21,84.74,22.24,810.12,1.78,0.773,1.51,Moderate Stress
199,2024-01-09 06:00:00,40.48,23.67,6.61,43.6,29.43,361.17,3.07,0.743,6.69,Moderate Stress
200,2024-01-09 07:00:00,36.2,19.51,7.04,34.71,16.65,387.36,6.86,0.624,7.88,High Stress
201,2024-01-09 08:00:00,30.68,34.42,7.62,75.71,19.78,617.01,3.29,0.551,8.01,Moderate Stress
202,2024-01-09 09:00:00,8.37,12.77,5.99,56.16,25.19,337.68,7.97,0.866,7.93,Moderate Stress
203,2024-01-09 10:00:00,11.47,20.56,5.81,89.8,38.42,444.35,1.48,0.775,3.04,Moderate Stress
204,2024-01-09 11:00:00,40.94,11.05,7.91,72.27,24.43,457.17,7.67,0.809,9.78,Healthy
205,2024-01-09 12:00:00,29.26,28.5,5.77,35.88,31.6,327.7,0.87,0.81,9.96,Healthy
206,2024-01-09 13:00:00,5.37,32.95,6.7,91.61,21.38,364.15,0.32,0.682,1.68,Healthy
207,2024-01-09 14:00:00,9.06,17.0,6.96,46.81,18.18,830.84,9.0,0.544,9.43,Healthy
208,2024-01-09 15:00:00,31.54,31.46,6.85,51.92,16.46,333.76,5.9,0.849,3.61,Healthy
209,2024-01-09 16:00:00,5.2,17.31,5.72,56.15,22.64,222.77,3.65,0.895,7.2,Healthy
210,2024-01-09 17:00:00,11.43,32.77,5.64,33.33,18.94,703.48,2.48,0.218,4.04,Healthy
211,2024-01-09 18:00:00,26.95,28.85,5.76,62.27,19.35,980.79,6.25,0.239,9.71,Moderate Stress
212,2024-01-09 19:00:00,32.68,30.12,6.96,38.02,34.02,464.97,5.19,0.919,1.91,Moderate Stress
213,2024-01-09 20:00:00,31.08,10.45,6.86,56.06,15.4,294.92,9.92,0.408,5.48,High Stress
214,2024-01-09 21:00:00,13.97,34.07,6.08,52.8,28.95,656.31,9.84,0.855,4.85,Moderate Stress
215,2024-01-09 22:00:00,33.49,28.17,7.09,80.23,24.49,925.08,6.42,0.492,3.93,Healthy
216,2024-01-09 23:00:00,14.49,17.62,7.55,82.21,27.66,827.25,4.54,0.289,6.81,Healthy
217,2024-01-10 00:00:00,18.02,30.73,5.6,39.97,29.07,698.01,5.01,0.26,2.18,High Stress
218,2024-01-10 01:00:00,34.86,17.04,6.75,53.83,22.83,452.05,6.89,0.317,7.45,Moderate Stress
219,2024-01-10 02:00:00,30.99,31.82,7.22,54.27,22.38,633.5,1.2,0.387,9.83,Moderate Stress
220,2024-01-10 03:00:00,38.97,12.81,6.13,39.84,33.34,273.0,3.42,0.566,8.24,High Stress
221,2024-01-10 04:00:00,31.3,27.59,6.27,81.9,36.78,743.16,0.94,0.726,8.74,Healthy
222,2024-01-10 05:00:00,27.73,23.52,7.03,75.97,19.81,780.08,0.92,0.94,4.24,Healthy
223,2024-01-10 06:00:00,8.75,12.41,7.74,42.37,17.44,972.03,2.12,0.531,3.92,Healthy
224,2024-01-10 07:00:00,19.71,16.05,7.52,53.84,37.44,408.32,4.96,0.589,5.65,Healthy
225,2024-01-10 08:00:00,15.61,10.31,6.96,36.88,23.75,214.77,7.89,0.591,1.41,High Stress
226,2024-01-10 09:00:00,14.76,21.72,7.33,70.83,28.78,636.49,4.96,0.605,9.51,Moderate Stress
227,2024-01-10 10:00:00,43.92,17.53,6.41,37.89,23.99,765.43,3.49,0.588,2.29,Healthy
228,2024-01-10 11:00:00,20.72,24.96,7.1,94.09,18.15,832.33,1.01,0.207,9.13,Moderate Stress
229,2024-01-10 12:00:00,40.68,17.43,6.67,80.74,29.73,354.99,5.59,0.201,1.75,Moderate Stress
230,2024-01-10 13:00:00,30.25,17.5,5.97,55.37,28.13,409.4,2.86,0.273,8.4,Healthy
231,2024-01-10 14:00:00,36.79,28.58,7.25,67.61,20.07,610.07,6.23,0.276,2.37,Healthy
232,2024-01-10 15:00:00,25.11,11.2,6.89,89.24,26.3,464.48,9.78,0.729,1.34,Healthy
233,2024-01-10 16:00:00,28.08,32.57,6.4,66.02,34.92,888.41,1.29,0.354,7.48,Moderate Stress
234,2024-01-10 17:00:00,24.7,31.31,7.78,41.34,29.76,579.01,2.28,0.871,3.52,High Stress
235,2024-01-10 18:00:00,12.81,26.7,5.55,54.62,17.42,839.66,4.84,0.896,7.43,Healthy
236,2024-01-10 19:00:00,33.9,24.83,6.29,84.8,28.7,664.5,9.69,0.932,6.0,Moderate Stress
237,2024-01-10 20:00:00,16.23,32.31,5.64,71.87,32.57,818.47,7.76,0.904,1.98,Moderate Stress
238,2024-01-10 21:00:00,5.97,14.63,7.42,72.3,34.82,466.14,9.0,0.404,9.39,Healthy
239,2024-01-10 22:00:00,30.82,11.97,7.26,86.34,30.73,865.13,3.47,0.582,5.07,High Stress
240,2024-01-10 23:00:00,12.08,15.99,6.33,88.11,18.82,419.66,9.92,0.332,7.61,Healthy
241,2024-01-11 00:00:00,42.62,29.86,7.19,89.79,32.75,636.88,1.21,0.805,5.51,Healthy
242,2024-01-11 01:00:00,43.16,10.87,6.49,36.17,31.93,371.21,0.72,0.866,6.44,High Stress
243,2024-01-11 02:00:00,41.59,24.57,7.39,65.37,15.61,580.42,8.58,0.838,3.72,Healthy
244,2024-01-11 03:00:00,19.81,34.89,6.64,78.13,25.29,454.54,9.29,0.525,2.8,Healthy
245,2024-01-11 04:00:00,5.62,31.39,6.53,79.2,23.32,413.36,1.09,0.769,5.88,High Stress
246,2024-01-11 05:00:00,42.13,23.04,7.84,69.44,31.74,973.59,1.31,0.273,4.96,Moderate Stress
247,2024-01-11 06:00:00,22.13,11.59,6.13,40.84,20.4,328.06,0.53,0.23,4.51,Moderate Stress
248,2024-01-11 07:00:00,43.67,30.78,5.8,81.83,29.77,829.86,1.22,0.765,7.05,Moderate Stress
249,2024-01-11 08:00:00,43.54,24.97,6.96,76.81,37.83,987.33,2.25,0.519,7.21,Moderate Stress
250,2024-01-11 09:00:00,39.12,12.87,7.92,35.6,34.95,215.92,9.71,0.947,1.41,Moderate Stress
251,2024-01-11 10:00:00,16.78,12.35,6.44,60.15,38.04,759.22,6.75,0.273,4.05,Healthy
252,2024-01-11 11:00:00,20.4,32.74,5.66,41.31,39.46,402.33,7.83,0.842,4.71,High Stress
253,2024-01-11 12:00:00,39.05,26.73,6.35,51.94,15.27,232.39,7.81,0.56,1.87,Moderate Stress
254,2024-01-11 13:00:00,17.68,30.73,6.76,31.18,30.57,522.31,5.44,0.82,3.12,High Stress
255,2024-01-11 14:00:00,11.78,31.97,5.9,56.02,25.32,948.17,8.02,0.813,1.46,Moderate Stress
256,2024-01-11 15:00:00,27.27,24.29,7.15,65.74,36.5,209.41,6.04,0.887,9.97,Healthy
257,2024-01-11 16:00:00,42.45,22.94,7.99,70.27,21.3,670.31,3.28,0.423,7.63,Moderate Stress
258,2024-01-11 17:00:00,32.84,20.76,6.63,73.13,39.53,601.12,5.7,0.912,1.79,Moderate Stress
259,2024-01-11 18:00:00,27.8,17.92,6.39,84.36,30.34,898.71,5.43,0.314,1.18,High Stress
260,2024-01-11 19:00:00,8.89,20.86,6.5,44.01,34.84,267.2,8.27,0.261,7.47,High Stress
261,2024-01-11 20:00:00,29.6,29.35,5.79,37.83,17.14,745.22,9.82,0.524,4.95,Healthy
262,2024-01-11 21:00:00,44.6,25.05,7.71,85.35,19.59,744.09,4.23,0.821,8.08,High Stress
263,2024-01-11 22:00:00,10.6,32.31,6.54,40.18,33.96,735.26,7.68,0.555,9.31,High Stress
264,2024-01-11 23:00:00,25.73,21.08,6.47,93.36,15.55,953.87,1.18,0.822,6.39,High Stress
265,2024-01-12 00:00:00,40.09,25.18,7.15,84.76,35.42,858.47,7.81,0.747,2.68,Healthy
266,2024-01-12 01:00:00,34.63,25.78,6.61,62.56,15.35,233.58,3.84,0.357,8.04,Healthy
267,2024-01-12 02:00:00,32.88,24.79,7.12,93.79,31.43,576.87,0.59,0.912,9.6,Healthy
268,2024-01-12 03:00:00,33.1,27.57,5.65,36.33,24.13,518.36,3.76,0.246,6.22,High Stress
269,2024-01-12 04:00:00,19.38,15.94,7.53,49.7,30.29,448.12,6.18,0.874,7.14,High Stress
270,2024-01-12 05:00:00,16.74,22.81,7.85,71.48,32.4,561.07,1.37,0.428,4.04,Healthy
271,2024-01-12 06:00:00,37.37,12.61,7.12,52.75,23.56,507.36,9.26,0.575,4.43,High Stress
272,2024-01-12 07:00:00,37.4,19.61,7.89,90.34,17.7,545.87,0.96,0.517,7.61,High Stress
273,2024-01-12 08:00:00,39.68,22.19,5.88,34.27,16.74,983.41,9.31,0.329,9.35,Moderate Stress
274,2024-01-12 09:00:00,41.53,26.31,6.69,65.71,29.72,270.91,7.13,0.469,6.66,Healthy
275,2024-01-12 10:00:00,25.45,33.76,7.0,68.41,28.02,937.78,3.43,0.345,8.11,Healthy
276,2024-01-12 11:00:00,25.06,25.02,6.95,72.43,33.56,584.19,4.03,0.353,2.54,High Stress
277,2024-01-12 12:00:00,36.93,28.59,6.5,46.62,27.74,698.99,7.46,0.34,2.91,High Stress
278,2024-01-12 13:00:00,31.0,22.66,6.35,53.7,25.56,864.15,6.09,0.567,5.79,Moderate Stress
279,2024-01-12 14:00:00,33.08,25.85,5.82,84.84,24.95,488.37,6.78,0.798,2.59,Healthy
280,2024-01-12 15:00:00,36.83,11.77,6.48,42.67,15.66,544.34,4.01,0.627,6.71,Healthy
281,2024-01-12 16:00:00,40.6,16.36,5.91,83.75,23.39,527.61,4.98,0.87,3.62,High Stress
282,2024-01-12 17:00:00,18.52,19.05,7.34,66.57,39.4,499.78,9.9,0.677,8.12,Healthy
283,2024-01-12 18:00:00,20.02,21.81,6.02,79.54,36.84,940.42,2.3,0.717,8.27,High Stress
284,2024-01-12 19:00:00,8.76,11.14,5.65,76.38,23.23,863.14,4.29,0.701,5.17,Moderate Stress
285,2024-01-12 20:00:00,28.13,13.5,6.88,43.49,29.69,287.2,3.06,0.537,2.63,High Stress
286,2024-01-12 21:00:00,6.44,16.92,6.99,66.97,36.18,286.5,7.7,0.717,6.82,Moderate Stress
287,2024-01-12 22:00:00,23.62,34.29,7.68,86.4,26.03,542.3,7.69,0.252,9.94,High Stress
288,2024-01-12 23:00:00,26.71,18.28,6.94,58.09,15.45,278.93,3.07,0.845,6.6,Moderate Stress
289,2024-01-13 00:00:00,16.46,22.05,6.36,92.83,16.86,695.27,1.0,0.783,1.32,Moderate Stress
290,2024-01-13 01:00:00,28.63,14.9,7.51,59.39,27.76,314.95,0.31,0.384,1.16,Healthy
291,2024-01-13 02:00:00,6.22,25.27,6.85,39.28,39.24,617.9,4.39,0.776,3.88,High Stress
292,2024-01-13 03:00:00,6.49,17.02,5.7,55.31,32.33,205.78,4.22,0.209,2.76,Healthy
293,2024-01-13 04:00:00,37.9,15.17,6.91,91.86,16.77,453.28,9.89,0.363,8.32,Healthy
294,2024-01-13 05:00:00,19.41,22.91,7.77,50.78,19.73,741.75,4.8,0.249,8.6,High Stress
295,2024-01-13 06:00:00,10.08,10.14,6.49,86.43,34.28,587.23,2.71,0.785,3.33,Healthy
296,2024-01-13 07:00:00,25.89,10.19,6.24,87.28,36.04,982.62,8.93,0.767,3.93,Healthy
297,2024-01-13 08:00:00,35.8,15.48,5.86,52.76,30.44,899.28,5.01,0.81,3.13,Healthy
298,2024-01-13 09:00:00,13.63,10.92,5.88,35.41,31.11,487.26,6.07,0.203,9.18,High Stress
299,2024-01-13 10:00:00,29.92,12.7,6.58,77.1,15.71,236.39,1.14,0.576,5.52,Healthy
300,2024-01-13 11:00:00,8.41,18.47,6.99,50.25,35.71,876.5,3.95,0.729,6.91,Healthy
301,2024-01-13 12:00:00,7.07,30.06,5.7,80.89,34.71,928.99,9.45,0.317,4.74,Healthy
302,2024-01-13 13:00:00,26.25,24.3,7.85,58.77,21.48,856.5,5.98,0.687,6.68,High Stress
303,2024-01-13 14:00:00,26.63,22.82,7.39,61.54,32.72,302.36,3.58,0.263,4.47,Moderate Stress
304,2024-01-13 15:00:00,30.5,17.34,6.97,80.56,20.37,998.33,6.33,0.336,4.06,Moderate Stress
305,2024-01-13 16:00:00,34.04,33.29,7.57,54.85,16.01,406.87,9.12,0.557,6.71,Moderate Stress
306,2024-01-13 17:00:00,44.03,19.93,5.7,58.8,20.03,779.36,2.89,0.69,6.32,Moderate Stress
307,2024-01-13 18:00:00,25.65,12.18,6.69,54.45,19.47,926.43,5.15,0.309,3.64,Healthy
308,2024-01-13 19:00:00,17.92,25.43,7.08,53.88,23.44,388.55,9.6,0.339,2.34,High Stress
309,2024-01-13 20:00:00,36.81,12.85,7.57,64.19,25.46,926.61,1.89,0.353,4.32,Healthy
310,2024-01-13 21:00:00,15.83,18.63,7.46,82.57,27.71,447.59,7.25,0.379,4.74,High Stress
311,2024-01-13 22:00:00,22.56,22.69,6.19,53.51,26.92,981.13,6.22,0.37,6.66,Healthy
312,2024-01-13 23:00:00,8.14,31.86,7.85,64.08,21.77,425.01,6.86,0.496,9.23,Moderate Stress
313,2024-01-14 00:00:00,6.01,22.34,5.81,73.6,15.73,962.75,3.64,0.69,1.33,Moderate Stress
314,2024-01-14 01:00:00,43.51,27.56,7.69,47.51,30.13,242.84,3.28,0.529,3.19,High Stress
315,2024-01-14 02:00:00,38.44,34.82,7.93,48.04,24.89,767.42,6.91,0.782,2.74,Healthy
316,2024-01-14 03:00:00,32.84,13.29,5.94,90.67,22.47,625.69,2.31,0.739,5.52,Moderate Stress
317,2024-01-14 04:00:00,21.36,16.87,7.31,77.03,36.67,582.3,4.31,0.295,4.87,High Stress
318,2024-01-14 05:00:00,11.93,19.86,5.6,67.52,33.67,378.8,2.04,0.237,7.56,Healthy
319,2024-01-14 06:00:00,11.26,20.55,6.51,72.1,36.44,764.48,0.28,0.858,3.18,High Stress
320,2024-01-14 07:00:00,15.01,20.28,6.79,31.9,27.37,352.65,9.71,0.26,6.35,Healthy
321,2024-01-14 08:00:00,26.97,32.69,6.95,70.18,18.27,642.27,4.43,0.311,8.95,Healthy
322,2024-01-14 09:00:00,33.58,27.85,7.84,63.12,32.41,402.6,9.7,0.217,9.2,Healthy
323,2024-01-14 10:00:00,31.41,25.2,7.18,65.47,20.15,964.5,1.58,0.671,9.63,High Stress
324,2024-01-14 11:00:00,16.2,17.73,6.7,53.36,26.03,222.9,5.96,0.637,7.96,High Stress
325,2024-01-14 12:00:00,43.19,30.59,7.52,35.3,16.63,359.78,2.17,0.94,9.15,Healthy
326,2024-01-14 13:00:00,34.52,33.88,7.88,42.57,35.63,393.85,7.94,0.865,3.11,Moderate Stress
327,2024-01-14 14:00:00,27.17,30.53,5.56,91.8,18.15,531.25,7.88,0.508,2.78,Healthy
328,2024-01-14 15:00:00,29.47,10.04,7.96,56.57,37.58,386.18,1.3,0.479,1.06,High Stress
329,2024-01-14 16:00:00,21.78,25.91,5.72,60.33,36.61,593.08,9.14,0.423,7.36,Healthy
330,2024-01-14 17:00:00,14.91,11.28,7.54,33.43,26.61,897.97,2.11,0.314,9.44,High Stress
331,2024-01-14 18:00:00,19.24,16.44,6.2,32.44,33.61,769.65,6.21,0.304,2.68,Healthy
332,2024-01-14 19:00:00,35.31,11.49,5.83,76.62,30.49,663.97,9.86,0.299,6.73,Healthy
333,2024-01-14 20:00:00,5.58,25.09,6.6,64.98,35.08,271.2,8.85,0.286,7.72,Moderate Stress
334,2024-01-14 21:00:00,9.64,27.16,7.11,63.07,25.8,755.19,9.57,0.38,9.35,Moderate Stress
335,2024-01-14 22:00:00,6.84,12.86,6.45,45.8,34.65,333.13,3.56,0.43,6.82,High Stress
336,2024-01-14 23:00:00,6.63,19.6,5.64,78.41,26.56,829.09,1.23,0.921,9.73,Healthy
337,2024-01-15 00:00:00,39.22,21.41,7.0,40.94,38.52,400.05,2.05,0.634,4.1,High Stress
338,2024-01-15 01:00:00,33.15,19.23,7.76,42.35,27.16,533.64,5.1,0.941,4.15,Healthy
339,2024-01-15 02:00:00,23.97,13.03,6.46,59.95,26.57,480.38,7.97,0.479,5.89,Healthy
340,2024-01-15 03:00:00,8.91,20.47,6.04,48.61,34.63,887.05,1.67,0.543,4.45,Healthy
341,2024-01-15 04:00:00,24.66,28.78,6.61,46.09,35.54,301.24,6.67,0.443,1.01,Moderate Stress
342,2024-01-15 05:00:00,23.94,11.78,5.62,71.94,28.86,652.52,3.37,0.337,7.59,High Stress
343,2024-01-15 06:00:00,11.93,12.0,7.55,72.31,19.49,313.65,3.54,0.307,7.77,Healthy
344,2024-01-15 07:00:00,22.35,18.87,7.57,83.59,26.69,763.84,6.69,0.909,7.72,Healthy
345,2024-01-15 08:00:00,20.94,33.54,6.97,57.15,39.2,924.06,4.78,0.94,4.11,High Stress
346,2024-01-15 09:00:00,29.63,26.71,6.38,34.75,33.82,547.69,8.16,0.234,5.7,High Stress
347,2024-01-15 10:00:00,30.4,26.97,7.5,47.79,35.28,590.47,1.73,0.313,4.24,Healthy
348,2024-01-15 11:00:00,6.81,19.05,6.89,93.7,15.82,941.94,7.94,0.518,1.14,Moderate Stress
349,2024-01-15 12:00:00,19.98,24.84,7.56,68.76,26.7,616.79,0.83,0.34,6.06,Moderate Stress
350,2024-01-15 13:00:00,30.03,10.25,7.08,76.13,31.17,590.08,2.1,0.473,2.11,Healthy
351,2024-01-15 14:00:00,25.13,25.9,7.46,30.48,35.75,662.66,6.63,0.297,1.72,Moderate Stress
352,2024-01-15 15:00:00,39.26,32.83,7.0,63.68,16.23,751.38,8.58,0.542,7.8,High Stress
353,2024-01-15 16:00:00,31.35,25.31,6.54,32.44,36.31,285.51,2.68,0.404,1.09,Moderate Stress
354,2024-01-15 17:00:00,11.52,31.84,7.89,67.0,28.71,856.89,3.41,0.464,9.63,High Stress
355,2024-01-15 18:00:00,7.82,28.1,6.85,89.85,19.93,548.4,5.46,0.271,5.64,High Stress
356,2024-01-15 19:00:00,30.7,13.01,7.01,92.95,22.93,257.88,2.27,0.521,9.85,High Stress
357,2024-01-15 20:00:00,6.06,32.56,6.05,65.14,22.05,828.95,8.15,0.937,1.52,High Stress
358,2024-01-15 21:00:00,28.43,11.66,7.06,59.78,28.27,501.56,7.78,0.447,6.25,Moderate Stress
359,2024-01-15 22:00:00,42.61,23.35,6.93,91.43,16.29,280.29,1.62,0.857,4.14,High Stress
360,2024-01-15 23:00:00,28.02,13.55,5.96,73.78,18.96,707.02,4.75,0.832,8.59,Healthy
361,2024-01-16 00:00:00,20.53,10.29,5.65,34.22,35.32,904.11,7.79,0.914,4.25,High Stress
362,2024-01-16 01:00:00,30.73,20.55,7.01,60.27,18.32,910.2,3.51,0.793,3.34,Healthy
363,2024-01-16 02:00:00,23.33,17.38,7.41,45.62,20.83,966.13,6.4,0.695,8.72,High Stress
364,2024-01-16 03:00:00,26.82,22.15,6.81,60.54,26.33,894.16,0.69,0.842,4.37,High Stress
365,2024-01-16 04:00:00,42.66,24.43,6.07,59.61,27.93,201.71,6.17,0.257,1.15,Moderate Stress
366,2024-01-16 05:00:00,20.44,11.09,7.17,67.84,34.09,504.19,1.7,0.547,4.51,High Stress
367,2024-01-16 06:00:00,43.45,13.08,5.7,53.19,26.18,854.83,8.34,0.942,6.89,High Stress
368,2024-01-16 07:00:00,41.21,23.97,6.6,40.68,34.75,493.0,3.68,0.777,3.29,Moderate Stress
369,2024-01-16 08:00:00,12.83,18.58,5.91,62.74,30.46,681.24,2.96,0.922,4.89,Moderate Stress
370,2024-01-16 09:00:00,7.77,28.23,5.96,83.96,17.83,685.05,8.44,0.785,1.51,Healthy
371,2024-01-16 10:00:00,9.03,26.31,6.01,73.16,18.91,492.02,0.69,0.856,6.29,Moderate Stress
372,2024-01-16 11:00:00,5.73,31.14,6.47,51.99,25.93,923.58,4.09,0.73,7.81,Healthy
373,2024-01-16 12:00:00,8.78,27.31,5.63,90.81,24.92,602.58,3.83,0.77,4.72,High Stress
374,2024-01-16 13:00:00,32.32,20.75,6.49,89.29,33.59,571.83,2.99,0.592,4.78,Healthy
375,2024-01-16 14:00:00,7.85,26.82,6.78,43.61,29.52,998.01,9.14,0.893,1.79,Moderate Stress
376,2024-01-16 15:00:00,17.76,16.88,6.71,32.56,24.7,594.8,7.56,0.819,2.82,High Stress
377,2024-01-16 16:00:00,38.8,17.66,6.46,78.19,19.27,342.72,0.83,0.833,2.39,Healthy
378,2024-01-16 17:00:00,5.93,29.72,7.6,83.79,20.67,610.46,7.2,0.705,5.34,Healthy
379,2024-01-16 18:00:00,37.58,21.16,5.86,92.91,29.39,851.21,5.37,0.428,5.76,Healthy
380,2024-01-16 19:00:00,16.27,29.96,6.76,87.84,25.59,821.49,9.03,0.227,9.54,High Stress
381,2024-01-16 20:00:00,9.73,30.56,5.66,69.03,27.87,830.87,3.27,0.902,1.66,Healthy
382,2024-01-16 21:00:00,32.87,31.44,5.68,64.45,19.27,766.42,5.83,0.64,6.4,Healthy
383,2024-01-16 22:00:00,30.16,32.92,6.93,31.81,31.57,403.37,5.11,0.424,5.74,Moderate Stress
384,2024-01-16 23:00:00,40.1,20.77,6.92,46.03,36.31,889.67,5.0,0.312,5.65,Healthy
385,2024-01-17 00:00:00,34.4,17.97,7.7,59.87,21.45,914.75,4.67,0.822,8.86,High Stress
386,2024-01-17 01:00:00,37.14,24.55,6.89,70.85,27.29,355.32,2.22,0.827,2.85,Moderate Stress
387,2024-01-17 02:00:00,16.28,19.28,7.9,66.22,39.39,304.36,7.61,0.811,1.37,High Stress
388,2024-01-17 03:00:00,12.1,25.03,5.62,78.27,23.33,980.48,4.62,0.684,7.05,Moderate Stress
389,2024-01-17 04:00:00,35.02,27.64,5.75,48.18,29.88,894.66,9.59,0.475,4.11,Moderate Stress
390,2024-01-17 05:00:00,37.27,27.21,5.61,66.72,17.25,914.59,2.76,0.428,1.16,Healthy
391,2024-01-17 06:00:00,44.62,19.36,5.96,35.73,30.15,909.1,6.89,0.206,3.26,High Stress
392,2024-01-17 07:00:00,21.5,14.17,6.85,56.89,17.24,633.35,9.42,0.825,3.78,Healthy
393,2024-01-17 08:00:00,19.88,20.76,7.11,78.76,38.98,717.12,6.7,0.266,6.55,Moderate Stress
394,2024-01-17 09:00:00,36.06,13.56,5.61,75.07,32.89,636.29,8.74,0.673,2.55,Healthy
395,2024-01-17 10:00:00,18.63,32.25,7.86,94.39,34.7,240.97,8.31,0.578,4.72,Moderate Stress
396,2024-01-17 11:00:00,42.23,18.65,7.61,48.06,32.6,796.4,3.73,0.595,5.34,Moderate Stress
397,2024-01-17 12:00:00,39.34,13.86,6.24,62.38,29.74,604.27,6.08,0.895,5.13,High Stress
398,2024-01-17 13:00:00,22.16,10.64,5.69,51.42,26.25,718.17,1.73,0.224,9.77,High Stress
399,2024-01-17 14:00:00,35.03,26.15,5.92,58.64,36.46,602.11,5.45,0.78,1.41,High Stress
400,2024-01-17 15:00:00,35.18,25.92,5.82,85.7,38.92,593.45,2.46,0.239,9.56,High Stress
401,2024-01-17 16:00:00,9.12,18.52,5.81,74.47,27.48,337.43,7.49,0.229,6.24,Healthy
402,2024-01-17 17:00:00,41.1,11.79,6.8,87.36,38.29,422.97,5.37,0.522,8.16,High Stress
403,2024-01-17 18:00:00,25.21,20.24,6.11,43.23,29.58,327.08,4.23,0.247,4.87,High Stress
404,2024-01-17 19:00:00,38.06,17.78,6.4,86.77,28.46,356.53,2.83,0.792,5.08,High Stress
405,2024-01-17 20:00:00,17.8,26.93,7.97,33.88,26.36,978.38,9.99,0.597,8.91,Moderate Stress
406,2024-01-17 21:00:00,40.82,25.14,7.21,87.76,20.23,322.49,0.9,0.222,9.06,Moderate Stress
407,2024-01-17 22:00:00,20.57,19.11,7.87,51.39,15.09,415.42,0.63,0.23,3.15,High Stress
408,2024-01-17 23:00:00,5.43,15.45,5.86,50.45,21.04,672.47,2.33,0.66,2.79,Moderate Stress
409,2024-01-18 00:00:00,41.22,34.7,6.46,63.29,27.74,688.14,9.72,0.805,5.47,Moderate Stress
410,2024-01-18 01:00:00,8.65,21.35,6.89,91.14,24.5,323.18,9.8,0.528,9.1,Healthy
411,2024-01-18 02:00:00,17.77,27.21,5.69,33.11,26.21,834.97,6.62,0.616,3.9,Moderate Stress
412,2024-01-18 03:00:00,43.0,13.51,5.51,52.9,39.52,828.16,8.83,0.8,6.87,Healthy
413,2024-01-18 04:00:00,43.02,22.14,7.18,85.68,23.76,389.85,2.3,0.658,7.37,Moderate Stress
414,2024-01-18 05:00:00,27.94,10.69,7.1,55.74,26.3,430.93,9.73,0.369,8.01,High Stress
415,2024-01-18 06:00:00,30.27,22.64,6.53,42.95,18.34,950.39,1.6,0.66,6.08,Moderate Stress
416,2024-01-18 07:00:00,22.94,34.1,6.72,57.61,16.2,860.54,1.19,0.671,4.62,Moderate Stress
417,2024-01-18 08:00:00,16.73,19.61,6.54,55.06,34.39,758.24,1.3,0.751,9.7,Healthy
418,2024-01-18 09:00:00,18.15,10.97,5.56,89.5,29.27,265.79,5.82,0.666,6.5,High Stress
419,2024-01-18 10:00:00,31.9,10.77,6.34,79.53,34.02,534.61,7.85,0.927,7.56,Healthy
420,2024-01-18 11:00:00,35.09,19.7,5.94,62.83,18.75,647.44,3.79,0.348,4.1,High Stress
421,2024-01-18 12:00:00,36.66,14.0,5.75,94.24,29.3,349.93,9.78,0.913,7.03,High Stress
422,2024-01-18 13:00:00,36.58,10.58,7.89,60.24,21.34,558.58,4.46,0.604,3.32,Healthy
423,2024-01-18 14:00:00,8.65,28.91,7.0,33.79,20.7,680.82,1.67,0.704,3.21,Moderate Stress
424,2024-01-18 15:00:00,24.78,21.46,7.32,47.05,15.29,461.9,4.77,0.275,7.43,High Stress
425,2024-01-18 16:00:00,7.3,17.23,6.29,58.34,18.26,824.76,6.85,0.485,5.69,Moderate Stress
426,2024-01-18 17:00:00,26.98,32.5,6.48,40.2,22.73,872.36,8.36,0.777,7.15,Healthy
427,2024-01-18 18:00:00,22.66,12.9,6.09,91.59,17.92,458.89,4.7,0.73,3.42,Healthy
428,2024-01-18 19:00:00,40.51,33.9,5.74,79.85,39.65,870.93,6.02,0.23,6.39,Healthy
429,2024-01-18 20:00:00,19.04,17.85,5.95,47.44,22.72,282.86,2.82,0.61,5.0,Healthy
430,2024-01-18 21:00:00,9.68,32.21,7.49,68.4,18.26,870.18,6.53,0.266,6.37,High Stress
431,2024-01-18 22:00:00,10.72,25.07,7.19,76.89,19.98,322.2,9.86,0.947,3.62,Healthy
432,2024-01-18 23:00:00,35.46,30.67,6.87,91.18,29.69,266.34,0.68,0.873,7.44,Moderate Stress
433,2024-01-19 00:00:00,29.73,34.6,6.69,87.31,16.6,713.42,8.89,0.216,8.25,Moderate Stress
434,2024-01-19 01:00:00,9.04,17.21,7.81,63.49,36.56,577.55,5.71,0.844,3.34,High Stress
435,2024-01-19 02:00:00,8.36,34.03,5.68,80.35,39.04,926.31,2.67,0.89,3.71,Healthy
436,2024-01-19 03:00:00,33.04,19.74,6.2,66.54,21.17,490.55,9.56,0.465,6.95,High Stress
437,2024-01-19 04:00:00,7.91,19.64,6.37,65.93,26.25,429.72,4.94,0.74,7.26,High Stress
438,2024-01-19 05:00:00,37.87,18.51,7.46,37.46,15.55,600.59,3.45,0.532,7.34,High Stress
439,2024-01-19 06:00:00,33.25,23.54,7.98,38.2,31.02,564.76,1.98,0.691,7.14,Healthy
440,2024-01-19 07:00:00,8.25,13.85,6.1,64.42,25.35,475.54,2.6,0.455,4.54,Moderate Stress
441,2024-01-19 08:00:00,8.39,23.84,7.69,47.48,21.75,754.99,8.36,0.442,4.55,Moderate Stress
442,2024-01-19 09:00:00,44.47,23.54,7.58,31.37,20.17,807.65,6.22,0.518,3.29,High Stress
443,2024-01-19 10:00:00,19.97,29.05,6.06,76.98,31.35,882.39,9.15,0.309,2.41,High Stress
444,2024-01-19 11:00:00,19.83,30.84,6.5,32.11,25.41,978.29,2.47,0.823,7.23,Moderate Stress
445,2024-01-19 12:00:00,37.51,21.01,6.52,68.69,19.49,413.32,1.39,0.462,1.84,Moderate Stress
446,2024-01-19 13:00:00,42.89,17.56,7.95,65.05,32.23,772.87,0.26,0.5,9.44,Healthy
447,2024-01-19 14:00:00,44.44,16.48,5.95,92.97,29.13,515.41,5.18,0.871,8.44,High Stress
448,2024-01-19 15:00:00,35.14,14.87,7.5,61.47,36.47,741.67,9.98,0.572,8.72,Healthy
449,2024-01-19 16:00:00,20.05,11.44,6.34,34.13,17.94,580.79,7.01,0.608,9.16,Moderate Stress
450,2024-01-19 17:00:00,8.34,18.56,7.33,65.86,34.64,995.02,3.22,0.917,4.68,Moderate Stress
451,2024-01-19 18:00:00,36.09,16.76,6.55,84.67,31.84,783.12,8.79,0.865,8.62,Moderate Stress
452,2024-01-19 19:00:00,27.34,34.16,6.95,94.8,17.88,961.99,7.86,0.327,2.42,Moderate Stress
453,2024-01-19 20:00:00,21.97,23.94,7.58,57.97,32.37,867.98,0.35,0.555,1.19,Healthy
454,2024-01-19 21:00:00,41.25,18.68,7.51,50.82,26.04,922.32,8.21,0.928,8.06,Moderate Stress
455,2024-01-19 22:00:00,9.45,24.51,7.67,88.93,38.62,851.54,3.15,0.479,1.67,High Stress
456,2024-01-19 23:00:00,24.71,13.48,5.65,42.43,18.54,567.33,1.67,0.479,9.9,Moderate Stress
457,2024-01-20 00:00:00,5.45,21.1,7.23,70.0,31.07,401.43,2.42,0.346,7.07,High Stress
458,2024-01-20 01:00:00,23.75,25.66,5.85,56.37,24.55,496.26,4.79,0.286,7.78,Moderate Stress
459,2024-01-20 02:00:00,7.25,22.22,6.54,32.67,38.92,216.19,4.36,0.755,3.21,Healthy
460,2024-01-20 03:00:00,9.75,20.04,6.87,52.57,23.25,619.19,3.03,0.778,7.06,High Stress
461,2024-01-20 04:00:00,9.7,34.85,6.51,47.24,39.05,604.05,1.89,0.927,1.39,Healthy
462,2024-01-20 05:00:00,30.97,32.01,6.8,74.6,37.54,620.2,7.67,0.78,8.54,Moderate Stress
463,2024-01-20 06:00:00,34.84,25.59,7.99,91.67,21.76,979.22,9.9,0.383,2.53,Healthy
464,2024-01-20 07:00:00,28.33,24.23,5.84,47.42,35.09,929.16,7.82,0.23,7.28,Moderate Stress
465,2024-01-20 08:00:00,43.49,25.52,7.19,82.75,39.89,329.37,3.1,0.939,3.02,Healthy
466,2024-01-20 09:00:00,19.99,15.03,6.49,33.6,21.32,495.11,2.6,0.455,1.62,Healthy
467,2024-01-20 10:00:00,16.43,19.88,5.83,64.98,25.92,539.16,2.33,0.434,5.33,High Stress
468,2024-01-20 11:00:00,39.74,10.99,5.9,34.59,28.0,488.43,1.54,0.879,2.52,Moderate Stress
469,2024-01-20 12:00:00,13.94,21.89,7.87,90.71,22.37,838.8,5.6,0.639,7.56,Healthy
470,2024-01-20 13:00:00,43.53,23.58,7.7,79.81,15.38,619.23,6.13,0.361,3.14,Moderate Stress
471,2024-01-20 14:00:00,5.49,15.69,7.77,72.77,20.5,657.68,7.11,0.867,4.08,High Stress
472,2024-01-20 15:00:00,43.8,34.1,7.98,83.55,22.05,882.41,6.87,0.945,6.11,Healthy
473,2024-01-20 16:00:00,6.73,32.74,6.02,72.09,26.09,844.74,3.06,0.265,3.56,Moderate Stress
474,2024-01-20 17:00:00,40.65,28.05,6.39,92.98,19.28,305.77,3.44,0.847,4.4,Healthy
475,2024-01-20 18:00:00,26.11,23.33,7.17,76.41,36.83,771.13,6.88,0.493,8.34,Healthy
476,2024-01-20 19:00:00,44.72,31.75,6.71,90.1,32.62,548.35,3.62,0.593,2.61,Healthy
477,2024-01-20 20:00:00,7.95,13.27,6.55,63.61,17.13,435.72,2.28,0.886,1.74,Healthy
478,2024-01-20 21:00:00,27.15,29.76,6.39,37.61,31.25,240.02,3.87,0.93,3.96,High Stress
479,2024-01-20 22:00:00,43.77,13.12,6.98,64.33,31.34,589.8,2.87,0.397,4.82,High Stress
480,2024-01-20 23:00:00,25.92,29.86,6.94,38.25,38.91,484.35,1.07,0.36,5.88,Moderate Stress
481,2024-01-21 00:00:00,30.18,16.89,5.9,68.51,15.08,401.21,8.34,0.26,4.35,Moderate Stress
482,2024-01-21 01:00:00,32.83,31.93,6.68,61.36,21.2,755.74,8.56,0.621,8.11,Healthy
483,2024-01-21 02:00:00,23.18,33.6,6.88,70.47,38.19,815.59,2.35,0.21,1.35,Healthy
484,2024-01-21 03:00:00,30.1,13.72,6.93,30.65,38.3,395.83,0.83,0.509,4.89,Healthy
485,2024-01-21 04:00:00,28.37,21.57,6.03,42.66,33.01,239.56,7.44,0.255,4.44,High Stress
486,2024-01-21 05:00:00,41.05,34.52,7.36,61.94,34.14,879.0,2.27,0.504,6.83,Healthy
487,2024-01-21 06:00:00,6.82,22.09,5.56,91.78,17.29,207.97,4.06,0.23,9.7,Moderate Stress
488,2024-01-21 07:00:00,16.24,31.59,6.39,54.93,27.85,949.69,0.83,0.826,5.59,Healthy
489,2024-01-21 08:00:00,43.02,24.72,7.45,57.58,20.79,702.1,2.42,0.357,9.88,High Stress
490,2024-01-21 09:00:00,40.61,19.38,6.91,76.46,19.53,457.48,7.97,0.446,3.72,Healthy
491,2024-01-21 10:00:00,23.23,17.14,6.15,69.25,35.26,397.18,8.08,0.853,1.28,High Stress
492,2024-01-21 11:00:00,29.81,15.08,7.24,49.43,18.38,207.2,2.23,0.76,2.49,High Stress
493,2024-01-21 12:00:00,16.1,29.04,6.92,56.7,26.72,388.38,3.49,0.364,4.56,High Stress
494,2024-01-21 13:00:00,12.52,19.66,7.49,44.15,38.46,310.18,1.52,0.254,3.85,High Stress
495,2024-01-21 14:00:00,23.55,22.78,7.34,92.79,19.65,689.73,0.93,0.737,1.87,Moderate Stress
496,2024-01-21 15:00:00,19.13,22.31,7.03,38.49,39.45,333.24,9.92,0.493,4.89,High Stress
497,2024-01-21 16:00:00,28.35,24.43,6.72,54.17,39.86,622.9,6.62,0.775,4.04,Moderate Stress
498,2024-01-21 17:00:00,8.11,31.64,5.83,31.68,28.89,672.09,5.51,0.534,2.1,Moderate Stress
499,2024-01-21 18:00:00,43.98,34.52,6.15,44.42,19.25,438.43,7.7,0.46,3.67,Healthy
500,2024-01-21 19:00:00,44.45,20.19,6.55,80.73,22.9,228.05,8.43,0.538,8.98,Healthy
501,2024-01-21 20:00:00,32.93,30.69,7.0,43.08,25.61,229.8,8.11,0.761,3.72,High Stress
502,2024-01-21 21:00:00,26.44,29.11,6.78,35.2,22.73,221.08,0.36,0.877,7.43,Healthy
503,2024-01-21 22:00:00,17.38,24.34,6.22,60.84,22.02,791.3,2.03,0.237,6.51,High Stress
504,2024-01-21 23:00:00,37.55,33.9,5.52,30.65,39.31,454.41,6.62,0.593,4.84,Healthy
505,2024-01-22 00:00:00,32.39,15.01,6.74,35.51,18.83,837.04,3.88,0.225,3.15,High Stress
506,2024-01-22 01:00:00,11.5,12.73,6.21,82.5,33.33,545.39,9.83,0.551,4.32,Healthy
507,2024-01-22 02:00:00,41.44,31.35,7.34,80.15,15.01,562.4,6.72,0.864,6.33,Healthy
508,2024-01-22 03:00:00,37.9,20.98,5.56,89.48,29.9,610.31,9.57,0.471,4.16,Moderate Stress
509,2024-01-22 04:00:00,42.99,31.17,6.96,85.54,37.9,770.43,2.17,0.899,2.93,Healthy
510,2024-01-22 05:00:00,34.03,32.33,7.85,74.41,22.2,418.8,8.67,0.673,2.05,Healthy
511,2024-01-22 06:00:00,29.54,11.56,5.94,33.4,19.64,297.27,3.35,0.901,8.92,High Stress
512,2024-01-22 07:00:00,21.73,32.09,6.68,80.89,31.29,644.85,9.9,0.768,4.96,Moderate Stress
513,2024-01-22 08:00:00,42.31,21.21,5.73,84.96,32.82,461.58,1.75,0.278,6.63,High Stress
514,2024-01-22 09:00:00,39.64,22.76,7.06,81.94,32.2,553.99,5.26,0.373,5.41,Healthy
515,2024-01-22 10:00:00,6.81,25.66,6.88,63.05,22.98,717.56,7.97,0.496,8.85,High Stress
516,2024-01-22 11:00:00,6.05,33.16,6.52,45.14,21.31,595.3,4.44,0.328,5.92,Moderate Stress
517,2024-01-22 12:00:00,20.06,10.48,6.8,84.95,38.9,696.22,4.79,0.571,5.33,High Stress
518,2024-01-22 13:00:00,37.42,21.92,7.74,77.27,38.08,635.36,9.87,0.554,9.32,Healthy
519,2024-01-22 14:00:00,44.49,27.19,5.99,93.75,26.43,791.84,4.37,0.917,7.48,High Stress
520,2024-01-22 15:00:00,11.02,28.07,5.56,40.12,36.15,764.75,6.12,0.525,2.0,Healthy
521,2024-01-22 16:00:00,28.77,27.31,7.65,44.67,26.31,627.35,0.73,0.789,2.6,Moderate Stress
522,2024-01-22 17:00:00,20.24,13.36,6.94,43.77,25.61,743.12,8.45,0.906,8.08,Moderate Stress
523,2024-01-22 18:00:00,43.8,17.48,7.73,81.52,18.92,898.85,6.55,0.858,8.52,High Stress
524,2024-01-22 19:00:00,38.68,18.97,6.99,42.15,25.66,545.82,4.16,0.357,5.91,Moderate Stress
525,2024-01-22 20:00:00,38.53,30.11,7.53,34.33,28.44,530.21,0.36,0.572,5.99,High Stress
526,2024-01-22 21:00:00,23.75,16.97,6.57,94.91,15.56,811.4,6.0,0.461,6.69,Healthy
527,2024-01-22 22:00:00,21.59,15.27,7.37,31.61,26.1,666.04,0.32,0.5,4.95,High Stress
528,2024-01-22 23:00:00,15.94,33.94,7.78,84.29,34.53,256.81,0.21,0.471,7.12,Healthy
529,2024-01-23 00:00:00,7.26,10.22,6.93,53.75,32.0,913.69,6.24,0.82,1.98,Moderate Stress
530,2024-01-23 01:00:00,39.59,34.95,5.95,84.71,30.88,224.63,2.05,0.539,9.65,Healthy
531,2024-01-23 02:00:00,37.52,26.92,6.17,66.05,37.74,798.72,2.08,0.593,7.75,Healthy
532,2024-01-23 03:00:00,44.99,30.71,6.0,88.61,15.45,807.04,6.6,0.937,6.68,Healthy
533,2024-01-23 04:00:00,44.87,17.37,6.12,90.2,28.93,962.49,0.73,0.245,3.85,Healthy
534,2024-01-23 05:00:00,27.22,10.36,6.27,30.59,34.68,243.31,3.27,0.566,2.45,Healthy
535,2024-01-23 06:00:00,35.76,28.45,6.89,34.9,28.53,677.49,1.66,0.781,4.68,High Stress
536,2024-01-23 07:00:00,42.79,30.85,6.97,46.27,23.1,542.27,5.89,0.313,6.95,Healthy
537,2024-01-23 08:00:00,38.99,28.51,6.57,73.51,18.41,464.51,6.69,0.659,6.7,Healthy
538,2024-01-23 09:00:00,14.89,13.57,7.04,87.74,37.19,272.25,7.27,0.38,4.44,Healthy
539,2024-01-23 10:00:00,23.02,28.84,5.7,59.9,26.77,650.12,2.7,0.851,6.52,Healthy
540,2024-01-23 11:00:00,10.17,29.22,5.72,69.45,36.95,583.23,1.07,0.445,8.32,Healthy
541,2024-01-23 12:00:00,43.16,26.46,5.93,42.25,29.65,283.64,0.97,0.447,1.24,Healthy
542,2024-01-23 13:00:00,29.25,29.15,6.8,82.32,31.85,689.99,4.38,0.649,5.06,Moderate Stress
543,2024-01-23 14:00:00,14.15,31.15,6.03,92.88,35.11,790.36,9.47,0.338,7.83,High Stress
544,2024-01-23 15:00:00,31.87,25.34,6.21,47.46,31.48,813.82,2.33,0.414,5.92,Healthy
545,2024-01-23 16:00:00,29.73,12.22,6.5,62.16,24.95,924.3,2.72,0.512,6.86,High Stress
546,2024-01-23 17:00:00,19.33,22.19,7.53,35.6,27.84,527.58,1.19,0.465,5.65,Moderate Stress
547,2024-01-23 18:00:00,9.54,11.94,5.53,66.34,35.08,962.46,6.13,0.594,9.93,Moderate Stress
548,2024-01-23 19:00:00,31.86,20.19,7.12,62.68,24.34,892.34,6.86,0.65,1.49,Healthy
549,2024-01-23 20:00:00,25.81,20.18,7.17,39.39,24.7,437.2,6.5,0.625,5.42,High Stress
550,2024-01-23 21:00:00,35.89,11.65,7.5,58.73,17.39,327.43,8.64,0.691,1.82,Healthy
551,2024-01-23 22:00:00,25.81,18.72,7.83,51.72,37.86,548.31,4.97,0.431,2.44,Moderate Stress
552,2024-01-23 23:00:00,39.09,12.77,5.55,63.92,17.28,521.52,1.52,0.295,4.45,Moderate Stress
553,2024-01-24 00:00:00,27.08,30.21,5.88,68.07,31.21,660.58,3.04,0.771,2.4,High Stress
554,2024-01-24 01:00:00,27.44,33.69,7.72,30.55,25.33,666.71,6.69,0.838,9.67,Healthy
555,2024-01-24 02:00:00,40.07,11.81,6.65,79.47,25.14,799.99,6.21,0.393,9.52,High Stress
556,2024-01-24 03:00:00,21.14,33.88,6.91,76.35,31.99,607.91,5.4,0.505,4.02,High Stress
557,2024-01-24 04:00:00,10.36,23.06,7.16,53.81,16.68,283.86,6.89,0.574,6.76,Moderate Stress
558,2024-01-24 05:00:00,6.15,17.49,7.2,33.44,29.84,886.63,6.45,0.6,5.8,High Stress
559,2024-01-24 06:00:00,35.21,11.92,7.83,79.07,34.3,447.81,8.84,0.695,8.34,Moderate Stress
560,2024-01-24 07:00:00,29.81,22.52,7.99,92.09,35.71,977.04,5.94,0.231,6.65,Healthy
561,2024-01-24 08:00:00,33.16,29.86,7.3,45.61,19.26,294.29,7.83,0.741,1.0,High Stress
562,2024-01-24 09:00:00,13.52,27.68,6.22,51.03,37.44,966.6,2.64,0.246,7.87,High Stress
563,2024-01-24 10:00:00,10.45,11.26,7.7,41.95,31.4,272.81,6.85,0.551,7.72,Healthy
564,2024-01-24 11:00:00,5.58,11.82,5.62,67.5,37.05,384.83,9.04,0.821,5.59,High Stress
565,2024-01-24 12:00:00,19.02,20.07,6.08,40.06,27.13,237.26,3.98,0.538,9.13,Healthy
566,2024-01-24 13:00:00,28.6,17.38,7.74,53.15,28.55,764.09,7.84,0.312,9.18,Moderate Stress
567,2024-01-24 14:00:00,20.69,15.81,6.14,75.31,37.98,880.24,7.3,0.939,5.72,Moderate Stress
568,2024-01-24 15:00:00,22.5,17.03,6.05,66.41,37.5,547.26,0.78,0.867,6.47,High Stress
569,2024-01-24 16:00:00,41.17,30.09,5.85,55.12,26.2,942.82,5.9,0.778,9.97,Moderate Stress
570,2024-01-24 17:00:00,18.93,33.23,7.65,57.32,21.86,672.24,1.48,0.509,3.69,Moderate Stress
571,2024-01-24 18:00:00,25.56,20.13,6.75,66.54,24.83,704.01,9.68,0.338,3.92,Healthy
572,2024-01-24 19:00:00,36.35,32.65,7.19,30.38,24.69,876.34,8.15,0.906,2.64,Moderate Stress
573,2024-01-24 20:00:00,20.86,18.04,6.1,35.1,22.17,437.44,1.28,0.599,9.06,Moderate Stress
574,2024-01-24 21:00:00,29.88,21.91,7.4,87.28,21.71,483.41,1.39,0.839,7.7,Moderate Stress
575,2024-01-24 22:00:00,39.49,15.65,7.4,35.06,36.53,924.76,6.03,0.457,1.95,Healthy
576,2024-01-24 23:00:00,42.98,26.01,6.28,75.94,16.75,920.77,3.58,0.451,9.84,High Stress
577,2024-01-25 00:00:00,10.88,34.47,6.53,89.8,31.94,981.19,0.54,0.939,7.58,Healthy
578,2024-01-25 01:00:00,42.06,25.09,6.02,47.59,19.32,921.47,5.51,0.591,8.65,High Stress
579,2024-01-25 02:00:00,24.68,18.95,7.94,54.08,23.61,301.9,4.0,0.306,1.43,High Stress
580,2024-01-25 03:00:00,15.33,26.2,7.11,66.98,16.54,858.98,1.19,0.365,5.54,Moderate Stress
581,2024-01-25 04:00:00,23.37,13.07,7.84,87.31,21.75,527.87,8.06,0.561,7.29,Moderate Stress
582,2024-01-25 05:00:00,44.2,32.22,6.26,91.22,34.21,992.64,9.17,0.232,5.89,Healthy
583,2024-01-25 06:00:00,24.7,22.58,7.45,78.07,37.13,577.82,7.61,0.547,7.0,Healthy
584,2024-01-25 07:00:00,18.15,21.23,7.41,35.63,20.54,643.07,8.26,0.514,8.36,Healthy
585,2024-01-25 08:00:00,30.34,24.65,7.23,73.5,26.59,623.82,2.32,0.785,4.37,Moderate Stress
586,2024-01-25 09:00:00,14.61,25.62,7.91,56.67,26.76,457.39,2.78,0.466,8.64,High Stress
587,2024-01-25 10:00:00,8.03,11.79,6.48,60.6,36.84,260.02,2.24,0.937,2.47,Healthy
588,2024-01-25 11:00:00,10.16,27.07,5.83,33.19,34.07,916.52,7.7,0.336,3.44,High Stress
589,2024-01-25 12:00:00,10.12,16.05,7.18,42.42,27.83,842.14,9.49,0.643,1.39,Moderate Stress
590,2024-01-25 13:00:00,11.08,27.85,7.32,81.38,31.77,311.62,7.23,0.267,4.28,Moderate Stress
591,2024-01-25 14:00:00,10.55,30.56,6.94,59.51,36.18,821.41,8.84,0.75,4.42,Moderate Stress
592,2024-01-25 15:00:00,30.63,30.1,6.02,49.61,15.24,700.68,6.46,0.946,8.25,Moderate Stress
593,2024-01-25 16:00:00,12.28,23.81,6.76,54.96,25.07,527.32,4.0,0.814,6.88,High Stress
594,2024-01-25 17:00:00,18.83,23.0,6.28,85.54,37.68,403.22,4.37,0.617,4.93,High Stress
595,2024-01-25 18:00:00,40.87,13.57,6.57,78.68,33.51,887.78,0.94,0.564,6.87,Healthy
596,2024-01-25 19:00:00,23.96,29.38,7.11,47.7,28.57,760.15,0.51,0.826,1.48,High Stress
597,2024-01-25 20:00:00,31.7,16.79,7.36,37.64,28.24,638.19,7.02,0.902,2.62,High Stress
598,2024-01-25 21:00:00,11.89,22.42,6.08,46.38,23.69,687.65,4.5,0.942,6.64,High Stress
599,2024-01-25 22:00:00,12.69,17.11,6.51,89.85,28.01,272.85,5.61,0.497,6.77,Healthy
600,2024-01-25 23:00:00,6.63,13.35,6.17,67.8,31.38,579.14,5.67,0.943,7.97,High Stress
601,2024-01-26 00:00:00,11.76,25.74,6.0,64.68,25.46,354.96,2.92,0.317,4.63,High Stress
602,2024-01-26 01:00:00,16.14,11.36,7.46,68.77,32.85,366.71,4.86,0.39,7.5,High Stress
603,2024-01-26 02:00:00,12.08,28.72,7.77,53.79,36.53,729.04,4.81,0.267,7.16,Moderate Stress
604,2024-01-26 03:00:00,8.55,17.94,6.43,82.46,18.87,929.0,4.01,0.404,9.67,High Stress
605,2024-01-26 04:00:00,9.83,10.0,7.38,64.01,26.29,523.01,8.24,0.776,2.94,Healthy
606,2024-01-26 05:00:00,23.43,22.78,7.74,37.59,25.2,366.2,4.62,0.84,5.97,Healthy
607,2024-01-26 06:00:00,13.25,11.17,7.62,38.39,32.19,719.0,6.12,0.784,6.42,Healthy
608,2024-01-26 07:00:00,19.57,16.9,5.96,64.9,21.25,896.95,8.98,0.673,9.99,Healthy
609,2024-01-26 08:00:00,25.14,27.67,7.89,90.88,31.01,798.66,8.69,0.585,2.81,Moderate Stress
610,2024-01-26 09:00:00,32.62,11.57,6.44,50.04,36.94,895.01,8.93,0.732,5.71,Healthy
611,2024-01-26 10:00:00,6.57,30.98,6.35,86.52,25.45,629.24,2.85,0.493,4.12,Moderate Stress
612,2024-01-26 11:00:00,36.98,10.1,5.66,79.67,37.78,801.5,0.54,0.831,5.73,Moderate Stress
613,2024-01-26 12:00:00,30.12,16.17,6.72,46.11,39.83,312.05,2.76,0.708,3.09,Moderate Stress
614,2024-01-26 13:00:00,8.27,28.52,5.77,32.36,17.65,478.62,2.93,0.723,1.43,Healthy
615,2024-01-26 14:00:00,39.94,17.91,6.12,36.62,20.83,511.64,9.11,0.602,6.15,Healthy
616,2024-01-26 15:00:00,41.83,12.55,6.29,77.35,38.76,609.04,6.56,0.864,4.02,Moderate Stress
617,2024-01-26 16:00:00,7.44,19.01,7.52,42.98,38.96,943.26,1.0,0.389,2.64,Moderate Stress
618,2024-01-26 17:00:00,16.08,16.76,7.69,54.13,17.44,899.44,1.53,0.486,3.92,Healthy
619,2024-01-26 18:00:00,37.25,31.07,6.26,62.61,15.37,307.62,1.73,0.783,1.44,High Stress
620,2024-01-26 19:00:00,34.93,17.83,7.65,77.16,19.03,338.23,6.38,0.57,9.55,High Stress
621,2024-01-26 20:00:00,12.38,29.72,7.64,37.36,39.9,486.11,7.41,0.867,6.23,High Stress
622,2024-01-26 21:00:00,13.37,32.3,7.41,56.41,19.5,432.6,8.62,0.46,8.33,Healthy
623,2024-01-26 22:00:00,19.82,20.85,5.87,61.53,27.56,691.82,9.42,0.477,4.81,Healthy
624,2024-01-26 23:00:00,24.38,32.75,7.23,65.15,36.21,922.22,2.18,0.867,9.13,Moderate Stress
625,2024-01-27 00:00:00,29.73,19.43,7.86,83.19,15.51,969.83,3.24,0.548,5.35,Healthy
626,2024-01-27 01:00:00,19.76,34.1,7.21,41.16,30.11,722.88,2.56,0.587,6.17,Healthy
627,2024-01-27 02:00:00,23.5,12.23,6.33,82.51,21.93,870.53,3.72,0.45,5.43,Healthy
628,2024-01-27 03:00:00,34.9,27.18,6.75,75.04,36.56,620.16,9.16,0.408,7.6,Moderate Stress
629,2024-01-27 04:00:00,6.47,22.35,7.11,66.13,22.09,366.66,5.84,0.692,6.1,Moderate Stress
630,2024-01-27 05:00:00,15.1,19.69,6.78,75.47,32.17,619.75,7.43,0.29,3.44,High Stress
631,2024-01-27 06:00:00,33.53,25.82,5.8,56.78,31.86,644.07,5.0,0.859,2.31,High Stress
632,2024-01-27 07:00:00,40.81,27.6,6.28,39.0,20.54,793.97,0.48,0.784,6.46,Healthy
633,2024-01-27 08:00:00,25.47,10.11,7.51,73.27,15.87,375.91,0.83,0.343,5.4,Healthy
634,2024-01-27 09:00:00,26.28,14.17,7.65,64.1,25.23,494.65,5.47,0.721,1.86,Moderate Stress
635,2024-01-27 10:00:00,9.29,27.83,5.84,71.56,22.23,491.22,7.24,0.652,4.56,High Stress
636,2024-01-27 11:00:00,22.9,26.66,7.88,51.97,35.22,967.55,2.31,0.338,5.63,High Stress
637,2024-01-27 12:00:00,26.3,34.15,6.32,88.95,35.01,555.16,7.27,0.405,8.44,High Stress
638,2024-01-27 13:00:00,14.7,29.03,7.16,68.18,26.43,804.08,8.14,0.507,1.68,Healthy
639,2024-01-27 14:00:00,15.77,33.77,7.38,35.55,30.16,800.65,4.24,0.724,4.14,Healthy
640,2024-01-27 15:00:00,20.09,27.56,7.53,59.24,30.11,412.44,7.51,0.679,8.4,Healthy
641,2024-01-27 16:00:00,5.8,17.45,7.86,79.16,35.68,657.5,4.16,0.599,6.84,Moderate Stress
642,2024-01-27 17:00:00,17.88,12.63,6.28,81.62,25.63,915.44,6.85,0.776,3.61,High Stress
643,2024-01-27 18:00:00,13.46,29.55,7.65,62.15,21.89,580.16,7.69,0.768,8.61,Moderate Stress
644,2024-01-27 19:00:00,18.1,26.1,5.83,88.16,21.63,956.09,9.92,0.663,5.44,High Stress
645,2024-01-27 20:00:00,9.79,11.2,7.26,47.4,28.4,371.57,3.58,0.79,5.49,Healthy
646,2024-01-27 21:00:00,40.62,19.0,7.35,56.69,26.23,259.33,4.23,0.451,9.79,Moderate Stress
647,2024-01-27 22:00:00,28.74,33.92,7.19,88.41,26.0,913.16,1.82,0.861,9.52,Moderate Stress
648,2024-01-27 23:00:00,32.16,22.51,6.13,88.26,17.28,878.14,2.2,0.661,4.23,Healthy
649,2024-01-28 00:00:00,36.57,20.82,7.68,74.57,32.97,994.07,7.0,0.817,2.27,High Stress
650,2024-01-28 01:00:00,24.94,21.44,5.92,85.83,20.34,743.51,9.19,0.61,3.93,High Stress
651,2024-01-28 02:00:00,8.48,15.22,5.63,35.77,19.92,949.35,4.07,0.364,1.27,High Stress
652,2024-01-28 03:00:00,26.48,19.22,7.29,86.22,25.32,861.56,1.96,0.607,1.19,High Stress
653,2024-01-28 04:00:00,28.47,19.25,6.69,50.84,20.69,875.54,2.99,0.478,4.56,Healthy
654,2024-01-28 05:00:00,34.82,11.31,7.62,41.59,29.6,655.31,4.66,0.723,9.47,Healthy
655,2024-01-28 06:00:00,22.27,29.19,6.46,45.56,24.29,505.89,3.05,0.557,8.84,Healthy
656,2024-01-28 07:00:00,10.1,20.41,5.92,57.17,26.22,947.65,2.49,0.827,5.6,Healthy
657,2024-01-28 08:00:00,16.35,30.55,7.59,46.33,28.43,545.69,7.41,0.709,6.09,Moderate Stress
658,2024-01-28 09:00:00,19.52,31.26,6.87,50.84,20.09,631.06,0.28,0.713,1.05,Moderate Stress
659,2024-01-28 10:00:00,30.84,15.3,5.97,38.77,18.89,556.89,5.48,0.363,2.94,Moderate Stress
660,2024-01-28 11:00:00,27.83,26.43,7.3,49.25,37.01,651.85,7.98,0.938,1.22,Healthy
661,2024-01-28 12:00:00,19.24,21.81,6.78,67.2,25.84,576.4,2.81,0.831,7.79,High Stress
662,2024-01-28 13:00:00,44.46,32.0,7.01,58.72,25.3,238.37,6.11,0.792,2.31,Moderate Stress
663,2024-01-28 14:00:00,29.23,15.39,6.65,52.54,15.89,905.64,6.76,0.448,8.82,Moderate Stress
664,2024-01-28 15:00:00,14.49,26.95,7.57,78.52,27.45,555.52,6.62,0.602,6.79,Healthy
665,2024-01-28 16:00:00,9.07,25.19,7.57,88.08,28.85,671.15,4.57,0.303,3.06,High Stress
666,2024-01-28 17:00:00,11.11,17.38,7.27,79.19,28.97,311.35,3.6,0.604,2.42,High Stress
667,2024-01-28 18:00:00,14.84,13.42,5.76,51.58,32.68,202.71,8.39,0.309,6.65,High Stress
668,2024-01-28 19:00:00,11.43,26.29,7.6,78.39,19.44,396.23,7.63,0.615,9.11,Healthy
669,2024-01-28 20:00:00,12.46,28.46,7.18,39.88,21.31,763.67,3.35,0.687,7.47,High Stress
670,2024-01-28 21:00:00,16.4,17.89,7.24,38.47,35.27,279.36,1.21,0.493,4.14,Moderate Stress
671,2024-01-28 22:00:00,11.93,26.12,6.41,52.47,38.68,927.11,0.9,0.574,6.29,Moderate Stress
672,2024-01-28 23:00:00,40.87,19.88,7.7,82.5,18.4,372.02,1.12,0.857,3.8,Moderate Stress
673,2024-01-29 00:00:00,8.21,27.83,7.31,46.01,27.44,363.67,5.91,0.281,9.99,Healthy
674,2024-01-29 01:00:00,25.98,14.98,5.78,34.11,20.35,345.21,0.71,0.794,7.74,High Stress
675,2024-01-29 02:00:00,21.42,32.26,6.52,38.56,16.5,211.19,3.5,0.328,6.53,Healthy
676,2024-01-29 03:00:00,44.3,17.19,7.72,85.82,23.14,817.44,7.58,0.228,4.81,High Stress
677,2024-01-29 04:00:00,9.48,19.19,5.62,71.2,18.59,900.03,3.08,0.339,6.56,Healthy
678,2024-01-29 05:00:00,20.91,11.45,7.9,46.46,32.75,691.33,7.68,0.774,4.07,Moderate Stress
679,2024-01-29 06:00:00,43.78,12.79,7.2,66.09,28.34,350.56,7.51,0.504,1.26,Healthy
680,2024-01-29 07:00:00,39.62,22.9,7.08,64.29,18.6,428.22,2.61,0.854,4.56,Healthy
681,2024-01-29 08:00:00,37.68,16.69,6.18,72.6,15.23,580.74,7.34,0.594,9.37,Healthy
682,2024-01-29 09:00:00,15.32,30.89,6.12,45.16,35.2,963.48,7.53,0.217,6.64,Moderate Stress
683,2024-01-29 10:00:00,11.84,10.37,7.86,86.19,19.4,397.88,4.1,0.738,1.76,Healthy
684,2024-01-29 11:00:00,31.75,19.48,6.25,50.11,30.16,785.32,2.26,0.283,8.96,Healthy
685,2024-01-29 12:00:00,42.18,18.43,7.44,75.12,23.42,551.56,5.31,0.792,3.42,Moderate Stress
686,2024-01-29 13:00:00,27.27,10.48,6.48,31.05,29.64,438.28,9.23,0.326,3.19,High Stress
687,2024-01-29 14:00:00,27.86,13.11,5.85,54.22,22.89,564.73,6.47,0.459,3.67,Healthy
688,2024-01-29 15:00:00,16.2,20.34,5.53,52.86,17.17,256.97,1.89,0.771,6.19,Moderate Stress
689,2024-01-29 16:00:00,35.78,22.32,6.86,65.33,20.57,838.95,6.89,0.916,5.9,Healthy
690,2024-01-29 17:00:00,12.48,20.11,7.94,34.73,19.7,394.64,4.39,0.479,5.42,Moderate Stress
691,2024-01-29 18:00:00,17.95,23.27,6.42,81.36,25.7,780.33,6.0,0.822,7.46,High Stress
692,2024-01-29 19:00:00,22.02,24.88,6.39,44.16,31.46,254.68,7.39,0.343,3.85,High Stress
693,2024-01-29 20:00:00,25.3,10.25,6.36,74.01,21.6,964.08,5.25,0.805,8.04,Healthy
694,2024-01-29 21:00:00,14.7,21.6,6.8,82.21,15.3,354.41,8.18,0.693,2.58,Moderate Stress
695,2024-01-29 22:00:00,9.59,34.09,6.6,66.52,27.97,906.19,7.28,0.345,8.04,High Stress
696,2024-01-29 23:00:00,29.42,22.98,7.7,78.16,30.14,847.58,6.23,0.427,6.97,High Stress
697,2024-01-30 00:00:00,16.55,26.94,6.76,73.02,39.07,974.29,1.68,0.299,7.15,Moderate Stress
698,2024-01-30 01:00:00,28.25,17.8,6.77,53.11,29.74,582.31,8.39,0.487,5.33,Healthy
699,2024-01-30 02:00:00,11.17,29.35,5.85,82.58,26.78,781.92,9.37,0.353,7.0,High Stress
700,2024-01-30 03:00:00,24.25,29.32,7.96,49.16,29.34,496.57,1.54,0.683,1.72,High Stress
701,2024-01-30 04:00:00,26.3,23.03,6.12,67.13,38.2,347.49,4.98,0.946,8.66,High Stress
702,2024-01-30 05:00:00,7.07,34.4,5.68,78.45,35.71,554.46,2.74,0.209,1.5,Healthy
703,2024-01-30 06:00:00,18.46,13.14,7.16,54.63,23.07,332.6,7.59,0.606,2.34,High Stress
704,2024-01-30 07:00:00,10.38,10.42,6.99,49.68,20.93,985.64,7.27,0.63,6.19,Moderate Stress
705,2024-01-30 08:00:00,7.53,29.25,6.54,59.86,21.57,277.0,1.58,0.886,7.65,Healthy
706,2024-01-30 09:00:00,44.6,30.18,6.56,83.17,27.61,671.37,8.79,0.58,1.69,High Stress
707,2024-01-30 10:00:00,17.89,13.01,7.46,90.44,33.6,701.17,1.97,0.608,9.29,Moderate Stress
708,2024-01-30 11:00:00,37.39,16.64,5.99,65.43,27.58,630.46,8.01,0.554,9.76,Moderate Stress
709,2024-01-30 12:00:00,15.19,10.44,7.55,73.0,16.69,729.75,4.68,0.402,6.45,Healthy
710,2024-01-30 13:00:00,32.26,17.33,7.12,88.71,33.09,292.94,3.42,0.242,5.33,Moderate Stress
711,2024-01-30 14:00:00,35.41,29.33,6.55,36.41,35.15,644.01,1.75,0.506,7.67,Healthy
712,2024-01-30 15:00:00,28.83,22.95,6.65,45.09,22.24,429.77,1.84,0.239,3.96,Healthy
713,2024-01-30 16:00:00,23.86,18.7,6.14,76.08,31.6,952.14,6.69,0.613,5.44,Healthy
714,2024-01-30 17:00:00,21.47,19.29,7.38,83.54,25.66,809.66,5.59,0.43,9.25,Moderate Stress
715,2024-01-30 18:00:00,18.95,10.03,6.78,85.71,37.23,978.01,1.4,0.6,9.6,Healthy
716,2024-01-30 19:00:00,42.18,17.5,6.3,56.98,36.13,230.04,1.3,0.301,9.34,Healthy
717,2024-01-30 20:00:00,38.22,26.16,6.99,35.81,28.14,428.11,0.91,0.899,3.36,Moderate Stress
718,2024-01-30 21:00:00,43.6,34.35,7.99,58.46,32.29,356.34,7.49,0.871,3.09,Healthy
719,2024-01-30 22:00:00,9.97,31.18,6.59,45.0,37.08,208.92,7.18,0.342,3.68,High Stress
720,2024-01-30 23:00:00,34.23,10.59,7.8,48.93,27.39,393.86,0.77,0.458,4.97,Moderate Stress
721,2024-01-31 00:00:00,42.53,32.46,6.36,80.2,22.83,743.02,5.69,0.66,3.83,Moderate Stress
722,2024-01-31 01:00:00,12.25,29.58,5.64,34.91,33.84,384.87,1.03,0.272,4.37,Moderate Stress
723,2024-01-31 02:00:00,7.66,29.51,6.01,83.79,20.5,607.2,9.06,0.466,6.59,High Stress
724,2024-01-31 03:00:00,34.64,21.45,6.55,57.8,24.71,910.25,9.09,0.388,7.86,Healthy
725,2024-01-31 04:00:00,27.98,19.95,6.05,68.74,36.64,755.01,7.04,0.887,7.62,Moderate Stress
726,2024-01-31 05:00:00,38.67,17.57,5.5,35.83,33.11,515.7,9.28,0.839,8.33,Moderate Stress
727,2024-01-31 06:00:00,10.59,11.64,7.79,51.93,25.1,497.98,8.15,0.635,1.29,Moderate Stress
728,2024-01-31 07:00:00,36.81,15.71,7.61,35.83,20.37,564.59,8.32,0.59,1.43,High Stress
729,2024-01-31 08:00:00,13.07,16.17,7.36,92.5,23.9,341.63,5.78,0.898,8.1,High Stress
730,2024-01-31 09:00:00,11.55,22.1,5.92,82.47,22.1,707.2,3.2,0.899,5.8,High Stress
731,2024-01-31 10:00:00,11.57,28.69,5.8,59.88,19.4,491.32,2.33,0.927,6.2,Healthy
732,2024-01-31 11:00:00,37.58,21.85,5.67,44.53,33.58,881.89,3.41,0.294,1.47,Healthy
733,2024-01-31 12:00:00,31.61,11.45,7.31,90.67,21.3,805.24,6.36,0.32,3.3,High Stress
734,2024-01-31 13:00:00,25.92,33.94,7.82,52.4,26.35,688.41,1.89,0.708,6.75,Healthy
735,2024-01-31 14:00:00,19.35,33.57,6.58,40.46,24.65,491.36,2.73,0.606,8.73,High Stress
736,2024-01-31 15:00:00,40.09,29.63,5.8,66.61,39.55,367.95,4.79,0.214,9.25,Healthy
737,2024-01-31 16:00:00,20.7,34.78,6.78,91.35,24.78,820.92,2.48,0.246,5.5,Healthy
738,2024-01-31 17:00:00,37.66,23.61,6.37,30.25,17.0,589.13,5.97,0.866,5.91,High Stress
739,2024-01-31 18:00:00,22.57,34.07,6.44,45.48,17.25,379.8,9.25,0.852,8.5,Moderate Stress
740,2024-01-31 19:00:00,20.08,11.89,7.05,91.0,29.77,356.14,7.53,0.468,5.84,Moderate Stress
741,2024-01-31 20:00:00,23.51,19.14,7.3,41.12,29.98,332.32,6.73,0.868,5.65,Healthy
742,2024-01-31 21:00:00,17.06,15.63,5.78,37.36,25.47,821.73,5.91,0.645,9.15,Healthy
743,2024-01-31 22:00:00,34.9,14.9,5.59,67.06,25.8,383.19,4.98,0.804,8.11,Healthy
744,2024-01-31 23:00:00,25.11,13.52,7.99,86.02,16.35,621.31,2.03,0.521,9.18,Healthy
745,2024-02-01 00:00:00,14.29,25.56,6.08,61.01,27.91,561.24,8.97,0.285,2.96,Healthy
746,2024-02-01 01:00:00,40.98,29.53,5.63,94.65,27.62,663.69,2.64,0.525,5.72,Healthy
747,2024-02-01 02:00:00,20.36,24.46,5.97,74.15,18.74,901.72,1.09,0.543,8.58,High Stress
748,2024-02-01 03:00:00,26.74,13.67,5.6,34.81,17.6,894.2,7.55,0.613,2.0,Moderate Stress
749,2024-02-01 04:00:00,41.26,30.28,6.48,94.53,18.09,560.86,1.92,0.279,8.15,Moderate Stress
750,2024-02-01 05:00:00,29.97,25.9,7.51,56.51,17.53,212.29,3.84,0.944,2.65,High Stress
751,2024-02-01 06:00:00,9.68,19.7,6.35,48.68,30.24,541.16,0.48,0.383,8.27,High Stress
752,2024-02-01 07:00:00,42.59,26.85,6.61,66.26,19.91,684.95,1.54,0.349,6.51,Moderate Stress
753,2024-02-01 08:00:00,30.11,16.5,7.19,49.78,21.29,646.21,1.9,0.595,2.74,Moderate Stress
754,2024-02-01 09:00:00,18.4,18.63,6.77,35.62,19.34,721.07,0.73,0.603,5.26,Healthy
755,2024-02-01 10:00:00,10.57,32.94,7.65,30.09,38.95,323.26,6.64,0.53,7.14,Moderate Stress
756,2024-02-01 11:00:00,36.76,17.26,7.67,59.22,36.37,717.23,8.4,0.779,6.7,Healthy
757,2024-02-01 12:00:00,29.8,21.75,5.52,84.4,20.76,346.12,3.86,0.587,4.85,Healthy
758,2024-02-01 13:00:00,26.34,32.25,7.45,67.2,23.19,800.42,8.77,0.657,9.09,Moderate Stress
759,2024-02-01 14:00:00,40.76,27.69,6.65,94.95,20.25,471.27,2.29,0.743,5.67,Healthy
760,2024-02-01 15:00:00,36.54,11.56,7.97,48.65,27.3,767.92,3.39,0.219,5.55,Healthy
761,2024-02-01 16:00:00,11.07,13.68,6.71,48.23,15.49,238.29,1.68,0.628,1.56,High Stress
762,2024-02-01 17:00:00,17.47,10.2,7.97,40.38,31.78,526.29,6.28,0.863,9.3,Moderate Stress
763,2024-02-01 18:00:00,14.94,25.77,7.39,40.66,28.08,764.03,4.31,0.213,2.59,High Stress
764,2024-02-01 19:00:00,34.76,21.19,6.12,48.54,37.47,381.5,6.21,0.504,5.76,Healthy
765,2024-02-01 20:00:00,6.34,13.36,6.85,81.53,19.11,836.23,7.66,0.895,8.23,Healthy
766,2024-02-01 21:00:00,27.8,33.95,7.98,88.87,35.1,704.62,5.55,0.465,2.94,High Stress
767,2024-02-01 22:00:00,35.5,23.24,7.64,93.38,34.8,670.05,6.35,0.544,5.75,High Stress
768,2024-02-01 23:00:00,40.07,16.05,5.74,45.1,18.18,482.84,9.37,0.936,3.17,High Stress
769,2024-02-02 00:00:00,18.68,22.52,7.27,87.28,24.96,585.96,3.13,0.349,7.84,Healthy
770,2024-02-02 01:00:00,37.85,26.99,6.36,51.34,19.25,677.88,3.72,0.249,6.08,Moderate Stress
771,2024-02-02 02:00:00,9.43,11.91,5.52,37.33,21.37,577.97,7.23,0.845,8.7,Healthy
772,2024-02-02 03:00:00,38.86,16.87,6.51,86.55,21.58,758.65,6.19,0.851,9.05,High Stress
773,2024-02-02 04:00:00,10.1,30.17,6.09,71.35,28.91,546.96,1.95,0.554,6.84,Moderate Stress
774,2024-02-02 05:00:00,20.89,21.49,7.55,40.71,25.29,361.82,3.89,0.586,7.53,High Stress
775,2024-02-02 06:00:00,36.89,23.66,6.34,57.94,38.69,371.15,4.78,0.827,5.94,Healthy
776,2024-02-02 07:00:00,11.0,20.82,7.57,48.67,18.16,204.64,4.31,0.754,4.46,Moderate Stress
777,2024-02-02 08:00:00,14.17,11.1,5.5,77.89,39.34,440.77,1.95,0.399,6.83,Moderate Stress
778,2024-02-02 09:00:00,33.89,14.14,6.27,59.47,20.77,799.13,9.26,0.213,9.17,Healthy
779,2024-02-02 10:00:00,33.8,21.14,6.1,94.3,34.32,835.33,7.67,0.56,4.75,High Stress
780,2024-02-02 11:00:00,30.65,15.23,6.08,33.56,23.47,361.97,4.92,0.844,3.83,High Stress
781,2024-02-02 12:00:00,32.76,11.25,5.67,53.08,18.58,967.24,6.86,0.872,4.5,High Stress
782,2024-02-02 13:00:00,26.71,31.09,5.97,61.32,36.45,601.92,8.99,0.917,4.92,Healthy
783,2024-02-02 14:00:00,15.07,34.53,6.89,62.7,22.72,933.58,1.53,0.86,1.66,High Stress
784,2024-02-02 15:00:00,18.83,29.83,6.23,50.54,31.47,765.41,2.65,0.635,5.49,Moderate Stress
785,2024-02-02 16:00:00,12.26,31.34,6.54,77.4,29.16,777.95,5.52,0.533,5.45,High Stress
786,2024-02-02 17:00:00,41.34,16.05,6.44,86.86,26.79,268.03,8.03,0.781,6.3,High Stress
787,2024-02-02 18:00:00,28.34,34.02,7.69,91.02,27.4,375.99,0.56,0.755,4.27,Moderate Stress
788,2024-02-02 19:00:00,21.03,14.92,7.76,82.33,33.31,207.05,9.84,0.604,6.52,Moderate Stress
789,2024-02-02 20:00:00,23.48,33.79,6.73,85.29,17.19,772.9,4.66,0.265,8.9,High Stress
790,2024-02-02 21:00:00,42.89,34.87,6.33,65.79,31.7,475.55,3.72,0.895,9.6,Moderate Stress
791,2024-02-02 22:00:00,11.13,27.79,5.77,83.68,37.4,829.32,3.07,0.542,6.25,Healthy
792,2024-02-02 23:00:00,28.45,34.53,7.88,49.73,16.44,471.15,1.91,0.473,1.38,Moderate Stress
793,2024-02-03 00:00:00,25.24,24.24,5.65,55.9,18.52,855.47,7.96,0.672,9.72,Healthy
794,2024-02-03 01:00:00,29.46,16.49,6.24,50.6,32.92,304.56,9.56,0.705,7.35,Moderate Stress
795,2024-02-03 02:00:00,5.72,20.92,6.25,60.38,25.93,338.7,4.25,0.358,4.02,Healthy
796,2024-02-03 03:00:00,39.88,24.84,6.3,48.56,25.09,472.7,9.53,0.828,2.32,Healthy
797,2024-02-03 04:00:00,42.28,11.83,5.91,92.5,18.42,526.79,8.27,0.417,2.29,High Stress
798,2024-02-03 05:00:00,27.61,25.56,7.46,50.33,27.67,478.96,4.91,0.34,2.51,Moderate Stress
799,2024-02-03 06:00:00,32.87,34.53,5.81,36.37,18.16,810.92,6.81,0.505,1.41,Moderate Stress
800,2024-02-03 07:00:00,41.9,14.75,7.09,64.24,26.92,277.56,4.46,0.748,9.12,Moderate Stress
801,2024-02-03 08:00:00,33.29,29.81,5.81,33.71,34.09,480.97,5.68,0.924,5.87,Healthy
802,2024-02-03 09:00:00,11.1,32.7,5.68,37.19,21.46,869.79,0.77,0.807,7.3,High Stress
803,2024-02-03 10:00:00,28.05,33.59,7.77,44.26,27.02,253.44,7.02,0.905,8.45,Moderate Stress
804,2024-02-03 11:00:00,29.27,34.0,5.98,60.18,39.8,953.87,0.72,0.305,8.12,High Stress
805,2024-02-03 12:00:00,21.97,23.04,7.55,58.16,32.17,989.05,8.21,0.253,8.94,High Stress
806,2024-02-03 13:00:00,34.46,34.43,6.86,81.98,36.03,270.85,8.28,0.618,9.71,Healthy
807,2024-02-03 14:00:00,42.37,28.93,5.69,78.07,25.37,433.02,2.52,0.418,4.95,Moderate Stress
808,2024-02-03 15:00:00,42.02,14.04,7.89,57.71,34.2,497.92,3.37,0.821,9.55,High Stress
809,2024-02-03 16:00:00,23.03,21.92,6.12,51.69,16.01,821.11,4.92,0.704,7.51,Moderate Stress
810,2024-02-03 17:00:00,9.53,27.96,7.65,50.57,18.07,676.74,6.05,0.928,1.64,Moderate Stress
811,2024-02-03 18:00:00,44.39,16.18,5.92,80.31,20.08,715.49,3.02,0.391,7.14,Moderate Stress
812,2024-02-03 19:00:00,38.56,26.02,7.63,33.38,25.05,806.01,6.01,0.564,7.18,High Stress
813,2024-02-03 20:00:00,9.99,26.67,5.53,30.83,36.14,294.38,3.12,0.576,9.15,Healthy
814,2024-02-03 21:00:00,41.83,14.07,6.78,81.71,23.66,866.57,0.74,0.379,4.36,Healthy
815,2024-02-03 22:00:00,39.8,24.13,7.42,61.01,31.37,764.5,0.22,0.643,6.26,High Stress
816,2024-02-03 23:00:00,25.75,29.29,7.84,38.51,32.73,661.87,1.19,0.532,1.11,Moderate Stress
817,2024-02-04 00:00:00,28.65,22.47,7.77,45.31,29.65,911.79,7.96,0.535,3.99,Moderate Stress
818,2024-02-04 01:00:00,20.96,10.3,7.55,90.61,23.93,760.25,9.62,0.472,1.56,Healthy
819,2024-02-04 02:00:00,7.19,10.23,7.72,85.87,29.43,361.36,4.38,0.213,5.7,High Stress
820,2024-02-04 03:00:00,18.41,18.93,6.0,76.14,23.56,543.8,5.22,0.592,8.36,High Stress
821,2024-02-04 04:00:00,37.11,33.15,6.21,61.34,17.1,595.23,1.64,0.451,2.86,Healthy
822,2024-02-04 05:00:00,5.19,15.72,6.22,63.82,39.82,244.17,5.6,0.201,5.75,High Stress
823,2024-02-04 06:00:00,18.34,25.86,6.44,93.39,18.18,963.71,1.62,0.431,2.84,High Stress
824,2024-02-04 07:00:00,20.93,15.55,6.48,92.78,16.81,302.86,6.19,0.409,2.09,Healthy
825,2024-02-04 08:00:00,26.5,18.04,6.86,43.99,36.96,757.97,9.35,0.495,5.6,Healthy
826,2024-02-04 09:00:00,41.79,31.2,5.9,82.72,22.55,604.98,2.12,0.299,1.71,High Stress
827,2024-02-04 10:00:00,18.85,28.22,7.23,42.82,31.26,220.51,7.69,0.581,6.29,High Stress
828,2024-02-04 11:00:00,18.88,12.38,5.92,43.88,23.23,939.8,0.43,0.719,1.28,Healthy
829,2024-02-04 12:00:00,34.5,20.72,6.28,73.95,24.79,881.47,3.88,0.673,1.96,Healthy
830,2024-02-04 13:00:00,23.09,10.73,6.76,56.33,21.55,619.41,1.29,0.803,5.95,Moderate Stress
831,2024-02-04 14:00:00,13.98,22.02,7.49,90.55,23.58,383.15,3.65,0.539,6.32,High Stress
832,2024-02-04 15:00:00,23.1,26.56,7.35,35.79,25.27,297.3,1.9,0.589,1.26,High Stress
833,2024-02-04 16:00:00,10.63,12.96,7.11,63.25,33.01,490.71,3.86,0.808,6.16,Healthy
834,2024-02-04 17:00:00,12.06,17.22,5.89,89.7,27.79,404.34,4.29,0.521,8.55,Healthy
835,2024-02-04 18:00:00,24.93,19.95,6.87,88.77,38.59,605.35,3.15,0.726,7.5,Moderate Stress
836,2024-02-04 19:00:00,21.76,32.99,5.72,40.17,16.05,973.13,6.63,0.526,2.18,Moderate Stress
837,2024-02-04 20:00:00,41.59,34.83,6.44,53.83,27.58,659.96,9.2,0.513,6.33,Healthy
838,2024-02-04 21:00:00,19.5,11.12,6.53,70.24,29.61,911.94,4.13,0.77,7.05,High Stress
839,2024-02-04 22:00:00,28.22,29.03,5.6,40.36,38.0,720.7,2.08,0.331,1.34,Moderate Stress
840,2024-02-04 23:00:00,30.29,19.29,6.18,92.92,16.23,580.2,2.85,0.454,8.7,Healthy
841,2024-02-05 00:00:00,5.52,19.81,7.89,89.46,29.34,883.69,8.57,0.368,9.16,Healthy
842,2024-02-05 01:00:00,31.54,28.86,7.88,40.85,36.34,577.09,5.8,0.469,8.65,Healthy
843,2024-02-05 02:00:00,12.12,32.96,6.38,37.88,21.05,894.9,4.66,0.373,8.42,High Stress
844,2024-02-05 03:00:00,43.44,33.77,5.61,35.55,36.91,433.26,1.67,0.635,7.7,Healthy
845,2024-02-05 04:00:00,10.95,24.43,5.95,89.11,15.48,303.05,4.61,0.799,6.7,Healthy
846,2024-02-05 05:00:00,21.58,18.93,6.48,42.59,33.31,884.25,2.93,0.79,7.11,High Stress
847,2024-02-05 06:00:00,8.41,29.69,7.87,57.06,38.33,669.93,9.44,0.473,8.26,Healthy
848,2024-02-05 07:00:00,44.87,16.28,5.85,59.18,31.43,911.27,8.86,0.942,6.96,Healthy
849,2024-02-05 08:00:00,25.09,24.1,7.41,68.94,25.98,950.26,1.02,0.645,3.95,Moderate Stress
850,2024-02-05 09:00:00,28.82,18.96,5.77,34.66,16.12,242.9,5.26,0.5,4.38,Healthy
851,2024-02-05 10:00:00,7.68,26.42,7.95,44.74,38.0,600.78,2.41,0.827,9.07,High Stress
852,2024-02-05 11:00:00,35.0,16.01,6.45,90.55,26.76,499.97,4.23,0.747,1.15,Moderate Stress
853,2024-02-05 12:00:00,13.4,14.79,7.44,89.05,15.72,700.69,8.79,0.762,7.29,Healthy
854,2024-02-05 13:00:00,40.92,32.96,6.36,80.78,32.25,834.87,5.37,0.347,9.59,High Stress
855,2024-02-05 14:00:00,13.21,12.55,7.07,31.26,27.05,424.47,3.48,0.551,7.36,Healthy
856,2024-02-05 15:00:00,12.63,22.65,5.98,51.26,18.11,645.44,2.24,0.846,9.95,Moderate Stress
857,2024-02-05 16:00:00,6.46,15.52,5.87,70.82,20.36,766.98,8.04,0.578,7.19,High Stress
858,2024-02-05 17:00:00,23.88,10.97,7.85,47.89,16.61,307.54,6.32,0.713,1.31,Moderate Stress
859,2024-02-05 18:00:00,27.59,10.9,7.79,89.12,29.36,851.25,4.79,0.641,8.44,High Stress
860,2024-02-05 19:00:00,7.63,14.38,7.72,71.2,30.55,684.89,2.33,0.832,3.56,High Stress
861,2024-02-05 20:00:00,36.02,31.67,7.06,34.67,27.64,959.63,3.48,0.413,5.01,Healthy
862,2024-02-05 21:00:00,23.13,17.06,7.52,89.09,35.43,471.62,9.61,0.632,3.81,High Stress
863,2024-02-05 22:00:00,25.98,33.76,5.67,92.25,36.53,286.52,5.3,0.292,3.42,High Stress
864,2024-02-05 23:00:00,22.63,24.54,6.34,35.05,30.39,605.2,4.13,0.718,4.88,Healthy
865,2024-02-06 00:00:00,21.03,20.92,6.28,64.6,15.32,268.65,5.31,0.749,4.41,High Stress
866,2024-02-06 01:00:00,27.39,24.5,7.09,49.72,32.38,975.62,7.83,0.232,6.7,High Stress
867,2024-02-06 02:00:00,11.21,22.92,6.39,55.53,25.45,230.95,3.53,0.707,8.32,High Stress
868,2024-02-06 03:00:00,12.28,28.97,5.87,41.68,29.14,802.8,1.95,0.511,3.67,High Stress
869,2024-02-06 04:00:00,39.47,17.06,6.99,67.57,31.23,620.08,5.93,0.293,2.92,Healthy
870,2024-02-06 05:00:00,42.84,18.83,7.54,92.27,23.76,494.9,6.72,0.515,7.0,Healthy
871,2024-02-06 06:00:00,19.93,32.35,6.46,62.7,37.93,252.67,7.18,0.346,7.03,Moderate Stress
872,2024-02-06 07:00:00,15.83,33.66,5.83,35.39,18.35,697.73,8.84,0.512,9.11,High Stress
873,2024-02-06 08:00:00,30.76,32.31,5.99,70.3,31.79,668.18,3.84,0.488,1.14,Healthy
874,2024-02-06 09:00:00,21.35,20.49,6.09,52.11,15.11,424.71,0.94,0.754,8.68,High Stress
875,2024-02-06 10:00:00,6.02,29.51,6.25,85.64,38.12,928.18,9.59,0.781,5.69,Healthy
876,2024-02-06 11:00:00,11.25,21.91,7.11,58.25,17.81,443.29,4.46,0.655,6.59,Moderate Stress
877,2024-02-06 12:00:00,33.64,22.44,7.0,42.53,17.37,559.78,6.31,0.217,1.82,High Stress
878,2024-02-06 13:00:00,31.36,15.12,7.24,42.42,23.33,635.01,6.73,0.898,4.89,Moderate Stress
879,2024-02-06 14:00:00,6.08,24.78,6.41,79.97,24.34,280.19,5.56,0.715,3.05,Moderate Stress
880,2024-02-06 15:00:00,13.88,14.65,7.56,47.26,20.36,945.73,2.21,0.226,3.29,Moderate Stress
881,2024-02-06 16:00:00,14.24,18.29,6.01,79.87,29.63,499.63,7.6,0.814,5.54,Healthy
882,2024-02-06 17:00:00,31.88,31.38,6.67,43.38,26.07,264.62,8.08,0.35,8.31,High Stress
883,2024-02-06 18:00:00,5.79,15.18,7.5,50.91,15.85,509.83,5.62,0.634,7.69,Healthy
884,2024-02-06 19:00:00,9.16,11.78,5.95,60.26,22.99,680.16,4.99,0.55,6.32,Healthy
885,2024-02-06 20:00:00,37.0,11.73,5.77,91.31,35.26,610.92,1.32,0.515,5.85,High Stress
886,2024-02-06 21:00:00,12.14,33.52,7.71,90.56,32.24,755.63,1.02,0.867,4.85,High Stress
887,2024-02-06 22:00:00,31.11,22.67,6.36,43.45,33.12,244.39,3.53,0.528,9.75,High Stress
888,2024-02-06 23:00:00,14.53,20.24,7.21,53.28,32.45,427.63,3.25,0.257,6.04,High Stress
889,2024-02-07 00:00:00,8.98,30.27,5.56,39.71,22.77,855.38,9.55,0.91,3.29,Healthy
890,2024-02-07 01:00:00,14.73,30.9,7.23,63.15,17.49,263.91,7.88,0.89,3.07,High Stress
891,2024-02-07 02:00:00,33.89,18.3,6.29,59.94,21.81,884.39,6.67,0.713,6.5,High Stress
892,2024-02-07 03:00:00,39.23,27.34,5.64,88.55,35.79,273.52,5.27,0.551,5.71,High Stress
893,2024-02-07 04:00:00,38.21,29.28,7.02,90.45,39.51,867.56,1.84,0.27,1.07,Moderate Stress
894,2024-02-07 05:00:00,20.89,26.37,6.1,54.93,27.35,488.63,9.79,0.793,8.47,High Stress
895,2024-02-07 06:00:00,31.72,13.79,6.47,61.96,15.24,689.77,3.88,0.257,7.34,High Stress
896,2024-02-07 07:00:00,13.2,31.9,5.7,88.26,18.5,322.31,1.25,0.251,6.96,Healthy
897,2024-02-07 08:00:00,16.73,23.48,5.87,82.44,23.05,252.93,5.04,0.603,1.62,Moderate Stress
898,2024-02-07 09:00:00,40.85,17.06,6.24,30.24,29.46,372.75,8.77,0.32,4.26,Healthy
899,2024-02-07 10:00:00,5.52,20.63,5.72,50.8,16.88,302.28,8.9,0.206,9.42,Moderate Stress
900,2024-02-07 11:00:00,8.42,10.94,7.78,57.42,38.58,449.92,0.31,0.517,8.76,Healthy
901,2024-02-07 12:00:00,13.32,13.2,5.52,44.93,24.13,611.51,8.89,0.303,3.57,Healthy
902,2024-02-07 13:00:00,6.06,29.14,6.71,42.97,37.81,671.01,2.86,0.32,2.41,High Stress
903,2024-02-07 14:00:00,12.26,10.0,5.81,32.46,34.51,831.89,0.58,0.258,5.04,High Stress
904,2024-02-07 15:00:00,28.32,20.41,6.27,71.82,33.89,724.99,8.51,0.354,4.2,Moderate Stress
905,2024-02-07 16:00:00,21.86,23.06,7.82,47.06,30.17,687.01,8.67,0.737,7.14,Moderate Stress
906,2024-02-07 17:00:00,40.71,11.37,5.9,33.4,30.67,529.43,6.04,0.807,9.7,Moderate Stress
907,2024-02-07 18:00:00,37.7,34.33,7.91,45.01,30.95,579.05,5.83,0.539,4.27,High Stress
908,2024-02-07 19:00:00,18.67,15.65,6.01,82.12,30.72,531.62,8.17,0.58,1.56,Healthy
909,2024-02-07 20:00:00,15.38,17.6,7.35,85.35,28.84,873.73,7.91,0.224,9.08,Moderate Stress
910,2024-02-07 21:00:00,20.19,17.6,6.87,61.4,39.66,384.0,8.92,0.252,1.34,High Stress
911,2024-02-07 22:00:00,28.61,15.76,7.71,57.04,33.31,204.58,5.62,0.393,9.57,High Stress
912,2024-02-07 23:00:00,15.72,10.04,6.88,93.56,34.42,721.06,9.68,0.608,6.98,Healthy
913,2024-02-08 00:00:00,29.97,28.23,6.84,43.04,36.81,361.97,9.96,0.755,9.48,Healthy
914,2024-02-08 01:00:00,21.38,34.17,5.99,44.0,20.39,912.09,1.34,0.654,2.8,High Stress
915,2024-02-08 02:00:00,27.08,15.61,5.92,48.97,17.1,887.24,8.53,0.494,1.37,Healthy
916,2024-02-08 03:00:00,22.45,26.58,7.79,41.23,27.07,261.38,5.1,0.289,5.39,Healthy
917,2024-02-08 04:00:00,16.78,28.55,6.32,54.66,27.85,285.11,4.0,0.786,5.06,High Stress
918,2024-02-08 05:00:00,42.94,31.21,6.43,89.2,35.73,596.14,6.21,0.473,3.98,Moderate Stress
919,2024-02-08 06:00:00,35.54,20.57,7.4,70.0,26.09,687.38,0.75,0.752,9.62,Moderate Stress
920,2024-02-08 07:00:00,10.6,17.57,6.35,56.78,29.27,419.93,5.16,0.585,8.4,High Stress
921,2024-02-08 08:00:00,39.74,18.13,7.88,90.74,28.18,773.44,8.73,0.754,6.95,Moderate Stress
922,2024-02-08 09:00:00,24.5,27.82,7.34,33.15,15.96,675.93,2.29,0.88,2.47,High Stress
923,2024-02-08 10:00:00,40.78,30.42,6.99,43.67,30.38,459.86,4.38,0.891,7.61,High Stress
924,2024-02-08 11:00:00,36.99,14.54,7.7,66.78,35.7,220.3,9.41,0.601,7.54,Healthy
925,2024-02-08 12:00:00,22.01,19.27,5.62,70.01,18.94,800.12,4.4,0.584,4.83,Moderate Stress
926,2024-02-08 13:00:00,5.9,32.55,6.14,32.57,29.86,371.8,3.71,0.399,9.32,High Stress
927,2024-02-08 14:00:00,15.75,30.17,6.66,56.2,29.84,867.58,4.52,0.902,2.5,Moderate Stress
928,2024-02-08 15:00:00,26.67,34.62,6.07,72.2,19.1,536.23,5.29,0.543,3.41,Moderate Stress
929,2024-02-08 16:00:00,30.34,28.86,7.36,75.37,18.09,661.66,6.39,0.296,1.57,Moderate Stress
930,2024-02-08 17:00:00,15.32,19.83,7.8,71.48,39.5,898.36,8.05,0.525,8.16,High Stress
931,2024-02-08 18:00:00,10.57,24.77,6.56,50.84,24.84,890.9,4.63,0.295,6.6,Healthy
932,2024-02-08 19:00:00,38.4,26.53,6.36,36.08,20.69,497.22,8.21,0.577,3.83,Moderate Stress
933,2024-02-08 20:00:00,44.38,11.96,7.9,57.76,19.28,367.11,5.43,0.621,2.47,High Stress
934,2024-02-08 21:00:00,26.03,23.61,6.61,38.37,31.69,820.12,3.52,0.453,1.36,Moderate Stress
935,2024-02-08 22:00:00,11.87,27.73,6.72,91.6,30.24,546.46,6.65,0.254,2.5,Healthy
936,2024-02-08 23:00:00,15.89,14.18,6.38,60.89,31.09,353.63,7.23,0.908,5.08,Moderate Stress
937,2024-02-09 00:00:00,5.74,29.52,7.77,50.62,17.2,923.54,5.67,0.78,3.22,High Stress
938,2024-02-09 01:00:00,41.57,24.59,6.92,79.81,37.34,358.48,0.75,0.829,3.33,Moderate Stress
939,2024-02-09 02:00:00,9.71,33.81,7.41,62.37,24.73,220.65,1.86,0.475,8.88,Moderate Stress
940,2024-02-09 03:00:00,28.06,11.06,7.53,50.15,22.83,216.22,3.0,0.771,5.64,Moderate Stress
941,2024-02-09 04:00:00,15.96,16.63,6.35,82.78,26.56,697.85,2.97,0.564,7.56,Healthy
942,2024-02-09 05:00:00,27.17,25.04,6.58,86.36,24.75,729.34,6.8,0.351,1.32,Moderate Stress
943,2024-02-09 06:00:00,31.06,17.41,7.62,73.75,36.59,448.83,0.38,0.293,4.29,High Stress
944,2024-02-09 07:00:00,38.19,27.86,6.41,33.05,38.23,456.01,7.61,0.459,5.31,Moderate Stress
945,2024-02-09 08:00:00,13.26,28.98,7.48,66.81,22.59,471.6,2.8,0.303,2.68,Moderate Stress
946,2024-02-09 09:00:00,5.44,12.56,7.85,79.61,36.6,744.13,3.24,0.949,2.08,Moderate Stress
947,2024-02-09 10:00:00,10.48,22.85,7.06,38.87,34.54,246.51,5.37,0.237,8.83,Healthy
948,2024-02-09 11:00:00,41.0,22.72,7.35,44.86,38.27,943.29,2.32,0.531,9.45,High Stress
949,2024-02-09 12:00:00,39.96,19.23,7.51,87.36,21.14,378.02,8.87,0.539,1.71,Moderate Stress
950,2024-02-09 13:00:00,28.9,33.32,7.61,31.31,29.42,999.74,1.04,0.425,4.14,High Stress
951,2024-02-09 14:00:00,29.02,30.69,6.49,78.93,21.86,337.22,4.55,0.629,9.62,High Stress
952,2024-02-09 15:00:00,31.6,27.43,5.63,60.8,35.6,817.24,8.52,0.312,1.75,Healthy
953,2024-02-09 16:00:00,12.01,27.86,6.5,59.04,15.13,378.73,6.24,0.788,6.79,High Stress
954,2024-02-09 17:00:00,41.58,21.54,7.18,30.46,29.12,264.68,3.06,0.449,9.75,Moderate Stress
955,2024-02-09 18:00:00,21.75,33.02,6.63,83.26,23.48,899.95,4.32,0.644,9.8,Healthy
956,2024-02-09 19:00:00,20.33,27.36,7.37,53.39,23.07,887.0,7.13,0.737,5.24,Healthy
957,2024-02-09 20:00:00,25.76,28.22,6.39,65.15,31.12,522.86,9.74,0.867,2.46,High Stress
958,2024-02-09 21:00:00,6.88,31.54,7.09,74.02,36.29,761.92,8.95,0.827,2.82,Healthy
959,2024-02-09 22:00:00,11.65,16.85,5.97,75.67,30.23,645.65,3.56,0.656,9.01,High Stress
960,2024-02-09 23:00:00,34.52,30.18,7.37,92.14,36.33,882.36,9.98,0.491,9.21,High Stress
961,2024-02-10 00:00:00,8.31,14.88,6.86,64.54,21.61,452.04,0.23,0.577,6.47,Healthy
962,2024-02-10 01:00:00,29.13,18.63,6.01,55.98,27.99,618.94,0.47,0.777,7.9,Moderate Stress
963,2024-02-10 02:00:00,14.81,18.39,6.23,91.99,26.26,588.3,8.27,0.858,7.66,High Stress
964,2024-02-10 03:00:00,20.57,34.46,7.37,71.74,15.29,483.12,2.15,0.278,6.96,Healthy
965,2024-02-10 04:00:00,16.55,31.41,6.71,49.38,28.92,913.16,0.8,0.489,8.45,Healthy
966,2024-02-10 05:00:00,19.23,27.53,6.04,38.22,31.54,332.7,2.52,0.782,7.17,High Stress
967,2024-02-10 06:00:00,33.76,28.18,7.92,84.77,29.8,319.61,4.38,0.524,5.81,High Stress
968,2024-02-10 07:00:00,16.88,24.05,7.29,53.54,33.41,661.53,7.36,0.449,3.13,High Stress
969,2024-02-10 08:00:00,27.66,33.68,7.89,72.93,29.28,726.0,6.32,0.508,7.69,High Stress
970,2024-02-10 09:00:00,24.04,22.41,6.57,60.6,16.67,355.7,2.53,0.652,5.26,Moderate Stress
971,2024-02-10 10:00:00,31.55,19.51,6.69,42.93,17.91,512.57,5.13,0.95,3.65,Moderate Stress
972,2024-02-10 11:00:00,42.47,14.08,7.74,69.11,29.91,957.25,9.28,0.57,8.22,Moderate Stress
973,2024-02-10 12:00:00,34.3,29.66,6.81,33.94,21.87,397.29,8.19,0.356,7.27,Moderate Stress
974,2024-02-10 13:00:00,13.6,28.36,7.27,56.87,16.99,734.69,3.37,0.322,9.44,Healthy
975,2024-02-10 14:00:00,6.25,19.61,6.13,65.53,25.74,792.12,9.83,0.232,2.49,High Stress
976,2024-02-10 15:00:00,15.49,10.63,6.62,58.34,28.86,558.5,7.14,0.619,6.84,Healthy
977,2024-02-10 16:00:00,28.8,30.97,5.81,78.66,23.22,950.02,0.81,0.608,3.2,Healthy
978,2024-02-10 17:00:00,7.06,10.29,6.01,83.82,33.01,789.33,0.54,0.354,9.13,Moderate Stress
979,2024-02-10 18:00:00,24.85,27.59,5.5,80.13,31.09,566.34,1.85,0.721,1.9,Healthy
980,2024-02-10 19:00:00,28.87,34.26,5.6,32.52,23.32,655.47,7.33,0.756,6.91,Moderate Stress
981,2024-02-10 20:00:00,18.37,20.94,7.94,42.62,33.87,754.09,2.0,0.394,8.12,High Stress
982,2024-02-10 21:00:00,35.84,15.87,6.11,64.88,31.22,673.75,5.21,0.458,4.19,Moderate Stress
983,2024-02-10 22:00:00,9.26,27.62,7.16,90.76,30.94,902.96,1.11,0.943,9.59,High Stress
984,2024-02-10 23:00:00,8.01,30.43,7.6,84.27,28.84,485.51,9.22,0.481,8.66,Moderate Stress
985,2024-02-11 00:00:00,34.13,23.66,6.88,84.76,15.28,439.91,3.57,0.771,3.65,Healthy
986,2024-02-11 01:00:00,24.82,34.18,5.88,49.71,32.41,371.07,9.1,0.54,1.07,Healthy
987,2024-02-11 02:00:00,32.54,11.29,7.32,57.91,24.4,230.23,9.46,0.795,3.67,Moderate Stress
988,2024-02-11 03:00:00,22.39,22.62,7.0,60.6,38.57,234.41,0.26,0.777,3.53,High Stress
989,2024-02-11 04:00:00,14.86,27.96,7.33,40.23,35.45,896.04,4.75,0.701,9.01,High Stress
990,2024-02-11 05:00:00,37.76,31.57,7.42,32.02,29.69,742.71,0.44,0.841,9.7,Moderate Stress
991,2024-02-11 06:00:00,36.98,14.48,7.94,91.55,21.3,728.43,9.11,0.904,1.63,Healthy
992,2024-02-11 07:00:00,32.79,30.0,6.93,45.65,20.09,691.71,5.28,0.635,5.24,High Stress
993,2024-02-11 08:00:00,15.89,23.82,6.35,45.6,23.51,879.38,0.93,0.378,5.93,Moderate Stress
994,2024-02-11 09:00:00,28.61,19.91,7.12,35.42,26.91,584.21,1.28,0.499,1.84,High Stress
995,2024-02-11 10:00:00,19.44,13.29,5.67,90.35,22.4,896.33,3.96,0.769,4.4,Healthy
996,2024-02-11 11:00:00,8.66,31.63,7.74,67.68,27.87,487.56,9.41,0.688,3.85,High Stress
997,2024-02-11 12:00:00,41.69,13.93,5.8,73.36,19.13,941.37,6.99,0.333,5.82,Moderate Stress
998,2024-02-11 13:00:00,10.47,17.74,6.32,89.25,39.44,758.93,8.7,0.238,6.95,High Stress
999,2024-02-11 14:00:00,43.01,17.25,7.54,52.47,17.7,405.74,3.79,0.712,7.33,High Stress
1000,2024-02-11 15:00:00,22.84,31.79,6.99,70.4,38.3,651.27,0.62,0.388,2.23,Healthy
1001,2024-02-11 16:00:00,12.41,26.82,6.48,32.52,37.84,626.42,9.75,0.575,8.32,Healthy
1002,2024-02-11 17:00:00,26.68,29.92,6.68,42.14,28.13,310.32,0.37,0.76,7.11,Healthy
1003,2024-02-11 18:00:00,39.92,16.26,7.64,84.03,33.12,672.99,9.49,0.622,9.0,Healthy
1004,2024-02-11 19:00:00,34.29,25.62,6.35,79.84,25.9,451.83,3.81,0.262,5.04,Moderate Stress
1005,2024-02-11 20:00:00,37.26,24.29,7.67,52.79,30.75,241.88,0.3,0.339,9.05,High Stress
1006,2024-02-11 21:00:00,31.35,30.82,5.72,54.49,23.51,958.92,6.95,0.364,8.79,High Stress
1007,2024-02-11 22:00:00,32.69,32.65,7.44,64.68,22.53,713.19,9.81,0.393,4.95,High Stress
1008,2024-02-11 23:00:00,38.97,10.3,7.62,30.02,29.46,901.54,9.66,0.624,4.43,High Stress
1009,2024-02-12 00:00:00,14.99,26.85,5.95,45.68,27.45,740.84,1.78,0.578,9.4,Moderate Stress
1010,2024-02-12 01:00:00,24.58,11.3,6.58,43.54,29.49,485.59,1.98,0.352,7.44,Healthy
1011,2024-02-12 02:00:00,13.85,23.72,5.91,46.28,22.17,610.15,5.74,0.251,9.35,High Stress
1012,2024-02-12 03:00:00,44.51,17.19,7.27,82.38,24.17,740.6,6.45,0.329,8.17,High Stress
1013,2024-02-12 04:00:00,42.76,17.67,6.84,48.18,17.1,968.2,7.45,0.938,6.48,Healthy
1014,2024-02-12 05:00:00,6.58,18.82,7.09,42.45,16.31,402.94,1.97,0.551,2.04,Healthy
1015,2024-02-12 06:00:00,33.22,25.53,5.99,62.78,21.34,899.98,9.6,0.851,3.62,High Stress
1016,2024-02-12 07:00:00,42.01,18.35,6.03,86.27,16.86,939.26,6.46,0.837,9.72,Healthy
1017,2024-02-12 08:00:00,12.22,28.32,5.6,45.69,17.59,736.33,8.5,0.584,3.87,High Stress
1018,2024-02-12 09:00:00,27.72,20.11,6.31,35.1,35.32,945.01,5.49,0.73,1.84,High Stress
1019,2024-02-12 10:00:00,41.62,11.71,6.9,53.17,15.97,518.3,4.26,0.345,7.37,High Stress
1020,2024-02-12 11:00:00,6.36,29.59,7.64,78.6,31.47,962.41,9.78,0.716,7.61,High Stress
1021,2024-02-12 12:00:00,32.9,17.14,7.17,65.79,21.81,762.23,5.9,0.404,3.57,High Stress
1022,2024-02-12 13:00:00,16.89,20.82,6.59,83.09,36.79,233.6,8.7,0.824,3.68,High Stress
1023,2024-02-12 14:00:00,41.98,27.14,7.88,92.37,27.12,925.5,9.54,0.263,5.22,Healthy
1024,2024-02-12 15:00:00,43.84,18.31,7.3,81.52,22.64,587.58,6.82,0.78,1.2,Moderate Stress
1025,2024-02-12 16:00:00,42.77,11.41,7.83,69.25,27.94,568.26,5.58,0.275,8.1,Moderate Stress
1026,2024-02-12 17:00:00,23.97,19.35,6.82,62.07,24.55,653.17,0.23,0.861,3.85,High Stress
1027,2024-02-12 18:00:00,39.48,33.61,6.15,32.6,29.11,319.51,0.59,0.428,8.68,Healthy
1028,2024-02-12 19:00:00,38.78,26.04,5.63,93.98,17.86,575.33,2.17,0.691,8.22,High Stress
1029,2024-02-12 20:00:00,17.76,26.79,7.32,54.93,39.92,864.9,2.02,0.566,6.95,Healthy
1030,2024-02-12 21:00:00,38.16,25.81,5.8,39.89,25.64,212.39,2.7,0.475,3.92,High Stress
1031,2024-02-12 22:00:00,6.48,14.97,6.26,73.34,23.71,418.33,3.19,0.684,5.65,High Stress
1032,2024-02-12 23:00:00,28.85,20.46,6.83,48.48,32.76,201.96,3.73,0.911,5.0,Moderate Stress
1033,2024-02-13 00:00:00,14.2,28.77,6.91,68.08,24.1,532.57,4.32,0.231,4.05,Healthy
1034,2024-02-13 01:00:00,9.82,12.53,7.0,68.14,35.83,782.65,1.17,0.889,8.63,Healthy
1035,2024-02-13 02:00:00,8.08,16.95,5.92,58.97,26.36,839.02,0.62,0.657,5.35,Moderate Stress
1036,2024-02-13 03:00:00,32.85,16.91,6.45,84.35,32.99,956.15,6.8,0.805,8.49,Moderate Stress
1037,2024-02-13 04:00:00,18.59,20.8,7.04,47.22,17.69,686.8,5.47,0.488,1.95,Moderate Stress
1038,2024-02-13 05:00:00,33.99,34.51,7.92,59.16,36.15,403.7,4.55,0.554,2.27,Moderate Stress
1039,2024-02-13 06:00:00,7.61,11.69,7.32,64.95,33.39,939.32,6.42,0.852,9.8,Healthy
1040,2024-02-13 07:00:00,17.61,22.97,7.81,73.14,20.29,820.25,8.31,0.511,6.29,Healthy
1041,2024-02-13 08:00:00,26.58,14.48,7.41,80.96,18.63,659.54,4.39,0.601,5.59,Moderate Stress
1042,2024-02-13 09:00:00,36.63,34.27,6.98,55.66,22.91,756.51,6.48,0.215,5.71,High Stress
1043,2024-02-13 10:00:00,17.75,12.83,5.98,71.99,39.4,939.45,9.55,0.319,2.94,High Stress
1044,2024-02-13 11:00:00,30.04,20.09,7.17,39.79,21.42,769.92,8.43,0.681,7.47,High Stress
1045,2024-02-13 12:00:00,40.44,28.45,7.06,90.62,26.4,494.7,4.37,0.738,1.76,High Stress
1046,2024-02-13 13:00:00,29.63,27.61,7.01,54.9,15.75,770.42,6.52,0.637,6.16,Healthy
1047,2024-02-13 14:00:00,14.32,20.57,6.72,77.42,24.93,232.22,1.94,0.307,6.14,Healthy
1048,2024-02-13 15:00:00,5.98,18.66,6.82,31.32,29.28,509.13,5.69,0.534,9.23,Healthy
1049,2024-02-13 16:00:00,39.8,19.94,6.34,43.34,38.83,525.06,9.82,0.466,5.74,High Stress
1050,2024-02-13 17:00:00,5.85,16.61,6.8,61.66,27.92,333.47,5.28,0.572,2.23,Moderate Stress
1051,2024-02-13 18:00:00,39.99,15.13,5.99,87.09,35.48,218.47,9.29,0.853,6.15,High Stress
1052,2024-02-13 19:00:00,26.16,22.08,7.51,64.27,28.68,306.7,4.19,0.782,1.82,Healthy
1053,2024-02-13 20:00:00,42.56,16.71,5.96,90.44,16.02,723.7,9.99,0.263,2.83,High Stress
1054,2024-02-13 21:00:00,36.95,17.19,5.71,61.45,22.88,841.83,5.88,0.868,1.28,Moderate Stress
1055,2024-02-13 22:00:00,44.92,26.42,6.59,61.88,29.39,990.56,0.61,0.554,5.62,Moderate Stress
1056,2024-02-13 23:00:00,19.03,34.21,7.15,37.78,38.76,477.09,5.95,0.758,1.76,High Stress
1057,2024-02-14 00:00:00,35.69,25.09,6.59,82.17,36.48,679.5,2.89,0.305,5.22,Healthy
1058,2024-02-14 01:00:00,21.08,11.92,6.19,46.05,20.71,949.72,0.52,0.703,9.4,Healthy
1059,2024-02-14 02:00:00,24.2,11.89,6.9,88.47,20.5,333.63,8.24,0.377,7.48,Healthy
1060,2024-02-14 03:00:00,30.1,33.79,6.37,89.2,20.03,774.12,2.9,0.529,1.7,High Stress
1061,2024-02-14 04:00:00,39.95,17.43,7.83,91.32,38.06,803.98,8.01,0.213,3.02,Healthy
1062,2024-02-14 05:00:00,44.36,12.3,7.81,63.81,36.32,271.18,3.02,0.314,7.06,High Stress
1063,2024-02-14 06:00:00,35.73,24.98,6.76,74.01,34.37,889.0,2.1,0.269,9.05,Healthy
1064,2024-02-14 07:00:00,21.71,25.59,6.32,80.6,24.82,850.48,9.74,0.38,1.3,Moderate Stress
1065,2024-02-14 08:00:00,21.85,26.21,7.34,38.52,27.61,226.72,3.74,0.275,8.31,Moderate Stress
1066,2024-02-14 09:00:00,34.5,16.69,5.59,69.06,26.61,272.87,6.09,0.719,6.06,Healthy
1067,2024-02-14 10:00:00,14.55,10.38,6.69,32.23,21.33,239.3,6.18,0.222,5.91,High Stress
1068,2024-02-14 11:00:00,9.42,34.13,6.34,62.34,27.63,467.79,5.69,0.663,9.62,Healthy
1069,2024-02-14 12:00:00,19.18,16.27,7.8,40.06,15.76,607.43,9.16,0.306,7.73,High Stress
1070,2024-02-14 13:00:00,16.49,26.9,5.53,41.89,18.3,625.88,6.81,0.909,8.65,Moderate Stress
1071,2024-02-14 14:00:00,16.85,27.67,6.88,53.73,37.16,414.13,4.16,0.9,4.19,High Stress
1072,2024-02-14 15:00:00,14.34,25.25,7.35,58.11,33.79,929.28,8.65,0.369,5.99,Healthy
1073,2024-02-14 16:00:00,6.68,17.82,6.71,70.51,25.57,494.61,1.97,0.661,6.54,Moderate Stress
1074,2024-02-14 17:00:00,5.71,16.78,5.71,34.84,27.93,236.44,5.53,0.221,3.89,High Stress
1075,2024-02-14 18:00:00,44.51,24.94,7.93,62.74,24.25,440.18,9.52,0.899,6.13,High Stress
1076,2024-02-14 19:00:00,22.11,31.65,6.8,41.87,33.52,624.89,6.33,0.592,3.13,Moderate Stress
1077,2024-02-14 20:00:00,20.37,33.67,7.04,67.31,34.6,526.58,8.21,0.232,2.29,Healthy
1078,2024-02-14 21:00:00,32.19,12.65,6.09,71.43,34.08,419.07,6.6,0.457,4.37,Moderate Stress
1079,2024-02-14 22:00:00,13.73,13.87,6.71,66.19,33.07,305.06,8.43,0.258,7.65,Healthy
1080,2024-02-14 23:00:00,43.0,33.62,6.57,77.99,20.11,855.33,9.46,0.495,9.25,Healthy
1081,2024-02-15 00:00:00,36.45,28.41,5.69,51.81,23.45,996.92,2.87,0.702,5.12,High Stress
1082,2024-02-15 01:00:00,8.58,32.07,5.77,79.73,26.75,463.63,1.86,0.552,6.79,Healthy
1083,2024-02-15 02:00:00,21.7,15.07,7.59,58.13,23.27,505.3,4.94,0.488,1.93,Healthy
1084,2024-02-15 03:00:00,40.16,24.69,6.1,61.47,33.87,694.43,7.08,0.289,9.14,Moderate Stress
1085,2024-02-15 04:00:00,42.79,27.53,5.99,72.13,23.23,774.75,2.43,0.384,6.12,Moderate Stress
1086,2024-02-15 05:00:00,23.7,27.0,6.76,31.19,18.46,513.62,0.24,0.275,8.02,Healthy
1087,2024-02-15 06:00:00,29.54,20.2,7.42,72.51,24.98,923.94,3.56,0.806,8.15,High Stress
1088,2024-02-15 07:00:00,11.68,10.38,5.65,70.21,39.5,648.0,9.69,0.301,3.31,Moderate Stress
1089,2024-02-15 08:00:00,44.65,24.57,6.94,50.14,20.65,560.31,7.01,0.647,5.76,High Stress
1090,2024-02-15 09:00:00,14.27,16.33,5.8,35.58,30.3,717.34,4.13,0.457,9.64,Moderate Stress
1091,2024-02-15 10:00:00,42.71,21.26,5.59,35.91,25.82,962.24,2.09,0.369,1.81,Moderate Stress
1092,2024-02-15 11:00:00,30.99,33.94,5.63,90.01,16.78,835.64,3.69,0.68,7.15,Healthy
1093,2024-02-15 12:00:00,29.31,19.98,7.59,74.8,27.2,232.01,1.86,0.543,9.66,Moderate Stress
1094,2024-02-15 13:00:00,25.51,31.0,5.79,38.26,32.55,465.85,1.24,0.5,3.71,Moderate Stress
1095,2024-02-15 14:00:00,14.23,14.71,5.61,53.19,27.83,576.44,9.09,0.645,8.75,High Stress
1096,2024-02-15 15:00:00,12.06,26.81,6.59,68.51,36.8,451.61,9.98,0.568,9.4,Moderate Stress
1097,2024-02-15 16:00:00,13.82,34.43,7.61,84.31,22.22,760.15,1.81,0.428,7.72,Moderate Stress
1098,2024-02-15 17:00:00,12.46,12.55,6.16,32.84,17.16,861.02,0.73,0.619,3.08,High Stress
1099,2024-02-15 18:00:00,36.18,10.21,6.55,45.38,38.41,785.08,3.43,0.702,4.01,Healthy
1100,2024-02-15 19:00:00,19.01,20.84,5.6,87.83,24.45,991.47,4.72,0.22,1.32,Healthy
1101,2024-02-15 20:00:00,7.31,12.32,6.62,30.6,29.41,418.04,2.21,0.549,8.48,Moderate Stress
1102,2024-02-15 21:00:00,43.76,28.71,6.94,43.09,34.8,899.99,3.15,0.243,8.65,Moderate Stress
1103,2024-02-15 22:00:00,40.35,32.86,6.93,92.34,23.11,813.3,2.17,0.34,6.69,High Stress
1104,2024-02-15 23:00:00,42.11,20.85,6.33,69.87,32.9,489.74,7.79,0.62,4.17,Healthy
1105,2024-02-16 00:00:00,44.8,16.47,6.29,47.01,18.39,787.3,7.18,0.85,1.69,Healthy
1106,2024-02-16 01:00:00,11.96,20.86,5.77,34.35,22.28,283.26,6.42,0.862,7.78,Healthy
1107,2024-02-16 02:00:00,20.85,28.09,6.42,31.83,18.62,831.47,3.99,0.252,7.54,High Stress
1108,2024-02-16 03:00:00,35.33,10.23,5.75,45.91,35.28,625.86,9.11,0.514,9.21,High Stress
1109,2024-02-16 04:00:00,32.84,24.74,7.42,87.3,20.57,433.83,9.7,0.637,7.57,High Stress
1110,2024-02-16 05:00:00,11.16,25.33,7.92,57.03,32.94,724.62,1.9,0.31,8.46,Moderate Stress
1111,2024-02-16 06:00:00,37.63,25.94,7.93,76.82,38.58,713.3,2.39,0.774,7.71,Healthy
1112,2024-02-16 07:00:00,13.98,16.05,7.66,89.69,28.19,367.59,5.35,0.758,6.68,Moderate Stress
1113,2024-02-16 08:00:00,13.95,27.85,7.0,56.52,28.5,224.32,1.09,0.878,4.84,Moderate Stress
1114,2024-02-16 09:00:00,26.48,12.28,7.25,42.43,26.53,546.9,4.48,0.206,9.12,High Stress
1115,2024-02-16 10:00:00,28.72,14.98,6.21,63.61,23.15,655.61,5.9,0.363,6.86,Healthy
1116,2024-02-16 11:00:00,28.2,31.94,7.08,89.03,26.89,901.28,5.32,0.82,4.59,Moderate Stress
1117,2024-02-16 12:00:00,8.66,28.47,6.64,82.28,30.07,942.57,3.44,0.703,1.75,Healthy
1118,2024-02-16 13:00:00,40.1,10.34,6.71,34.28,39.65,623.04,5.52,0.871,3.62,Moderate Stress
1119,2024-02-16 14:00:00,15.62,16.21,7.39,75.02,38.44,803.04,9.6,0.243,5.89,High Stress
1120,2024-02-16 15:00:00,10.18,15.36,6.2,67.17,36.55,551.44,2.22,0.648,3.48,Moderate Stress
1121,2024-02-16 16:00:00,40.55,16.77,6.3,88.99,37.23,796.87,6.62,0.627,2.99,High Stress
1122,2024-02-16 17:00:00,43.23,16.19,7.81,37.96,26.7,363.84,0.63,0.227,5.75,Healthy
1123,2024-02-16 18:00:00,39.49,11.56,5.64,64.71,31.44,496.85,0.85,0.585,2.53,Moderate Stress
1124,2024-02-16 19:00:00,37.38,21.47,6.71,87.17,37.38,707.38,5.61,0.657,8.2,Moderate Stress
1125,2024-02-16 20:00:00,31.21,28.32,7.78,56.65,24.82,214.53,1.23,0.343,5.36,High Stress
1126,2024-02-16 21:00:00,27.03,25.17,7.03,61.33,39.04,777.97,0.42,0.405,6.16,High Stress
1127,2024-02-16 22:00:00,8.48,26.82,6.87,34.58,25.39,868.43,1.88,0.68,2.33,Healthy
1128,2024-02-16 23:00:00,21.34,12.03,6.12,48.08,30.03,519.31,5.74,0.551,3.92,High Stress
1129,2024-02-17 00:00:00,19.91,33.79,6.36,51.09,32.75,558.35,7.09,0.844,4.69,Healthy
1130,2024-02-17 01:00:00,15.39,30.96,7.63,91.43,38.76,881.03,2.18,0.457,8.27,Moderate Stress
1131,2024-02-17 02:00:00,33.94,30.13,6.9,48.37,21.12,820.52,6.75,0.4,7.93,Healthy
1132,2024-02-17 03:00:00,24.84,30.57,6.79,59.96,33.65,430.52,1.99,0.939,3.01,Healthy
1133,2024-02-17 04:00:00,8.24,33.32,5.75,73.63,28.02,459.18,6.21,0.883,6.55,Healthy
1134,2024-02-17 05:00:00,13.81,23.61,5.54,40.54,21.71,743.1,4.24,0.222,3.19,Moderate Stress
1135,2024-02-17 06:00:00,32.33,15.01,7.91,61.62,34.42,650.56,6.61,0.778,9.89,Moderate Stress
1136,2024-02-17 07:00:00,8.05,25.42,6.44,78.01,28.81,329.78,9.95,0.283,9.57,High Stress
1137,2024-02-17 08:00:00,39.05,28.57,7.01,86.35,31.52,447.94,9.39,0.221,6.07,Healthy
1138,2024-02-17 09:00:00,24.81,28.45,5.7,70.71,23.07,919.99,0.24,0.405,7.29,Moderate Stress
1139,2024-02-17 10:00:00,24.22,23.04,7.21,73.49,27.03,750.54,8.88,0.402,8.21,Healthy
1140,2024-02-17 11:00:00,28.7,11.71,7.83,38.21,30.43,988.78,0.85,0.814,7.49,Healthy
1141,2024-02-17 12:00:00,37.99,19.28,6.94,91.48,25.12,813.61,9.54,0.733,7.3,Healthy
1142,2024-02-17 13:00:00,18.91,33.02,5.82,38.62,19.96,953.58,2.96,0.936,9.63,Moderate Stress
1143,2024-02-17 14:00:00,32.12,24.61,6.95,80.35,39.04,372.95,3.94,0.734,6.37,Healthy
1144,2024-02-17 15:00:00,27.63,23.46,7.42,47.21,27.79,817.19,1.1,0.514,6.73,Healthy
1145,2024-02-17 16:00:00,15.68,16.72,6.52,90.68,33.35,216.17,1.3,0.724,8.64,High Stress
1146,2024-02-17 17:00:00,40.15,19.21,7.7,76.8,25.28,736.61,7.32,0.95,7.03,Healthy
1147,2024-02-17 18:00:00,36.9,32.38,7.12,79.0,23.88,575.43,9.45,0.733,7.6,High Stress
1148,2024-02-17 19:00:00,31.34,26.66,7.75,44.24,25.18,477.41,6.19,0.771,3.11,Healthy
1149,2024-02-17 20:00:00,39.02,29.68,7.06,58.8,25.23,889.92,7.22,0.904,4.34,High Stress
1150,2024-02-17 21:00:00,39.69,21.36,5.83,70.16,28.6,883.41,7.67,0.285,2.33,Moderate Stress
1151,2024-02-17 22:00:00,33.33,25.76,6.27,80.05,28.59,217.84,2.78,0.729,5.55,Moderate Stress
1152,2024-02-17 23:00:00,38.48,16.21,6.0,36.76,27.43,687.6,0.64,0.838,5.1,Healthy
1153,2024-02-18 00:00:00,32.9,27.64,7.77,92.55,18.37,494.27,0.22,0.916,9.97,High Stress
1154,2024-02-18 01:00:00,32.21,20.69,7.4,87.86,27.4,532.53,3.64,0.358,6.5,Moderate Stress
1155,2024-02-18 02:00:00,29.74,21.06,7.19,47.57,19.23,865.63,2.57,0.578,8.08,Healthy
1156,2024-02-18 03:00:00,35.11,26.23,6.25,83.48,18.15,447.87,0.81,0.71,4.01,Healthy
1157,2024-02-18 04:00:00,11.34,33.41,5.96,63.69,38.32,954.44,1.96,0.386,8.48,High Stress
1158,2024-02-18 05:00:00,40.23,11.6,7.39,60.02,30.12,343.71,1.42,0.65,6.54,High Stress
1159,2024-02-18 06:00:00,39.87,30.62,6.69,50.44,31.49,730.18,9.17,0.393,7.27,Healthy
1160,2024-02-18 07:00:00,6.17,17.31,6.06,67.76,25.04,737.68,1.57,0.45,3.65,High Stress
1161,2024-02-18 08:00:00,38.03,21.1,7.04,77.44,37.72,401.76,5.47,0.531,5.94,High Stress
1162,2024-02-18 09:00:00,10.15,10.55,5.6,56.71,30.95,459.8,6.01,0.597,6.71,Moderate Stress
1163,2024-02-18 10:00:00,18.4,17.53,6.32,70.9,34.23,867.84,5.53,0.537,6.3,High Stress
1164,2024-02-18 11:00:00,34.74,22.57,6.67,75.46,24.21,809.44,1.17,0.57,9.24,Healthy
1165,2024-02-18 12:00:00,11.43,11.4,5.87,76.22,39.0,463.28,3.32,0.424,9.08,High Stress
1166,2024-02-18 13:00:00,37.72,22.28,7.96,33.38,35.51,627.17,0.7,0.319,9.74,Healthy
1167,2024-02-18 14:00:00,38.29,33.18,6.02,85.88,36.35,249.34,4.08,0.236,7.01,Healthy
1168,2024-02-18 15:00:00,25.3,12.63,5.83,59.79,19.3,367.0,2.05,0.347,9.75,High Stress
1169,2024-02-18 16:00:00,5.26,29.11,6.01,47.06,21.77,588.66,5.7,0.636,8.49,High Stress
1170,2024-02-18 17:00:00,16.48,20.24,7.42,45.71,22.14,268.78,6.99,0.79,3.44,High Stress
1171,2024-02-18 18:00:00,29.68,26.38,6.56,61.4,21.77,874.67,5.41,0.327,4.85,Moderate Stress
1172,2024-02-18 19:00:00,44.25,16.51,6.91,87.64,36.39,774.4,4.46,0.281,3.15,Moderate Stress
1173,2024-02-18 20:00:00,30.27,13.99,5.55,54.59,15.8,954.91,4.0,0.762,1.04,High Stress
1174,2024-02-18 21:00:00,15.39,14.01,5.59,78.73,16.9,754.77,8.45,0.429,2.69,Healthy
1175,2024-02-18 22:00:00,30.36,11.76,6.61,36.29,21.85,952.32,2.35,0.914,1.04,High Stress
1176,2024-02-18 23:00:00,26.6,14.64,7.54,60.94,20.0,643.61,7.4,0.736,7.48,Moderate Stress
1177,2024-02-19 00:00:00,36.19,26.61,7.71,94.46,20.8,680.17,7.62,0.445,4.83,Moderate Stress
1178,2024-02-19 01:00:00,9.28,32.04,5.72,80.08,34.95,981.58,4.31,0.417,3.81,High Stress
1179,2024-02-19 02:00:00,35.44,30.35,6.85,43.68,29.08,713.7,3.11,0.593,7.86,Healthy
1180,2024-02-19 03:00:00,26.65,27.13,7.78,62.59,15.14,224.63,4.81,0.259,8.49,Healthy
1181,2024-02-19 04:00:00,43.52,12.76,6.47,45.19,25.73,779.04,1.11,0.288,9.78,Moderate Stress
1182,2024-02-19 05:00:00,18.67,17.23,7.57,56.62,25.2,924.37,0.65,0.332,6.78,Moderate Stress
1183,2024-02-19 06:00:00,30.3,17.75,5.83,80.71,17.85,836.46,1.29,0.781,5.15,Moderate Stress
1184,2024-02-19 07:00:00,42.28,16.25,7.84,80.13,31.9,667.07,2.03,0.585,3.75,Healthy
1185,2024-02-19 08:00:00,9.1,22.88,7.38,44.83,32.55,737.04,5.14,0.208,3.0,Moderate Stress
1186,2024-02-19 09:00:00,42.49,23.39,7.85,89.94,33.02,992.15,8.52,0.705,2.92,Moderate Stress
1187,2024-02-19 10:00:00,32.52,18.92,7.19,68.52,33.21,272.53,2.51,0.518,4.68,Healthy
1188,2024-02-19 11:00:00,7.71,18.84,6.41,54.7,15.0,733.8,9.36,0.583,9.93,Moderate Stress
1189,2024-02-19 12:00:00,17.04,30.71,7.85,62.63,38.85,426.72,9.56,0.361,1.01,Moderate Stress
1190,2024-02-19 13:00:00,33.33,29.73,6.19,69.33,35.36,712.07,9.6,0.614,2.77,High Stress
1191,2024-02-19 14:00:00,7.69,17.69,6.33,66.39,37.6,686.1,8.41,0.934,2.7,Moderate Stress
1192,2024-02-19 15:00:00,28.29,32.84,7.25,61.62,15.39,322.77,3.77,0.255,7.45,High Stress
1193,2024-02-19 16:00:00,18.84,33.82,7.41,62.82,38.35,365.4,0.91,0.413,4.17,Moderate Stress
1194,2024-02-19 17:00:00,29.84,18.17,7.82,41.47,35.24,697.3,5.77,0.382,5.12,Moderate Stress
1195,2024-02-19 18:00:00,6.83,18.86,6.01,82.83,35.93,302.58,5.68,0.386,2.34,High Stress
1196,2024-02-19 19:00:00,39.86,22.64,7.49,65.21,17.33,412.14,8.53,0.484,4.64,Moderate Stress
1197,2024-02-19 20:00:00,43.94,33.53,7.35,38.52,33.47,868.2,9.96,0.814,1.93,High Stress
1198,2024-02-19 21:00:00,43.76,31.91,5.66,79.8,39.0,461.67,5.18,0.885,5.8,Moderate Stress
1199,2024-02-19 22:00:00,34.99,12.56,6.47,90.61,31.96,590.45,3.58,0.352,1.88,High Stress
1200,2024-02-19 23:00:00,10.2,19.82,6.21,91.57,29.26,952.91,2.02,0.607,8.11,High Stress
1201,2024-02-20 00:00:00,35.33,23.83,6.26,53.99,38.64,381.72,0.25,0.678,6.1,Moderate Stress
1202,2024-02-20 01:00:00,5.98,22.58,7.96,38.81,26.07,511.7,5.19,0.591,7.52,Moderate Stress
1203,2024-02-20 02:00:00,5.88,14.85,7.11,63.7,29.98,685.17,5.64,0.526,4.77,High Stress
1204,2024-02-20 03:00:00,17.94,31.47,7.29,37.32,26.91,804.27,8.28,0.344,4.43,Healthy
1205,2024-02-20 04:00:00,24.55,26.92,7.94,90.71,38.32,921.32,5.14,0.566,1.88,Moderate Stress
1206,2024-02-20 05:00:00,35.82,30.95,6.44,41.93,16.9,932.38,9.18,0.501,5.71,Moderate Stress
1207,2024-02-20 06:00:00,32.33,31.47,7.5,46.43,27.53,821.31,6.36,0.797,5.63,Healthy
1208,2024-02-20 07:00:00,22.84,28.71,6.59,56.43,32.17,382.66,8.44,0.773,5.21,Healthy
1209,2024-02-20 08:00:00,15.95,20.98,7.67,54.91,34.8,219.85,1.65,0.3,7.66,High Stress
1210,2024-02-20 09:00:00,44.88,25.26,5.95,81.65,29.58,507.02,8.58,0.266,8.49,Moderate Stress
1211,2024-02-20 10:00:00,22.05,14.01,7.87,59.66,37.72,313.24,6.82,0.881,7.76,High Stress
1212,2024-02-20 11:00:00,23.06,26.84,6.05,41.1,38.55,768.31,1.87,0.602,2.29,Moderate Stress
1213,2024-02-20 12:00:00,11.54,14.48,6.32,47.37,16.61,728.9,2.06,0.843,6.6,Healthy
1214,2024-02-20 13:00:00,36.79,27.35,7.39,63.09,25.06,235.18,9.28,0.244,1.72,High Stress
1215,2024-02-20 14:00:00,32.75,15.74,6.48,39.58,15.59,869.28,0.52,0.595,7.25,Moderate Stress
1216,2024-02-20 15:00:00,13.83,12.94,7.02,69.76,23.24,398.99,4.73,0.605,4.44,Moderate Stress
1217,2024-02-20 16:00:00,8.3,14.13,6.61,66.77,28.42,545.78,3.27,0.846,2.19,Healthy
1218,2024-02-20 17:00:00,32.22,10.05,7.36,76.46,37.77,734.35,6.72,0.273,8.76,Healthy
1219,2024-02-20 18:00:00,31.18,27.97,6.07,90.95,36.16,543.54,8.43,0.38,6.53,Moderate Stress
1220,2024-02-20 19:00:00,15.93,28.31,5.65,89.3,18.19,553.03,3.73,0.505,4.19,Healthy
1221,2024-02-20 20:00:00,43.03,22.87,6.25,91.49,17.33,252.5,4.38,0.849,1.28,Healthy
1222,2024-02-20 21:00:00,11.04,14.03,6.69,45.91,29.73,521.15,9.82,0.904,5.84,High Stress
1223,2024-02-20 22:00:00,22.29,12.09,5.92,38.55,28.3,811.88,7.88,0.945,9.31,Moderate Stress
1224,2024-02-20 23:00:00,42.74,10.48,6.39,49.65,21.66,932.14,8.99,0.919,6.37,High Stress
1225,2024-02-21 00:00:00,21.79,14.14,6.5,88.18,37.49,530.8,4.5,0.204,9.74,Healthy
1226,2024-02-21 01:00:00,30.54,32.27,5.64,93.18,38.18,538.87,2.49,0.236,2.23,Moderate Stress
1227,2024-02-21 02:00:00,20.9,16.04,6.96,85.86,25.07,762.1,4.24,0.311,6.11,Healthy
1228,2024-02-21 03:00:00,15.97,18.86,7.71,37.15,37.26,954.22,7.22,0.462,8.18,Healthy
1229,2024-02-21 04:00:00,44.36,12.63,5.88,91.58,24.6,413.65,1.27,0.822,5.73,Moderate Stress
1230,2024-02-21 05:00:00,21.37,15.56,6.99,57.52,33.42,552.12,2.85,0.869,1.82,Healthy
1231,2024-02-21 06:00:00,40.76,22.98,7.16,30.61,26.9,836.78,0.66,0.34,6.25,High Stress
1232,2024-02-21 07:00:00,14.2,25.19,6.55,58.76,18.06,687.75,4.44,0.665,6.51,Moderate Stress
1233,2024-02-21 08:00:00,13.52,16.13,7.25,32.99,38.2,288.47,8.31,0.888,7.56,Healthy
1234,2024-02-21 09:00:00,6.25,11.44,6.53,65.35,26.35,702.19,0.44,0.548,7.85,Healthy
1235,2024-02-21 10:00:00,31.07,19.78,6.76,52.01,33.36,349.4,6.82,0.278,7.94,Healthy
1236,2024-02-21 11:00:00,19.74,15.86,5.52,60.77,24.18,608.17,9.34,0.543,6.97,Moderate Stress
1237,2024-02-21 12:00:00,39.57,15.49,7.23,69.86,15.47,623.28,2.52,0.482,2.94,High Stress
1238,2024-02-21 13:00:00,23.93,34.0,7.15,86.47,17.51,900.96,7.0,0.633,4.64,Healthy
1239,2024-02-21 14:00:00,43.73,25.41,5.6,73.02,27.41,570.0,9.76,0.529,7.99,Healthy
1240,2024-02-21 15:00:00,12.42,23.92,6.42,58.21,32.25,423.55,9.63,0.213,9.58,Healthy
1241,2024-02-21 16:00:00,39.74,20.39,7.95,83.26,23.37,384.77,2.5,0.945,1.71,Moderate Stress
1242,2024-02-21 17:00:00,36.06,20.72,6.55,88.86,32.39,899.4,1.18,0.608,5.82,Healthy
1243,2024-02-21 18:00:00,35.84,23.52,6.75,37.78,32.47,336.81,1.65,0.555,3.81,Healthy
1244,2024-02-21 19:00:00,38.79,27.41,7.77,64.58,32.6,540.69,7.08,0.916,3.03,Healthy
1245,2024-02-21 20:00:00,35.44,27.55,7.29,48.49,27.31,349.74,7.31,0.317,5.55,Moderate Stress
1246,2024-02-21 21:00:00,30.05,14.29,6.96,33.06,37.87,818.64,6.81,0.342,6.45,High Stress
1247,2024-02-21 22:00:00,10.25,22.5,7.49,73.46,27.23,579.5,3.49,0.806,1.09,Moderate Stress
1248,2024-02-21 23:00:00,6.3,20.3,7.66,86.08,26.26,480.91,1.86,0.396,8.02,High Stress
1249,2024-02-22 00:00:00,41.83,31.76,6.64,40.59,19.98,488.88,5.89,0.799,8.38,High Stress
1250,2024-02-22 01:00:00,29.67,25.79,6.69,82.81,22.69,881.77,4.94,0.404,9.69,Moderate Stress
1251,2024-02-22 02:00:00,36.86,23.31,6.47,85.47,16.06,643.02,7.34,0.225,2.63,Healthy
1252,2024-02-22 03:00:00,24.26,12.88,7.92,89.43,30.84,774.29,4.53,0.588,6.35,High Stress
1253,2024-02-22 04:00:00,9.69,25.14,7.24,47.24,21.21,917.63,3.52,0.348,4.84,Healthy
1254,2024-02-22 05:00:00,10.01,12.93,5.71,88.76,22.6,921.39,3.08,0.768,4.01,High Stress
1255,2024-02-22 06:00:00,32.42,18.43,7.66,50.84,34.27,462.81,2.27,0.681,6.09,Healthy
1256,2024-02-22 07:00:00,22.21,13.57,6.7,65.9,23.18,961.96,2.8,0.893,8.04,Healthy
1257,2024-02-22 08:00:00,13.02,27.3,5.67,33.28,21.05,219.9,1.13,0.787,1.21,Moderate Stress
1258,2024-02-22 09:00:00,24.66,15.16,6.87,32.85,19.23,501.47,3.6,0.336,9.72,Healthy
1259,2024-02-22 10:00:00,7.57,19.8,6.54,76.82,34.37,916.64,0.56,0.8,8.29,High Stress
1260,2024-02-22 11:00:00,28.28,32.39,7.69,58.89,18.24,419.71,2.03,0.681,7.76,Healthy
1261,2024-02-22 12:00:00,15.76,15.11,6.01,46.66,26.34,418.47,7.52,0.702,7.84,Healthy
1262,2024-02-22 13:00:00,36.9,22.7,7.57,42.38,27.67,442.1,3.39,0.824,4.5,Healthy
1263,2024-02-22 14:00:00,17.41,20.48,6.89,73.55,32.18,689.85,6.75,0.63,7.76,High Stress
1264,2024-02-22 15:00:00,23.21,10.45,5.64,30.03,30.83,550.67,7.23,0.55,4.48,High Stress
1265,2024-02-22 16:00:00,5.46,29.82,7.93,82.38,35.27,781.39,5.9,0.677,9.09,High Stress
1266,2024-02-22 17:00:00,7.9,11.73,6.78,35.15,16.12,915.93,9.6,0.423,2.6,Healthy
1267,2024-02-22 18:00:00,20.7,21.86,6.23,42.45,22.41,739.36,0.41,0.337,3.63,Moderate Stress
1268,2024-02-22 19:00:00,24.2,24.02,6.67,55.11,22.0,363.57,7.44,0.662,5.96,High Stress
1269,2024-02-22 20:00:00,29.0,25.71,7.64,61.52,18.65,946.15,9.6,0.375,3.87,Healthy
1270,2024-02-22 21:00:00,16.67,27.22,6.26,53.07,22.23,411.59,8.65,0.26,4.82,High Stress
1271,2024-02-22 22:00:00,32.8,16.33,5.98,50.85,22.74,319.92,1.85,0.2,5.43,Moderate Stress
1272,2024-02-22 23:00:00,39.4,10.25,5.82,92.65,28.05,271.97,3.4,0.656,8.71,Healthy
1273,2024-02-23 00:00:00,36.19,28.09,6.24,71.7,31.59,650.71,1.89,0.472,5.71,High Stress
1274,2024-02-23 01:00:00,6.58,23.39,7.45,31.52,24.53,291.01,6.09,0.764,4.26,High Stress
1275,2024-02-23 02:00:00,24.22,30.9,6.68,57.96,32.99,311.02,7.18,0.481,3.23,Moderate Stress
1276,2024-02-23 03:00:00,9.2,30.53,6.07,86.88,23.4,440.02,3.31,0.565,4.68,High Stress
1277,2024-02-23 04:00:00,14.68,31.08,5.92,49.59,22.26,425.32,5.49,0.505,5.64,Healthy
1278,2024-02-23 05:00:00,44.47,22.13,6.33,36.15,28.53,683.39,6.97,0.688,7.72,Healthy
1279,2024-02-23 06:00:00,10.7,18.34,7.85,79.3,15.59,853.4,4.33,0.467,2.09,Moderate Stress
1280,2024-02-23 07:00:00,24.96,29.79,6.36,69.39,16.99,809.08,8.57,0.923,2.99,Moderate Stress
1281,2024-02-23 08:00:00,29.73,21.28,7.97,67.07,25.45,409.99,7.76,0.902,4.42,Moderate Stress
1282,2024-02-23 09:00:00,33.1,14.59,6.71,33.48,38.57,396.25,0.83,0.836,4.24,Healthy
1283,2024-02-23 10:00:00,27.39,31.37,5.95,39.13,33.04,972.63,6.29,0.89,4.53,Moderate Stress
1284,2024-02-23 11:00:00,5.39,32.06,7.73,70.47,17.2,206.59,2.51,0.537,8.14,High Stress
1285,2024-02-23 12:00:00,18.06,21.66,6.65,43.51,36.16,903.78,5.66,0.602,3.92,High Stress
1286,2024-02-23 13:00:00,25.71,11.89,7.27,62.76,33.31,359.78,9.58,0.757,5.52,Healthy
1287,2024-02-23 14:00:00,8.51,19.7,7.96,65.42,30.27,957.83,8.81,0.722,6.62,High Stress
1288,2024-02-23 15:00:00,19.03,30.09,5.63,48.43,35.51,473.85,4.16,0.868,3.09,Moderate Stress
1289,2024-02-23 16:00:00,6.33,32.54,5.74,91.65,25.1,552.28,3.06,0.737,7.47,High Stress
1290,2024-02-23 17:00:00,8.14,15.09,7.3,84.76,20.54,765.7,2.5,0.948,5.92,Moderate Stress
1291,2024-02-23 18:00:00,20.88,11.67,6.2,76.95,27.8,670.14,5.42,0.461,5.02,High Stress
1292,2024-02-23 19:00:00,10.31,31.93,5.96,35.07,28.72,454.35,1.32,0.825,8.29,Healthy
1293,2024-02-23 20:00:00,27.7,19.74,5.6,36.9,28.46,643.06,5.58,0.723,3.19,Moderate Stress
1294,2024-02-23 21:00:00,32.58,23.54,5.55,62.03,29.13,784.57,0.21,0.719,8.95,High Stress
1295,2024-02-23 22:00:00,37.02,34.2,7.44,40.45,38.72,233.87,3.37,0.444,6.05,Healthy
1296,2024-02-23 23:00:00,13.01,11.66,5.84,93.59,37.56,208.96,2.36,0.789,6.48,High Stress
1297,2024-02-24 00:00:00,11.7,26.21,6.67,40.3,36.89,566.45,9.72,0.875,8.88,Healthy
1298,2024-02-24 01:00:00,9.18,11.85,7.01,61.69,35.04,305.47,7.33,0.364,8.36,High Stress
1299,2024-02-24 02:00:00,30.46,19.39,6.57,53.67,38.59,731.48,3.63,0.669,6.41,Moderate Stress
1300,2024-02-24 03:00:00,33.26,30.1,5.57,71.56,17.46,371.24,1.11,0.494,7.78,Moderate Stress
1301,2024-02-24 04:00:00,6.26,20.84,7.46,38.39,21.63,546.28,5.26,0.942,4.9,Moderate Stress
1302,2024-02-24 05:00:00,42.45,34.93,5.53,57.97,27.38,358.14,2.29,0.559,5.93,Moderate Stress
1303,2024-02-24 06:00:00,7.08,23.98,7.4,47.86,36.16,638.79,5.46,0.371,1.56,Moderate Stress
1304,2024-02-24 07:00:00,26.65,18.03,7.73,87.7,27.63,292.84,8.39,0.486,1.81,High Stress
1305,2024-02-24 08:00:00,33.36,15.5,6.58,32.64,33.7,218.49,6.23,0.69,8.46,High Stress
1306,2024-02-24 09:00:00,39.84,18.76,6.84,89.39,18.47,240.91,6.41,0.257,1.54,High Stress
1307,2024-02-24 10:00:00,33.56,19.31,6.69,84.14,21.31,963.41,5.5,0.653,2.52,High Stress
1308,2024-02-24 11:00:00,37.07,11.72,6.47,49.34,33.29,313.83,9.29,0.898,8.16,Moderate Stress
1309,2024-02-24 12:00:00,18.58,19.24,7.72,81.3,19.12,766.78,9.33,0.838,1.01,Healthy
1310,2024-02-24 13:00:00,37.59,21.61,7.73,32.03,23.78,254.34,5.22,0.251,3.54,Moderate Stress
1311,2024-02-24 14:00:00,8.2,28.07,6.34,92.85,21.62,286.53,3.2,0.945,6.26,High Stress
1312,2024-02-24 15:00:00,40.79,26.42,7.04,64.23,23.75,607.1,4.7,0.724,6.36,Moderate Stress
1313,2024-02-24 16:00:00,26.9,27.72,7.82,49.71,32.71,571.9,2.03,0.322,7.99,Moderate Stress
1314,2024-02-24 17:00:00,37.69,10.21,7.91,53.57,24.2,961.26,6.44,0.209,5.55,Moderate Stress
1315,2024-02-24 18:00:00,23.09,15.44,6.77,34.32,28.88,955.87,5.1,0.328,5.58,Healthy
1316,2024-02-24 19:00:00,30.74,26.54,6.63,94.31,17.5,823.69,1.21,0.829,7.53,Moderate Stress
1317,2024-02-24 20:00:00,26.06,22.1,6.2,32.55,35.13,681.68,2.14,0.216,5.49,Moderate Stress
1318,2024-02-24 21:00:00,34.26,10.13,7.9,72.57,24.25,563.97,4.9,0.375,6.48,Healthy
1319,2024-02-24 22:00:00,8.27,30.11,5.86,58.78,31.21,484.94,8.9,0.768,9.08,Moderate Stress
1320,2024-02-24 23:00:00,7.41,29.32,6.95,91.68,33.13,957.67,5.75,0.64,4.61,Moderate Stress
1321,2024-02-25 00:00:00,14.88,23.71,6.21,45.99,20.24,682.33,6.88,0.787,4.47,Moderate Stress
1322,2024-02-25 01:00:00,11.38,11.66,6.2,64.59,37.12,663.26,3.52,0.76,1.03,Moderate Stress
1323,2024-02-25 02:00:00,39.87,29.16,6.51,61.35,30.41,385.52,5.8,0.238,6.52,Moderate Stress
1324,2024-02-25 03:00:00,13.77,24.59,8.0,75.69,25.72,237.36,4.58,0.869,1.27,High Stress
1325,2024-02-25 04:00:00,44.03,29.55,5.64,34.42,19.56,956.15,6.66,0.37,5.54,Moderate Stress
1326,2024-02-25 05:00:00,18.48,28.79,6.95,42.6,38.56,450.99,0.7,0.615,8.24,Healthy
1327,2024-02-25 06:00:00,12.28,30.08,5.71,43.95,33.88,554.07,5.03,0.683,5.95,Moderate Stress
1328,2024-02-25 07:00:00,36.59,22.95,5.89,77.98,20.2,291.71,3.1,0.326,3.43,High Stress
1329,2024-02-25 08:00:00,31.35,13.51,6.6,42.29,23.44,869.54,3.4,0.932,8.08,Healthy
1330,2024-02-25 09:00:00,24.93,26.78,6.78,67.28,35.24,222.11,9.62,0.566,3.43,Healthy
1331,2024-02-25 10:00:00,27.21,25.51,6.15,43.99,32.39,867.19,1.99,0.243,7.6,Moderate Stress
1332,2024-02-25 11:00:00,33.77,28.56,6.29,86.01,34.14,312.23,3.25,0.903,6.49,High Stress
1333,2024-02-25 12:00:00,14.14,14.25,5.72,91.24,26.03,909.25,5.2,0.64,2.53,Moderate Stress
1334,2024-02-25 13:00:00,44.85,14.87,6.26,63.7,32.91,783.82,8.66,0.724,9.15,High Stress
1335,2024-02-25 14:00:00,43.99,32.26,7.92,52.9,24.66,331.74,4.28,0.594,2.81,High Stress
1336,2024-02-25 15:00:00,31.01,28.75,7.86,45.21,20.28,652.65,7.49,0.826,9.91,Moderate Stress
1337,2024-02-25 16:00:00,12.98,32.71,6.34,33.24,30.82,450.13,8.59,0.225,1.07,High Stress
1338,2024-02-25 17:00:00,32.21,28.97,6.93,47.45,39.4,342.59,3.24,0.401,3.37,Moderate Stress
1339,2024-02-25 18:00:00,7.89,24.93,7.77,72.53,22.77,887.35,4.05,0.552,2.8,High Stress
1340,2024-02-25 19:00:00,6.23,26.35,5.52,64.69,26.52,522.82,3.69,0.257,1.13,Healthy
1341,2024-02-25 20:00:00,15.31,32.23,7.53,91.36,31.85,518.83,8.36,0.729,7.59,Moderate Stress
1342,2024-02-25 21:00:00,23.5,24.47,7.87,55.76,28.54,335.91,0.63,0.495,7.24,High Stress
1343,2024-02-25 22:00:00,39.73,25.81,5.73,75.1,36.09,506.45,3.22,0.405,8.13,Healthy
1344,2024-02-25 23:00:00,34.09,13.91,5.9,61.81,34.04,897.29,6.86,0.203,3.31,Healthy
1345,2024-02-26 00:00:00,34.71,21.85,7.9,63.32,16.46,490.5,5.74,0.74,5.0,Healthy
1346,2024-02-26 01:00:00,22.02,27.91,6.84,47.41,39.96,961.28,4.48,0.825,6.93,Healthy
1347,2024-02-26 02:00:00,18.84,16.77,5.54,59.57,33.81,957.05,5.49,0.496,4.96,Moderate Stress
1348,2024-02-26 03:00:00,19.84,15.06,6.14,60.6,36.6,315.92,2.14,0.623,7.28,High Stress
1349,2024-02-26 04:00:00,44.51,17.85,6.62,75.93,31.28,341.85,4.42,0.371,6.71,Healthy
1350,2024-02-26 05:00:00,6.6,16.04,7.23,91.14,36.41,890.14,5.12,0.667,2.03,High Stress
1351,2024-02-26 06:00:00,39.68,15.37,7.33,51.41,17.81,514.21,9.03,0.209,8.03,High Stress
1352,2024-02-26 07:00:00,28.15,20.62,7.99,32.74,23.69,203.5,2.76,0.566,7.49,High Stress
1353,2024-02-26 08:00:00,22.54,32.7,6.22,62.26,36.91,419.1,8.7,0.683,6.9,Moderate Stress
1354,2024-02-26 09:00:00,34.01,22.68,6.85,65.39,20.04,678.1,6.51,0.889,2.4,Moderate Stress
1355,2024-02-26 10:00:00,24.47,14.7,6.83,40.95,16.96,839.41,0.4,0.486,3.41,Healthy
1356,2024-02-26 11:00:00,39.94,11.92,6.51,79.43,34.7,306.71,7.3,0.774,4.54,High Stress
1357,2024-02-26 12:00:00,41.03,27.4,5.92,94.02,35.89,288.43,0.55,0.648,3.52,Moderate Stress
1358,2024-02-26 13:00:00,21.87,19.57,7.94,91.48,19.07,937.67,9.97,0.895,3.05,Moderate Stress
1359,2024-02-26 14:00:00,16.07,30.55,7.63,42.81,36.36,800.92,8.75,0.499,8.25,Moderate Stress
1360,2024-02-26 15:00:00,28.69,26.49,6.75,86.9,32.17,671.82,3.11,0.439,6.74,Healthy
1361,2024-02-26 16:00:00,41.49,29.91,7.01,75.79,28.0,815.35,2.72,0.865,6.09,Moderate Stress
1362,2024-02-26 17:00:00,13.43,16.8,6.07,59.5,35.76,543.08,3.94,0.237,3.03,High Stress
1363,2024-02-26 18:00:00,29.92,27.31,6.86,65.14,25.48,806.76,3.69,0.302,9.26,Moderate Stress
1364,2024-02-26 19:00:00,30.26,16.6,7.24,85.22,19.85,497.44,3.85,0.262,2.72,Moderate Stress
1365,2024-02-26 20:00:00,34.32,33.48,6.79,61.21,22.12,395.28,3.32,0.832,8.15,Healthy
1366,2024-02-26 21:00:00,10.26,25.91,7.98,54.26,27.63,783.21,6.29,0.208,9.7,High Stress
1367,2024-02-26 22:00:00,33.63,18.11,7.03,62.06,28.28,535.74,1.81,0.846,7.54,Moderate Stress
1368,2024-02-26 23:00:00,41.36,16.74,6.43,67.64,35.14,985.1,8.49,0.538,9.94,High Stress
1369,2024-02-27 00:00:00,12.19,14.77,7.43,42.29,34.78,479.59,8.16,0.203,6.86,High Stress
1370,2024-02-27 01:00:00,14.5,27.37,5.93,88.56,29.53,937.38,4.87,0.501,2.96,Moderate Stress
1371,2024-02-27 02:00:00,43.86,15.47,6.46,73.82,34.52,946.37,8.56,0.34,2.83,Healthy
1372,2024-02-27 03:00:00,12.24,24.88,6.37,71.16,19.79,393.48,2.62,0.668,3.92,High Stress
1373,2024-02-27 04:00:00,39.18,16.62,6.58,36.47,16.25,838.58,0.37,0.71,1.06,Moderate Stress
1374,2024-02-27 05:00:00,24.69,26.55,7.45,69.27,36.84,546.46,6.27,0.566,7.14,High Stress
1375,2024-02-27 06:00:00,14.89,30.37,6.71,37.86,16.89,934.02,4.69,0.23,3.42,High Stress
1376,2024-02-27 07:00:00,39.83,29.45,7.49,35.12,21.17,560.1,5.76,0.692,8.34,High Stress
1377,2024-02-27 08:00:00,22.81,29.02,6.94,64.28,32.38,795.44,9.01,0.832,4.23,Moderate Stress
1378,2024-02-27 09:00:00,25.59,14.69,6.36,56.18,25.24,573.57,9.71,0.74,5.32,High Stress
1379,2024-02-27 10:00:00,19.37,12.21,7.52,68.27,36.91,382.24,6.42,0.822,9.69,High Stress
1380,2024-02-27 11:00:00,28.72,27.47,6.1,35.8,22.45,359.48,7.69,0.35,3.18,Healthy
1381,2024-02-27 12:00:00,11.54,19.21,6.06,58.01,15.3,540.34,1.02,0.867,7.49,Moderate Stress
1382,2024-02-27 13:00:00,20.64,20.81,6.76,41.36,22.52,804.4,1.78,0.442,7.8,Moderate Stress
1383,2024-02-27 14:00:00,43.78,10.78,6.15,94.16,29.45,684.06,7.39,0.21,2.99,High Stress
1384,2024-02-27 15:00:00,15.33,16.49,5.52,66.47,24.4,750.9,4.43,0.833,5.51,Healthy
1385,2024-02-27 16:00:00,31.27,10.84,7.12,74.68,28.37,425.86,4.57,0.906,4.15,High Stress
1386,2024-02-27 17:00:00,18.01,31.98,6.78,51.15,36.91,585.15,3.22,0.692,7.95,High Stress
1387,2024-02-27 18:00:00,35.94,16.08,6.61,36.16,37.81,235.52,6.15,0.374,6.6,Moderate Stress
1388,2024-02-27 19:00:00,10.23,23.93,7.92,93.43,21.65,854.03,2.01,0.389,5.28,Healthy
1389,2024-02-27 20:00:00,43.79,10.97,6.93,48.61,26.55,991.91,6.34,0.55,8.01,High Stress
1390,2024-02-27 21:00:00,23.15,26.67,7.66,57.55,28.73,525.5,1.9,0.873,3.12,Moderate Stress
1391,2024-02-27 22:00:00,14.44,18.08,5.85,72.24,38.73,208.77,0.83,0.312,7.78,High Stress
1392,2024-02-27 23:00:00,7.94,32.45,6.92,31.61,39.97,335.83,3.44,0.819,8.79,High Stress
1393,2024-02-28 00:00:00,11.79,32.2,7.67,82.67,20.89,722.02,2.47,0.418,8.91,Healthy
1394,2024-02-28 01:00:00,25.79,18.13,6.96,64.88,33.17,689.66,8.91,0.806,8.05,Healthy
1395,2024-02-28 02:00:00,18.48,32.52,7.3,48.08,24.45,830.29,0.74,0.89,4.67,Healthy
1396,2024-02-28 03:00:00,38.16,34.9,6.43,34.0,15.2,403.11,1.93,0.521,9.84,High Stress
1397,2024-02-28 04:00:00,22.24,30.64,5.73,40.56,15.23,810.91,5.58,0.474,4.42,Healthy
1398,2024-02-28 05:00:00,14.95,31.12,6.64,88.18,26.51,750.39,4.91,0.802,6.75,Moderate Stress
1399,2024-02-28 06:00:00,29.69,16.23,6.49,74.59,27.21,458.25,0.65,0.597,2.45,High Stress
1400,2024-02-28 07:00:00,33.27,24.42,7.67,46.24,15.56,636.39,0.27,0.713,9.82,Healthy
1401,2024-02-28 08:00:00,11.68,11.68,6.11,34.26,32.17,317.82,9.88,0.667,7.34,High Stress
1402,2024-02-28 09:00:00,11.7,12.37,7.92,74.89,22.35,562.05,6.66,0.315,7.78,High Stress
1403,2024-02-28 10:00:00,6.47,34.97,7.9,67.21,29.0,904.96,3.78,0.834,1.59,Moderate Stress
1404,2024-02-28 11:00:00,34.46,18.17,6.12,56.29,22.52,536.95,4.81,0.347,7.87,Moderate Stress
1405,2024-02-28 12:00:00,31.55,28.7,6.37,53.63,19.18,871.65,2.81,0.899,7.97,Moderate Stress
1406,2024-02-28 13:00:00,23.99,30.17,7.74,44.09,25.18,672.2,3.58,0.388,7.05,High Stress
1407,2024-02-28 14:00:00,38.77,31.45,7.92,73.52,20.81,353.5,6.56,0.75,3.63,High Stress
1408,2024-02-28 15:00:00,37.23,34.94,6.61,93.09,28.37,664.88,8.85,0.413,5.41,Moderate Stress
1409,2024-02-28 16:00:00,28.41,16.04,6.3,41.42,19.97,604.79,2.0,0.438,1.99,High Stress
1410,2024-02-28 17:00:00,39.73,11.01,6.82,68.81,27.71,518.91,8.44,0.433,5.24,Moderate Stress
1411,2024-02-28 18:00:00,13.23,20.28,7.22,57.57,18.93,295.7,1.39,0.761,3.19,Moderate Stress
1412,2024-02-28 19:00:00,9.48,13.25,6.18,59.03,31.77,533.37,2.31,0.618,4.14,Healthy
1413,2024-02-28 20:00:00,15.79,10.56,7.34,46.52,33.85,258.21,0.56,0.862,2.46,Moderate Stress
1414,2024-02-28 21:00:00,7.28,19.01,5.63,83.63,17.76,279.02,1.58,0.431,3.07,Healthy
1415,2024-02-28 22:00:00,26.25,29.59,5.62,61.54,26.7,532.73,9.19,0.719,1.69,Moderate Stress
1416,2024-02-28 23:00:00,42.46,24.15,6.47,65.32,16.77,444.31,4.7,0.765,9.28,High Stress
1417,2024-02-29 00:00:00,6.57,17.82,6.38,49.81,29.95,940.44,0.96,0.314,5.77,Healthy
1418,2024-02-29 01:00:00,9.88,26.36,6.29,41.82,21.61,500.56,9.61,0.5,4.57,High Stress
1419,2024-02-29 02:00:00,23.09,15.8,6.73,35.58,28.19,806.29,8.81,0.562,5.82,High Stress
1420,2024-02-29 03:00:00,42.36,10.36,6.3,76.42,27.94,624.2,7.6,0.467,6.65,Moderate Stress
1421,2024-02-29 04:00:00,17.65,29.11,5.98,42.76,38.11,763.27,9.35,0.442,9.3,Moderate Stress
1422,2024-02-29 05:00:00,25.29,25.59,6.27,74.85,28.73,408.09,2.36,0.715,2.61,High Stress
1423,2024-02-29 06:00:00,6.66,29.06,7.94,55.37,29.57,953.52,8.4,0.362,3.66,Moderate Stress
1424,2024-02-29 07:00:00,10.93,10.97,6.53,57.03,25.04,624.07,6.96,0.732,9.78,Moderate Stress
1425,2024-02-29 08:00:00,44.47,30.93,6.61,60.5,38.73,865.06,8.72,0.901,4.34,Moderate Stress
1426,2024-02-29 09:00:00,43.6,25.49,6.94,53.9,34.43,492.04,8.01,0.624,1.2,High Stress
1427,2024-02-29 10:00:00,5.2,24.08,7.96,36.54,22.14,280.17,3.6,0.659,2.33,Healthy
1428,2024-02-29 11:00:00,43.07,25.62,6.1,50.13,36.11,738.97,7.79,0.252,1.24,Healthy
1429,2024-02-29 12:00:00,30.56,31.61,7.2,73.14,25.81,206.21,2.77,0.848,9.91,High Stress
1430,2024-02-29 13:00:00,39.72,24.67,7.29,73.28,35.72,580.23,3.42,0.414,3.51,Moderate Stress
1431,2024-02-29 14:00:00,23.19,24.52,7.02,48.6,35.57,354.24,1.26,0.661,9.31,Moderate Stress
1432,2024-02-29 15:00:00,25.62,34.77,5.72,59.91,19.72,701.9,9.36,0.934,9.96,Healthy
1433,2024-02-29 16:00:00,24.55,28.92,7.19,42.57,32.53,983.54,3.05,0.647,6.4,High Stress
1434,2024-02-29 17:00:00,31.67,21.06,5.66,43.67,22.27,571.52,5.3,0.744,1.3,High Stress
1435,2024-02-29 18:00:00,10.59,27.68,6.99,31.5,22.44,854.0,4.04,0.534,1.73,Moderate Stress
1436,2024-02-29 19:00:00,6.2,19.73,7.35,88.29,22.41,606.23,9.61,0.245,5.33,Moderate Stress
1437,2024-02-29 20:00:00,17.32,15.72,6.03,43.7,33.14,596.67,3.48,0.798,4.66,Moderate Stress
1438,2024-02-29 21:00:00,33.19,24.92,7.6,44.79,20.75,944.34,7.83,0.226,6.46,High Stress
1439,2024-02-29 22:00:00,13.07,33.2,5.58,48.17,15.02,911.97,8.58,0.725,4.95,Healthy
1440,2024-02-29 23:00:00,31.94,33.23,7.61,38.28,32.88,828.64,4.47,0.217,9.41,High Stress
1441,2024-03-01 00:00:00,43.8,18.55,6.65,71.55,19.28,437.0,3.91,0.847,5.81,High Stress
1442,2024-03-01 01:00:00,8.76,23.19,6.04,34.88,17.61,636.01,7.53,0.318,7.24,High Stress
1443,2024-03-01 02:00:00,31.9,15.29,5.83,38.72,20.94,379.12,9.15,0.586,9.07,Healthy
1444,2024-03-01 03:00:00,22.75,34.89,7.88,71.91,24.5,555.13,7.6,0.648,2.32,Moderate Stress
1445,2024-03-01 04:00:00,39.73,34.53,5.68,52.08,26.9,587.37,2.43,0.543,3.07,Moderate Stress
1446,2024-03-01 05:00:00,12.09,26.24,6.0,76.02,16.11,865.31,8.91,0.456,1.97,High Stress
1447,2024-03-01 06:00:00,32.71,30.11,6.37,66.23,39.26,916.82,4.0,0.551,2.26,High Stress
1448,2024-03-01 07:00:00,38.52,27.88,7.05,46.64,32.9,531.7,5.85,0.434,5.61,Healthy
1449,2024-03-01 08:00:00,42.78,24.83,6.86,72.3,23.08,214.16,8.35,0.529,3.89,Healthy
1450,2024-03-01 09:00:00,32.33,11.33,5.81,37.56,22.97,889.42,2.05,0.469,4.81,Moderate Stress
1451,2024-03-01 10:00:00,24.89,21.37,6.22,64.87,26.21,339.42,7.89,0.625,9.84,High Stress
1452,2024-03-01 11:00:00,29.71,26.87,6.1,58.41,30.66,697.51,6.04,0.378,2.41,Healthy
1453,2024-03-01 12:00:00,39.76,26.94,6.03,47.41,18.66,219.98,8.95,0.941,5.87,Healthy
1454,2024-03-01 13:00:00,27.82,19.33,6.53,69.26,19.72,519.61,1.89,0.576,1.89,High Stress
1455,2024-03-01 14:00:00,6.22,33.54,7.26,86.64,36.49,988.77,4.32,0.346,3.87,High Stress
1456,2024-03-01 15:00:00,42.24,14.18,6.04,94.93,21.41,280.55,8.36,0.558,5.75,High Stress
1457,2024-03-01 16:00:00,32.58,22.51,6.42,69.5,24.5,538.95,0.39,0.85,9.52,High Stress
1458,2024-03-01 17:00:00,32.06,27.27,6.48,56.31,36.78,445.72,1.3,0.216,4.52,High Stress
1459,2024-03-01 18:00:00,13.63,27.43,7.94,44.64,31.58,924.07,9.91,0.71,1.58,High Stress
1460,2024-03-01 19:00:00,31.36,26.22,7.89,46.71,23.54,895.47,2.95,0.611,4.49,Healthy
1461,2024-03-01 20:00:00,20.75,16.88,7.5,61.16,32.09,390.16,9.76,0.327,2.31,High Stress
1462,2024-03-01 21:00:00,31.05,13.91,6.1,53.87,15.49,264.95,1.99,0.813,3.07,Moderate Stress
1463,2024-03-01 22:00:00,9.26,25.9,5.67,89.4,33.39,701.71,3.74,0.477,6.56,High Stress
1464,2024-03-01 23:00:00,31.31,24.98,6.29,53.94,27.18,469.09,7.58,0.42,1.61,Moderate Stress
1465,2024-03-02 00:00:00,44.98,14.48,6.17,54.27,35.33,737.67,6.65,0.821,5.18,Moderate Stress
1466,2024-03-02 01:00:00,6.93,27.63,6.76,54.93,38.87,225.7,5.89,0.679,6.49,Moderate Stress
1467,2024-03-02 02:00:00,44.09,21.38,7.44,84.38,38.14,306.72,5.39,0.874,4.8,High Stress
1468,2024-03-02 03:00:00,21.28,26.69,7.65,72.3,37.73,749.1,8.47,0.672,1.17,High Stress
1469,2024-03-02 04:00:00,39.83,30.93,7.61,69.92,27.8,369.9,2.5,0.756,9.87,Moderate Stress
1470,2024-03-02 05:00:00,36.3,14.24,6.4,51.72,24.0,886.07,4.54,0.827,4.3,High Stress
1471,2024-03-02 06:00:00,27.68,10.48,7.22,83.16,26.63,246.87,1.72,0.241,8.01,Healthy
1472,2024-03-02 07:00:00,34.54,29.48,6.28,32.49,32.25,372.39,6.04,0.782,3.93,Healthy
1473,2024-03-02 08:00:00,40.14,25.24,5.65,86.6,37.1,998.85,2.66,0.66,5.28,Healthy
1474,2024-03-02 09:00:00,21.17,27.49,7.25,63.33,20.17,546.46,3.47,0.252,4.5,Healthy
1475,2024-03-02 10:00:00,18.08,30.95,5.52,55.89,37.95,762.37,4.82,0.581,4.08,High Stress
1476,2024-03-02 11:00:00,31.7,30.07,6.52,62.32,35.38,346.13,0.46,0.262,1.2,Moderate Stress
1477,2024-03-02 12:00:00,37.31,34.02,6.32,73.38,39.47,687.89,1.1,0.752,4.24,High Stress
1478,2024-03-02 13:00:00,35.49,23.4,7.23,30.83,37.01,780.88,6.92,0.61,9.01,Healthy
1479,2024-03-02 14:00:00,36.91,22.21,7.42,86.65,22.0,451.58,4.4,0.915,7.21,High Stress
1480,2024-03-02 15:00:00,22.42,20.05,6.26,59.04,17.65,863.12,8.67,0.337,2.31,High Stress
1481,2024-03-02 16:00:00,37.71,13.84,7.53,52.29,17.81,682.73,7.01,0.655,6.32,Healthy
1482,2024-03-02 17:00:00,9.81,24.32,6.23,38.99,22.28,511.3,0.28,0.359,9.03,Moderate Stress
1483,2024-03-02 18:00:00,26.78,16.93,6.62,58.57,30.35,646.11,6.24,0.661,7.3,High Stress
1484,2024-03-02 19:00:00,5.23,33.03,7.32,62.26,35.11,661.41,1.12,0.742,2.34,High Stress
1485,2024-03-02 20:00:00,17.98,24.58,7.23,56.24,37.48,332.43,7.85,0.742,8.81,Healthy
1486,2024-03-02 21:00:00,19.66,24.82,7.97,74.11,30.59,522.19,9.92,0.811,3.71,Moderate Stress
1487,2024-03-02 22:00:00,20.85,18.87,6.06,57.36,15.14,474.74,5.41,0.84,5.09,Healthy
1488,2024-03-02 23:00:00,32.82,11.3,7.16,92.49,19.66,520.72,6.89,0.258,5.74,Healthy
1489,2024-03-03 00:00:00,20.54,10.79,7.02,68.95,17.49,808.89,2.53,0.457,8.65,High Stress
1490,2024-03-03 01:00:00,22.95,20.58,7.79,82.49,24.08,586.03,4.49,0.715,9.38,Moderate Stress
1491,2024-03-03 02:00:00,14.5,12.11,5.89,37.11,27.53,952.25,8.59,0.574,9.37,Healthy
1492,2024-03-03 03:00:00,19.93,25.17,7.38,55.82,16.08,434.94,1.84,0.343,1.07,High Stress
1493,2024-03-03 04:00:00,14.09,32.02,6.92,51.9,23.71,532.56,2.8,0.615,9.3,Healthy
1494,2024-03-03 05:00:00,7.93,32.07,6.19,67.02,19.48,829.57,4.57,0.506,1.49,High Stress
1495,2024-03-03 06:00:00,29.14,26.48,6.69,85.97,31.18,636.82,7.18,0.493,3.39,Moderate Stress
1496,2024-03-03 07:00:00,31.73,15.28,6.33,35.09,26.61,637.62,3.88,0.807,5.63,Healthy
1497,2024-03-03 08:00:00,29.78,31.57,6.95,34.72,27.38,242.67,9.29,0.506,5.32,Moderate Stress
1498,2024-03-03 09:00:00,23.54,32.15,7.72,85.27,25.69,518.88,1.13,0.22,6.44,Moderate Stress
1499,2024-03-03 10:00:00,20.19,14.92,6.92,43.84,38.9,416.59,3.83,0.244,5.32,High Stress
1500,2024-03-03 11:00:00,39.53,28.44,7.08,73.47,20.37,999.47,7.15,0.842,9.41,Healthy
1501,2024-03-03 12:00:00,25.76,17.16,6.8,65.29,27.92,446.68,2.41,0.92,3.16,Healthy
1502,2024-03-03 13:00:00,24.17,30.07,5.63,84.14,33.4,907.6,6.63,0.716,3.47,High Stress
1503,2024-03-03 14:00:00,6.03,34.93,6.08,38.13,28.92,740.99,1.81,0.473,9.29,High Stress
1504,2024-03-03 15:00:00,18.65,10.75,6.73,38.44,38.23,472.73,0.75,0.904,1.69,Moderate Stress
1505,2024-03-03 16:00:00,20.21,32.43,6.28,66.19,24.45,634.83,1.39,0.697,6.49,Healthy
1506,2024-03-03 17:00:00,20.95,25.57,5.95,91.51,26.59,872.43,9.31,0.833,7.14,Healthy
1507,2024-03-03 18:00:00,28.21,34.33,6.76,56.97,17.21,906.69,5.61,0.774,5.55,High Stress
1508,2024-03-03 19:00:00,26.34,21.63,6.31,51.25,30.22,328.32,8.0,0.484,7.25,High Stress
1509,2024-03-03 20:00:00,29.32,31.18,6.15,69.43,22.21,471.66,3.46,0.559,2.55,High Stress
1510,2024-03-03 21:00:00,35.6,11.56,6.66,90.48,19.01,468.18,6.01,0.34,8.67,Healthy
1511,2024-03-03 22:00:00,37.52,18.38,5.83,84.4,28.61,233.64,5.05,0.419,2.26,Healthy
1512,2024-03-03 23:00:00,33.72,11.68,7.82,94.71,28.31,678.59,9.47,0.784,4.61,Moderate Stress
1513,2024-03-04 00:00:00,43.22,34.38,7.67,31.47,16.9,883.86,7.53,0.87,1.68,High Stress
1514,2024-03-04 01:00:00,5.73,30.42,7.27,37.34,32.46,505.26,7.36,0.743,5.91,Moderate Stress
1515,2024-03-04 02:00:00,12.83,31.31,5.77,69.62,30.59,792.03,0.65,0.549,7.03,Healthy
1516,2024-03-04 03:00:00,5.3,33.45,7.44,83.34,19.73,702.16,5.59,0.265,9.47,Moderate Stress
1517,2024-03-04 04:00:00,30.9,12.13,7.52,48.54,26.74,500.52,4.78,0.243,7.65,Moderate Stress
1518,2024-03-04 05:00:00,40.92,19.64,7.42,45.55,33.01,312.85,9.29,0.481,5.87,Moderate Stress
1519,2024-03-04 06:00:00,14.74,11.78,5.78,81.15,28.24,767.46,2.72,0.548,9.39,High Stress
1520,2024-03-04 07:00:00,42.08,15.27,7.11,33.66,24.89,883.65,2.84,0.657,5.31,Healthy
1521,2024-03-04 08:00:00,7.41,15.73,7.59,54.01,23.06,748.68,4.23,0.205,6.05,High Stress
1522,2024-03-04 09:00:00,42.38,21.73,6.94,62.88,30.26,214.3,2.59,0.942,6.36,Moderate Stress
1523,2024-03-04 10:00:00,19.06,16.71,7.12,66.42,38.48,372.99,1.47,0.473,4.69,High Stress
1524,2024-03-04 11:00:00,9.06,12.52,6.65,77.36,31.79,255.58,8.6,0.836,8.55,Healthy
1525,2024-03-04 12:00:00,24.43,14.19,6.82,53.06,16.87,656.31,5.67,0.601,2.67,Healthy
1526,2024-03-04 13:00:00,15.27,13.68,5.59,69.82,26.52,805.18,8.64,0.298,5.99,Moderate Stress
1527,2024-03-04 14:00:00,16.39,34.33,7.1,68.05,37.27,288.46,8.35,0.798,7.5,Moderate Stress
1528,2024-03-04 15:00:00,17.29,28.98,5.7,65.6,17.36,870.67,2.96,0.732,9.14,High Stress
1529,2024-03-04 16:00:00,37.12,34.19,6.59,71.63,39.72,644.41,5.57,0.596,8.96,Healthy
1530,2024-03-04 17:00:00,26.57,20.99,6.23,46.86,38.73,751.98,1.02,0.586,5.58,Healthy
1531,2024-03-04 18:00:00,17.45,16.96,6.86,35.5,16.96,977.12,9.17,0.266,6.79,High Stress
1532,2024-03-04 19:00:00,29.41,29.96,5.83,37.75,38.34,266.94,4.16,0.692,4.55,Healthy
1533,2024-03-04 20:00:00,33.65,18.16,7.23,44.6,24.08,920.98,4.06,0.883,5.21,Moderate Stress
1534,2024-03-04 21:00:00,15.9,17.48,7.49,62.51,36.12,300.88,3.17,0.27,9.16,Moderate Stress
1535,2024-03-04 22:00:00,21.54,15.81,5.91,84.63,25.46,514.37,4.71,0.398,9.38,High Stress
1536,2024-03-04 23:00:00,9.88,13.24,5.76,75.58,26.02,881.15,2.67,0.877,9.06,High Stress
1537,2024-03-05 00:00:00,12.25,16.41,5.86,81.29,30.86,925.0,3.87,0.413,2.25,High Stress
1538,2024-03-05 01:00:00,32.24,18.88,7.69,52.81,34.36,605.1,8.04,0.69,8.65,Moderate Stress
1539,2024-03-05 02:00:00,12.26,26.85,6.82,56.3,15.84,675.28,8.38,0.601,9.54,High Stress
1540,2024-03-05 03:00:00,26.01,11.56,6.67,55.59,29.83,766.52,3.18,0.647,4.25,Healthy
1541,2024-03-05 04:00:00,33.36,15.26,5.77,42.47,19.67,866.21,4.8,0.512,5.67,High Stress
1542,2024-03-05 05:00:00,9.28,30.23,7.12,33.98,23.65,297.21,8.76,0.425,8.01,Healthy
1543,2024-03-05 06:00:00,27.69,13.67,7.67,68.41,23.7,848.06,0.72,0.236,6.06,Moderate Stress
1544,2024-03-05 07:00:00,15.26,18.57,7.57,94.3,26.73,585.02,8.91,0.758,9.94,Healthy
1545,2024-03-05 08:00:00,43.52,31.62,7.07,40.84,23.35,560.5,2.35,0.76,5.1,Healthy
1546,2024-03-05 09:00:00,24.34,13.87,5.69,33.03,17.68,539.12,6.85,0.703,7.43,Healthy
1547,2024-03-05 10:00:00,37.24,12.07,5.78,80.67,18.64,607.37,5.91,0.683,8.13,Moderate Stress
1548,2024-03-05 11:00:00,27.01,22.11,5.62,46.42,15.84,956.04,5.62,0.383,5.45,Healthy
1549,2024-03-05 12:00:00,6.74,17.56,6.14,83.93,26.76,638.56,8.62,0.217,8.71,Healthy
1550,2024-03-05 13:00:00,30.33,24.09,5.84,75.76,38.86,962.54,1.2,0.807,5.92,High Stress
1551,2024-03-05 14:00:00,43.06,30.1,6.15,91.47,17.89,344.23,3.6,0.568,4.7,High Stress
1552,2024-03-05 15:00:00,29.06,13.43,6.46,56.58,38.66,779.31,5.47,0.43,1.97,High Stress
1553,2024-03-05 16:00:00,37.77,24.52,7.86,73.03,33.33,849.79,8.15,0.276,4.54,Healthy
1554,2024-03-05 17:00:00,40.37,22.64,7.03,60.22,30.94,743.3,2.32,0.247,7.61,Healthy
1555,2024-03-05 18:00:00,14.12,13.6,7.59,70.99,31.13,685.54,8.07,0.462,9.29,Moderate Stress
1556,2024-03-05 19:00:00,13.48,25.6,7.28,59.22,35.67,651.85,4.12,0.804,3.27,Healthy
1557,2024-03-05 20:00:00,29.44,16.84,5.78,42.26,17.67,888.74,2.05,0.889,4.2,Healthy
1558,2024-03-05 21:00:00,21.44,22.2,7.34,63.01,27.62,857.32,7.64,0.873,2.39,Moderate Stress
1559,2024-03-05 22:00:00,38.59,12.06,6.19,64.36,32.43,297.83,1.09,0.89,7.22,Healthy
1560,2024-03-05 23:00:00,41.0,21.49,7.1,82.69,29.67,878.87,5.24,0.881,9.64,Moderate Stress
1561,2024-03-06 00:00:00,19.14,17.66,6.35,77.81,35.82,531.25,0.83,0.595,6.77,Moderate Stress
1562,2024-03-06 01:00:00,14.47,30.56,7.99,73.15,16.81,402.96,3.69,0.365,6.55,High Stress
1563,2024-03-06 02:00:00,36.22,11.42,6.16,37.37,32.27,895.81,6.09,0.799,5.98,Healthy
1564,2024-03-06 03:00:00,15.99,20.47,6.2,76.84,28.35,545.62,5.65,0.36,1.8,High Stress
1565,2024-03-06 04:00:00,37.9,21.46,7.83,62.52,24.48,846.69,4.17,0.4,7.57,Healthy
1566,2024-03-06 05:00:00,21.95,28.13,5.56,88.12,23.51,410.72,4.4,0.375,6.42,High Stress
1567,2024-03-06 06:00:00,31.7,24.36,7.24,89.79,30.52,203.14,2.42,0.586,6.95,Moderate Stress
1568,2024-03-06 07:00:00,8.82,26.68,7.31,33.59,37.27,596.37,4.67,0.441,9.09,Moderate Stress
1569,2024-03-06 08:00:00,29.95,29.43,7.59,83.34,27.4,280.18,9.54,0.316,8.06,Moderate Stress
1570,2024-03-06 09:00:00,23.07,31.56,7.94,32.45,35.62,803.5,8.53,0.54,8.03,Moderate Stress
1571,2024-03-06 10:00:00,28.46,17.85,7.94,53.87,25.05,420.86,1.62,0.855,9.34,Healthy
1572,2024-03-06 11:00:00,11.72,23.45,5.66,65.25,17.56,554.92,0.49,0.628,9.91,Healthy
1573,2024-03-06 12:00:00,34.47,31.0,7.55,39.63,16.54,269.63,9.35,0.859,6.23,High Stress
1574,2024-03-06 13:00:00,39.51,34.74,7.12,78.51,16.28,429.33,5.36,0.347,1.98,Healthy
1575,2024-03-06 14:00:00,13.67,32.24,7.12,30.54,24.5,825.19,5.47,0.325,5.13,Healthy
1576,2024-03-06 15:00:00,8.83,19.29,5.82,40.96,23.43,321.27,7.85,0.632,8.09,High Stress
1577,2024-03-06 16:00:00,5.95,14.88,7.13,67.75,32.95,717.73,3.28,0.547,1.25,Moderate Stress
1578,2024-03-06 17:00:00,30.68,22.23,7.96,76.44,33.57,933.94,4.92,0.695,1.51,High Stress
1579,2024-03-06 18:00:00,29.28,28.54,7.78,89.58,16.27,743.87,9.69,0.796,1.6,High Stress
1580,2024-03-06 19:00:00,26.87,22.31,6.6,75.86,20.53,848.82,6.79,0.763,7.58,Moderate Stress
1581,2024-03-06 20:00:00,14.28,22.08,5.6,73.67,21.86,287.18,1.71,0.907,5.51,High Stress
1582,2024-03-06 21:00:00,20.64,30.96,6.41,55.63,28.69,400.59,1.51,0.499,4.32,High Stress
1583,2024-03-06 22:00:00,28.78,19.04,7.57,30.08,18.61,915.63,2.2,0.355,1.95,High Stress
1584,2024-03-06 23:00:00,24.87,31.49,7.25,37.81,18.35,772.08,7.71,0.613,7.59,Healthy
1585,2024-03-07 00:00:00,44.51,20.17,6.65,64.75,38.59,711.64,3.09,0.283,3.89,Moderate Stress
1586,2024-03-07 01:00:00,10.46,18.21,5.64,73.88,35.11,731.01,0.41,0.417,3.39,Moderate Stress
1587,2024-03-07 02:00:00,32.81,21.35,6.57,57.13,19.52,531.36,9.45,0.356,6.87,High Stress
1588,2024-03-07 03:00:00,21.17,29.06,6.67,77.49,25.16,235.65,1.86,0.497,6.03,Healthy
1589,2024-03-07 04:00:00,22.13,13.15,7.82,63.92,23.89,827.55,0.29,0.283,4.26,Moderate Stress
1590,2024-03-07 05:00:00,33.7,14.91,7.1,34.82,34.78,742.97,2.52,0.224,6.77,Moderate Stress
1591,2024-03-07 06:00:00,32.7,33.79,6.28,42.48,27.76,578.24,2.5,0.693,3.44,High Stress
1592,2024-03-07 07:00:00,44.65,14.39,6.81,84.6,18.2,919.81,4.34,0.658,8.15,High Stress
1593,2024-03-07 08:00:00,10.14,24.19,5.67,77.12,33.47,468.93,9.22,0.731,3.06,High Stress
1594,2024-03-07 09:00:00,9.16,24.48,7.93,88.16,24.92,435.46,8.82,0.695,2.43,Moderate Stress
1595,2024-03-07 10:00:00,33.97,22.24,6.4,37.64,21.57,898.24,4.68,0.286,8.04,High Stress
1596,2024-03-07 11:00:00,28.14,26.12,6.69,94.36,24.39,837.59,4.23,0.418,7.37,High Stress
1597,2024-03-07 12:00:00,15.97,15.75,6.39,43.61,27.44,611.98,5.64,0.297,2.64,High Stress
1598,2024-03-07 13:00:00,8.18,23.82,7.21,30.77,23.58,304.59,2.59,0.832,2.05,Healthy
1599,2024-03-07 14:00:00,8.43,19.3,7.16,94.83,21.05,372.06,0.71,0.76,8.55,High Stress
1600,2024-03-07 15:00:00,40.77,26.54,7.29,48.27,24.96,724.98,9.4,0.351,7.99,Moderate Stress
1601,2024-03-07 16:00:00,12.67,13.53,6.17,73.42,15.48,508.03,2.03,0.456,3.95,High Stress
1602,2024-03-07 17:00:00,17.93,24.27,6.29,41.48,34.31,869.18,2.14,0.925,6.92,Moderate Stress
1603,2024-03-07 18:00:00,14.07,14.63,5.81,67.71,19.27,959.96,4.83,0.646,2.12,Healthy
1604,2024-03-07 19:00:00,19.2,16.97,7.14,88.76,16.1,844.51,5.02,0.801,5.56,Healthy
1605,2024-03-07 20:00:00,7.78,15.47,5.6,50.81,31.34,502.04,0.38,0.398,1.17,High Stress
1606,2024-03-07 21:00:00,25.76,14.57,6.99,73.57,34.35,830.95,1.65,0.358,4.52,Moderate Stress
1607,2024-03-07 22:00:00,7.7,30.64,7.67,42.21,35.35,481.15,3.91,0.788,1.67,High Stress
1608,2024-03-07 23:00:00,37.01,17.14,7.73,70.61,27.34,333.68,6.9,0.714,5.28,High Stress
1609,2024-03-08 00:00:00,14.35,33.18,6.62,51.87,20.13,226.71,2.44,0.711,4.8,Moderate Stress
1610,2024-03-08 01:00:00,26.6,34.25,6.65,43.73,33.43,508.57,4.35,0.614,5.0,Moderate Stress
1611,2024-03-08 02:00:00,40.2,24.28,5.69,50.36,32.49,922.85,5.66,0.623,1.41,Moderate Stress
1612,2024-03-08 03:00:00,31.04,13.58,7.18,41.62,21.16,391.19,8.91,0.752,4.25,Moderate Stress
1613,2024-03-08 04:00:00,26.32,19.36,7.55,88.62,37.59,365.21,3.4,0.403,7.81,Moderate Stress
1614,2024-03-08 05:00:00,17.97,29.94,6.11,55.82,17.61,975.86,1.51,0.465,4.32,Healthy
1615,2024-03-08 06:00:00,18.32,19.18,6.55,45.94,39.57,220.0,4.99,0.854,7.44,Healthy
1616,2024-03-08 07:00:00,31.78,12.18,7.6,59.15,36.51,828.63,7.52,0.432,4.33,Healthy
1617,2024-03-08 08:00:00,44.77,23.92,7.69,50.83,32.2,457.1,1.28,0.61,4.81,Moderate Stress
1618,2024-03-08 09:00:00,31.47,31.13,6.11,78.39,38.47,229.99,4.36,0.727,6.08,Moderate Stress
1619,2024-03-08 10:00:00,27.31,29.9,6.88,93.13,33.06,934.24,0.37,0.95,9.56,Moderate Stress
1620,2024-03-08 11:00:00,34.23,14.38,5.98,58.47,19.76,311.71,0.53,0.526,1.98,High Stress
1621,2024-03-08 12:00:00,23.61,26.82,5.75,85.97,26.05,641.42,4.93,0.521,1.3,Healthy
1622,2024-03-08 13:00:00,7.41,15.51,7.78,66.78,16.79,419.24,3.12,0.832,6.47,Healthy
1623,2024-03-08 14:00:00,27.49,15.46,7.55,40.22,24.74,252.15,8.48,0.804,9.54,High Stress
1624,2024-03-08 15:00:00,43.31,31.85,7.4,74.89,33.54,239.94,6.1,0.748,9.91,High Stress
1625,2024-03-08 16:00:00,12.01,16.24,5.62,63.37,24.66,292.45,4.65,0.547,5.36,Healthy
1626,2024-03-08 17:00:00,32.6,16.58,7.61,72.29,23.26,257.09,4.2,0.443,5.21,Moderate Stress
1627,2024-03-08 18:00:00,13.04,10.02,6.6,87.83,29.88,808.45,5.07,0.657,6.8,Healthy
1628,2024-03-08 19:00:00,26.43,31.77,6.36,58.63,36.81,588.45,0.6,0.857,6.0,Moderate Stress
1629,2024-03-08 20:00:00,8.87,29.81,6.87,88.58,16.19,474.31,8.95,0.863,6.71,Healthy
1630,2024-03-08 21:00:00,23.01,25.68,5.73,78.79,24.64,534.7,9.98,0.281,8.87,Healthy
1631,2024-03-08 22:00:00,35.25,28.76,7.39,61.76,18.96,943.16,1.98,0.521,7.72,High Stress
1632,2024-03-08 23:00:00,18.9,13.8,6.96,69.21,32.38,928.6,1.38,0.549,5.47,High Stress
1633,2024-03-09 00:00:00,31.6,21.46,5.97,51.16,17.64,772.54,1.61,0.933,5.16,Moderate Stress
1634,2024-03-09 01:00:00,36.82,18.78,5.97,93.93,31.62,907.75,6.68,0.708,6.76,Moderate Stress
1635,2024-03-09 02:00:00,42.09,12.34,5.96,73.38,22.15,455.72,6.68,0.505,5.1,Healthy
1636,2024-03-09 03:00:00,14.39,22.15,5.64,32.85,19.97,504.89,8.51,0.22,5.12,High Stress
1637,2024-03-09 04:00:00,20.97,33.02,6.97,51.23,38.41,690.97,7.57,0.624,1.15,Moderate Stress
1638,2024-03-09 05:00:00,11.1,11.0,7.6,70.52,15.46,698.9,4.61,0.272,2.57,Moderate Stress
1639,2024-03-09 06:00:00,44.7,17.29,5.54,33.66,25.94,585.36,6.21,0.826,5.4,Moderate Stress
1640,2024-03-09 07:00:00,42.08,15.19,5.62,31.55,15.54,520.53,6.95,0.764,8.4,Healthy
1641,2024-03-09 08:00:00,26.6,15.95,6.93,59.25,27.09,988.94,5.22,0.545,3.51,Moderate Stress
1642,2024-03-09 09:00:00,38.68,32.71,7.55,51.62,27.53,856.9,4.86,0.522,5.7,Moderate Stress
1643,2024-03-09 10:00:00,25.84,21.7,6.32,58.49,23.04,547.98,6.52,0.873,4.1,High Stress
1644,2024-03-09 11:00:00,29.94,21.66,6.37,47.08,18.3,781.83,5.66,0.416,1.94,High Stress
1645,2024-03-09 12:00:00,8.56,29.01,6.99,40.71,24.41,415.65,6.51,0.387,9.62,High Stress
1646,2024-03-09 13:00:00,35.21,13.86,6.19,74.79,31.81,280.14,6.21,0.904,8.69,Healthy
1647,2024-03-09 14:00:00,10.11,22.18,5.57,63.45,34.56,481.94,7.25,0.807,1.71,High Stress
1648,2024-03-09 15:00:00,38.04,20.75,7.34,43.01,28.27,522.38,6.5,0.815,7.48,High Stress
1649,2024-03-09 16:00:00,36.28,24.92,7.06,50.77,29.75,213.23,5.29,0.346,4.13,High Stress
1650,2024-03-09 17:00:00,33.35,34.99,6.95,68.47,20.02,851.83,6.88,0.307,9.95,High Stress
1651,2024-03-09 18:00:00,6.45,29.24,7.35,34.69,22.18,487.35,4.6,0.22,3.72,Moderate Stress
1652,2024-03-09 19:00:00,17.13,19.95,7.19,39.58,19.05,664.33,2.57,0.378,3.15,Healthy
1653,2024-03-09 20:00:00,15.52,30.69,6.01,34.76,21.23,259.17,0.21,0.781,6.11,Moderate Stress
1654,2024-03-09 21:00:00,19.41,14.27,6.38,82.8,20.62,340.0,5.69,0.38,8.52,Moderate Stress
1655,2024-03-09 22:00:00,8.51,10.76,5.82,78.91,27.99,911.75,5.99,0.747,2.73,Healthy
1656,2024-03-09 23:00:00,42.48,15.11,5.82,78.97,29.07,686.95,9.73,0.389,7.38,Moderate Stress
1657,2024-03-10 00:00:00,27.15,18.51,7.19,76.56,38.62,960.23,3.74,0.496,1.55,High Stress
1658,2024-03-10 01:00:00,17.22,22.76,7.65,73.51,19.89,999.0,4.06,0.937,9.27,Healthy
1659,2024-03-10 02:00:00,20.88,25.38,7.91,61.0,31.04,497.49,2.18,0.384,1.73,Moderate Stress
1660,2024-03-10 03:00:00,22.89,32.77,7.07,71.75,35.43,439.04,0.89,0.482,9.23,Moderate Stress
1661,2024-03-10 04:00:00,29.02,22.75,5.96,32.49,29.01,886.68,7.77,0.426,5.42,High Stress
1662,2024-03-10 05:00:00,25.63,22.53,5.76,70.4,21.38,998.89,2.65,0.282,5.03,Moderate Stress
1663,2024-03-10 06:00:00,41.78,11.26,7.53,80.56,21.56,703.71,6.17,0.567,9.76,Moderate Stress
1664,2024-03-10 07:00:00,24.88,10.87,6.95,62.52,15.98,836.11,6.94,0.484,9.91,Moderate Stress
1665,2024-03-10 08:00:00,44.69,23.78,7.05,53.24,22.64,825.4,4.82,0.721,6.85,Healthy
1666,2024-03-10 09:00:00,39.06,20.95,7.45,48.03,33.62,484.27,8.79,0.813,2.14,Healthy
1667,2024-03-10 10:00:00,13.34,30.98,7.26,71.78,16.19,659.42,4.55,0.608,5.56,Moderate Stress
1668,2024-03-10 11:00:00,42.22,14.02,7.59,75.03,20.48,866.45,2.99,0.224,5.76,Moderate Stress
1669,2024-03-10 12:00:00,9.65,10.62,5.64,86.61,32.66,750.49,8.98,0.664,5.63,High Stress
1670,2024-03-10 13:00:00,37.7,21.23,7.37,52.25,34.57,216.93,8.64,0.242,6.13,Healthy
1671,2024-03-10 14:00:00,20.22,15.94,7.63,80.04,26.38,469.36,1.81,0.662,1.17,Healthy
1672,2024-03-10 15:00:00,40.12,11.24,6.22,66.49,32.45,315.58,0.45,0.714,7.4,Healthy
1673,2024-03-10 16:00:00,39.72,28.11,7.1,87.38,24.7,386.38,1.08,0.348,7.41,Moderate Stress
1674,2024-03-10 17:00:00,37.24,12.79,6.29,64.31,19.0,924.39,3.01,0.815,2.04,High Stress
1675,2024-03-10 18:00:00,36.6,25.21,7.89,63.65,24.95,229.51,9.73,0.883,6.13,High Stress
1676,2024-03-10 19:00:00,17.19,17.03,5.58,67.56,29.5,375.84,5.67,0.81,6.12,Moderate Stress
1677,2024-03-10 20:00:00,8.24,14.34,6.95,78.71,38.7,447.66,3.86,0.429,7.14,Moderate Stress
1678,2024-03-10 21:00:00,21.12,19.49,5.92,92.7,16.72,693.51,8.91,0.64,1.77,High Stress
1679,2024-03-10 22:00:00,11.94,30.04,7.28,34.78,27.68,627.28,4.64,0.886,6.64,High Stress
1680,2024-03-10 23:00:00,32.8,19.8,5.94,33.47,23.22,374.62,3.29,0.44,3.53,Healthy
1681,2024-03-11 00:00:00,18.84,28.77,6.09,90.94,27.71,331.39,9.42,0.815,5.56,Moderate Stress
1682,2024-03-11 01:00:00,44.02,13.14,6.74,64.44,15.6,389.44,8.53,0.207,7.96,Healthy
1683,2024-03-11 02:00:00,30.64,29.32,7.79,69.97,22.83,602.02,8.47,0.203,7.35,High Stress
1684,2024-03-11 03:00:00,37.9,15.92,6.03,61.36,35.5,416.94,5.22,0.77,2.07,Healthy
1685,2024-03-11 04:00:00,10.3,26.93,5.86,36.09,28.85,958.08,7.94,0.771,6.32,High Stress
1686,2024-03-11 05:00:00,39.48,24.14,7.4,79.93,26.26,571.09,1.96,0.792,9.72,High Stress
1687,2024-03-11 06:00:00,41.91,33.23,6.75,78.57,22.14,247.04,5.82,0.898,2.41,Healthy
1688,2024-03-11 07:00:00,24.48,19.68,7.78,50.26,22.45,783.41,9.84,0.288,8.68,Moderate Stress
1689,2024-03-11 08:00:00,29.25,11.65,5.87,49.91,24.58,463.08,3.05,0.374,7.32,Healthy
1690,2024-03-11 09:00:00,35.59,10.48,7.11,84.46,35.89,722.79,7.98,0.878,7.97,Healthy
1691,2024-03-11 10:00:00,11.99,30.67,6.08,34.7,39.18,423.68,5.01,0.333,3.54,Moderate Stress
1692,2024-03-11 11:00:00,25.1,23.12,5.89,87.27,25.97,656.59,0.59,0.712,3.59,Moderate Stress
1693,2024-03-11 12:00:00,20.95,29.38,7.21,46.68,24.83,817.72,7.68,0.598,9.15,Healthy
1694,2024-03-11 13:00:00,10.85,15.86,6.98,68.54,36.16,942.41,1.85,0.262,4.24,High Stress
1695,2024-03-11 14:00:00,19.7,18.63,7.39,90.84,25.67,408.9,6.39,0.414,1.57,Healthy
1696,2024-03-11 15:00:00,7.73,10.75,6.27,74.08,28.8,467.89,1.04,0.59,6.41,High Stress
1697,2024-03-11 16:00:00,6.03,34.04,6.62,56.94,20.77,571.41,9.48,0.839,2.12,Moderate Stress
1698,2024-03-11 17:00:00,10.41,26.7,6.51,74.82,33.59,941.74,3.06,0.731,8.17,Moderate Stress
1699,2024-03-11 18:00:00,43.52,33.33,7.96,52.36,28.3,921.11,2.42,0.666,6.78,High Stress
1700,2024-03-11 19:00:00,26.98,16.64,6.23,48.02,35.23,271.9,1.47,0.572,8.87,Healthy
1701,2024-03-11 20:00:00,43.63,25.29,6.24,94.78,34.52,305.54,9.47,0.424,8.06,Moderate Stress
1702,2024-03-11 21:00:00,22.3,26.96,6.39,78.8,20.38,596.41,7.18,0.289,2.01,High Stress
1703,2024-03-11 22:00:00,17.47,17.94,6.91,71.91,32.89,285.3,7.47,0.507,4.43,High Stress
1704,2024-03-11 23:00:00,25.25,31.2,6.13,53.09,35.0,476.46,5.09,0.221,7.97,Healthy
1705,2024-03-12 00:00:00,22.58,33.68,7.79,33.2,23.65,318.71,4.85,0.358,4.76,High Stress
1706,2024-03-12 01:00:00,9.23,32.12,6.16,32.02,19.32,708.83,1.28,0.524,9.75,High Stress
1707,2024-03-12 02:00:00,30.63,28.48,7.74,66.02,15.07,959.6,5.69,0.514,7.62,Healthy
1708,2024-03-12 03:00:00,13.64,16.94,5.76,79.53,26.27,997.39,2.62,0.233,1.14,Moderate Stress
1709,2024-03-12 04:00:00,29.78,17.04,7.14,64.93,23.81,500.19,9.78,0.642,8.92,Moderate Stress
1710,2024-03-12 05:00:00,31.01,34.08,7.77,84.65,28.87,679.21,8.01,0.612,1.91,Moderate Stress
1711,2024-03-12 06:00:00,11.08,10.26,5.92,32.17,19.7,885.01,4.25,0.259,2.26,High Stress
1712,2024-03-12 07:00:00,7.45,27.9,7.92,53.84,36.49,293.97,1.68,0.907,7.61,High Stress
1713,2024-03-12 08:00:00,36.23,27.66,6.63,45.41,21.44,751.65,7.9,0.275,8.78,Healthy
1714,2024-03-12 09:00:00,23.39,25.57,7.86,59.07,20.66,527.07,1.4,0.841,5.83,High Stress
1715,2024-03-12 10:00:00,7.33,34.75,7.19,34.7,27.02,364.92,2.06,0.2,3.6,High Stress
1716,2024-03-12 11:00:00,44.79,17.8,6.25,92.02,27.47,522.2,2.27,0.862,4.16,Moderate Stress
1717,2024-03-12 12:00:00,7.31,18.5,5.97,44.51,20.38,260.77,5.66,0.215,4.09,High Stress
1718,2024-03-12 13:00:00,32.8,11.97,6.26,89.95,21.8,756.33,7.91,0.768,3.94,High Stress
1719,2024-03-12 14:00:00,44.35,21.07,5.73,57.68,19.24,402.19,3.28,0.471,3.19,High Stress
1720,2024-03-12 15:00:00,14.57,16.53,5.86,94.06,32.96,449.12,1.03,0.754,6.48,Healthy
1721,2024-03-12 16:00:00,10.69,18.58,5.76,66.01,34.25,296.87,4.75,0.501,9.1,High Stress
1722,2024-03-12 17:00:00,9.86,30.86,6.56,90.5,26.56,891.73,7.53,0.253,3.76,Healthy
1723,2024-03-12 18:00:00,17.13,33.39,7.49,30.35,32.85,594.76,2.37,0.776,2.68,Moderate Stress
1724,2024-03-12 19:00:00,9.04,14.64,5.85,78.64,33.4,657.72,2.36,0.253,8.55,High Stress
1725,2024-03-12 20:00:00,32.69,19.31,5.83,88.7,18.46,655.55,9.48,0.892,7.68,Healthy
1726,2024-03-12 21:00:00,7.49,33.22,7.11,39.08,39.15,528.39,9.55,0.238,9.38,Moderate Stress
1727,2024-03-12 22:00:00,25.38,11.55,5.99,36.25,35.53,354.02,9.91,0.559,2.49,High Stress
1728,2024-03-12 23:00:00,44.87,12.31,5.74,57.6,20.11,796.11,8.12,0.742,2.3,Healthy
1729,2024-03-13 00:00:00,37.56,14.07,5.92,90.69,19.65,301.65,2.04,0.495,5.87,Healthy
1730,2024-03-13 01:00:00,29.61,24.88,7.81,65.26,18.14,283.1,2.28,0.363,6.53,Moderate Stress
1731,2024-03-13 02:00:00,17.25,13.76,7.55,64.28,18.46,768.12,3.53,0.769,5.32,High Stress
1732,2024-03-13 03:00:00,29.96,34.2,6.39,39.17,33.7,367.07,3.32,0.788,6.39,High Stress
1733,2024-03-13 04:00:00,26.08,21.17,7.14,30.05,26.74,445.42,9.57,0.892,2.62,High Stress
1734,2024-03-13 05:00:00,22.04,22.54,6.84,82.66,34.57,580.18,7.93,0.482,5.32,Healthy
1735,2024-03-13 06:00:00,10.23,16.17,7.19,35.69,33.66,559.48,7.3,0.58,6.92,High Stress
1736,2024-03-13 07:00:00,40.46,21.77,7.21,71.2,30.12,766.86,2.02,0.472,4.89,Healthy
1737,2024-03-13 08:00:00,22.99,26.55,7.07,89.45,32.16,698.75,9.11,0.393,7.12,Healthy
1738,2024-03-13 09:00:00,12.78,28.78,6.17,43.56,15.46,715.52,8.31,0.763,5.06,Moderate Stress
1739,2024-03-13 10:00:00,19.71,28.85,5.6,73.24,22.79,771.24,1.8,0.455,4.0,Healthy
1740,2024-03-13 11:00:00,21.57,24.45,6.64,35.12,30.95,434.09,8.74,0.521,3.73,Moderate Stress
1741,2024-03-13 12:00:00,38.1,32.61,7.73,69.24,15.23,457.87,2.87,0.503,4.7,Moderate Stress
1742,2024-03-13 13:00:00,34.34,30.44,6.92,40.66,15.82,550.4,0.99,0.734,1.21,High Stress
1743,2024-03-13 14:00:00,35.77,28.93,7.58,77.84,36.3,445.97,6.64,0.888,7.02,Moderate Stress
1744,2024-03-13 15:00:00,5.44,11.39,7.98,49.58,32.1,987.95,6.61,0.7,8.61,High Stress
1745,2024-03-13 16:00:00,21.65,10.17,5.91,60.12,21.63,851.24,1.13,0.554,4.19,Moderate Stress
1746,2024-03-13 17:00:00,24.25,15.31,7.23,68.96,32.2,331.72,3.32,0.784,1.41,Healthy
1747,2024-03-13 18:00:00,5.77,26.59,7.19,41.13,34.81,204.48,9.93,0.681,9.88,High Stress
1748,2024-03-13 19:00:00,15.39,20.28,7.95,78.21,22.67,234.23,6.85,0.245,3.37,Healthy
1749,2024-03-13 20:00:00,35.41,20.06,7.96,49.67,15.9,395.25,7.35,0.272,2.14,High Stress
1750,2024-03-13 21:00:00,10.48,32.11,7.22,73.05,38.32,291.43,2.29,0.228,4.33,Healthy
1751,2024-03-13 22:00:00,26.41,32.39,6.11,40.29,23.63,626.67,0.97,0.543,7.65,Moderate Stress
1752,2024-03-13 23:00:00,13.61,32.73,7.5,74.73,17.66,886.4,2.91,0.819,3.65,High Stress
1753,2024-03-14 00:00:00,5.48,17.85,5.77,38.33,27.3,789.4,2.64,0.435,6.17,High Stress
1754,2024-03-14 01:00:00,14.65,27.28,7.45,57.65,34.21,372.49,2.5,0.488,4.74,High Stress
1755,2024-03-14 02:00:00,44.03,16.79,7.78,46.07,20.54,519.44,2.09,0.882,2.06,Moderate Stress
1756,2024-03-14 03:00:00,37.06,14.77,6.46,78.64,21.74,606.32,5.83,0.828,3.97,Healthy
1757,2024-03-14 04:00:00,43.38,14.62,7.08,47.03,21.07,848.16,3.42,0.699,7.52,Moderate Stress
1758,2024-03-14 05:00:00,24.51,18.55,6.58,87.31,39.79,871.3,8.24,0.4,6.51,Moderate Stress
1759,2024-03-14 06:00:00,9.39,20.75,6.59,87.97,19.94,927.77,2.0,0.288,2.08,Moderate Stress
1760,2024-03-14 07:00:00,26.92,30.77,6.28,42.77,29.39,607.4,4.75,0.212,2.47,Healthy
1761,2024-03-14 08:00:00,23.18,13.0,7.41,69.9,38.13,755.42,0.33,0.28,6.77,Moderate Stress
1762,2024-03-14 09:00:00,38.77,28.37,7.84,35.7,18.67,289.44,4.92,0.419,8.32,High Stress
1763,2024-03-14 10:00:00,8.92,23.29,7.85,55.45,39.27,652.23,0.75,0.614,4.15,Moderate Stress
1764,2024-03-14 11:00:00,24.53,17.2,5.94,76.37,38.69,398.95,9.78,0.248,6.36,Healthy
1765,2024-03-14 12:00:00,11.0,22.32,7.69,72.86,37.11,545.37,7.95,0.302,2.54,High Stress
1766,2024-03-14 13:00:00,17.99,17.5,7.34,70.61,20.36,707.24,5.0,0.336,3.8,Healthy
1767,2024-03-14 14:00:00,34.49,24.9,6.13,48.37,30.85,405.59,1.05,0.674,1.18,Moderate Stress
1768,2024-03-14 15:00:00,24.04,20.85,5.67,54.57,34.02,241.75,6.01,0.662,7.91,Healthy
1769,2024-03-14 16:00:00,20.04,14.11,6.17,36.69,39.65,208.19,7.64,0.613,4.61,High Stress
1770,2024-03-14 17:00:00,20.78,12.91,7.78,76.74,19.51,217.73,2.07,0.388,8.35,Healthy
1771,2024-03-14 18:00:00,23.38,23.67,7.08,62.75,34.15,206.68,5.77,0.478,7.38,High Stress
1772,2024-03-14 19:00:00,36.4,32.56,7.3,76.07,23.47,288.28,8.18,0.273,8.46,High Stress
1773,2024-03-14 20:00:00,40.68,18.6,6.14,46.18,19.39,391.59,7.73,0.37,3.57,Moderate Stress
1774,2024-03-14 21:00:00,43.21,28.33,7.3,51.09,25.53,376.98,8.07,0.873,2.67,Moderate Stress
1775,2024-03-14 22:00:00,36.48,26.47,5.57,51.72,34.85,989.44,8.82,0.935,9.75,High Stress
1776,2024-03-14 23:00:00,17.62,33.29,6.44,31.67,26.62,444.8,9.39,0.686,7.46,Healthy
1777,2024-03-15 00:00:00,32.53,30.52,7.07,52.17,28.44,301.94,4.17,0.888,8.51,High Stress
1778,2024-03-15 01:00:00,22.5,24.17,5.87,82.21,39.88,636.45,5.77,0.682,1.12,Moderate Stress
1779,2024-03-15 02:00:00,15.19,26.43,7.56,88.32,24.98,886.37,7.95,0.225,4.19,Healthy
1780,2024-03-15 03:00:00,38.63,32.46,6.09,63.68,30.39,742.45,7.03,0.948,7.69,High Stress
1781,2024-03-15 04:00:00,6.54,19.99,7.13,59.61,24.13,436.87,9.96,0.274,1.7,Moderate Stress
1782,2024-03-15 05:00:00,41.07,18.17,6.51,32.0,24.82,649.29,0.33,0.712,6.11,High Stress
1783,2024-03-15 06:00:00,23.46,10.27,6.99,87.15,32.39,771.88,3.68,0.39,4.86,High Stress
1784,2024-03-15 07:00:00,30.49,30.66,5.77,30.85,38.45,782.48,2.95,0.494,1.16,High Stress
1785,2024-03-15 08:00:00,31.37,30.02,5.54,91.41,28.56,733.23,2.77,0.684,3.12,Healthy
1786,2024-03-15 09:00:00,40.8,12.61,7.77,61.8,34.21,896.65,2.38,0.527,3.56,Moderate Stress
1787,2024-03-15 10:00:00,30.47,24.42,6.17,52.23,17.23,896.08,7.15,0.388,2.01,Moderate Stress
1788,2024-03-15 11:00:00,29.56,21.6,7.55,90.07,20.28,663.15,1.03,0.451,6.68,High Stress
1789,2024-03-15 12:00:00,7.67,12.97,8.0,31.59,27.55,543.89,7.47,0.456,3.18,High Stress
1790,2024-03-15 13:00:00,25.74,34.51,6.03,67.79,15.5,713.26,7.0,0.919,3.5,High Stress
1791,2024-03-15 14:00:00,11.01,15.37,6.16,65.68,21.32,854.57,2.66,0.799,9.08,Healthy
1792,2024-03-15 15:00:00,34.5,11.68,7.16,44.26,27.94,204.52,2.68,0.544,5.2,Moderate Stress
1793,2024-03-15 16:00:00,25.49,24.87,7.91,57.88,15.37,993.6,6.36,0.35,4.53,High Stress
1794,2024-03-15 17:00:00,32.21,28.47,7.79,72.4,21.61,346.32,7.67,0.808,7.51,Moderate Stress
1795,2024-03-15 18:00:00,6.67,10.81,6.76,77.26,27.85,576.2,8.79,0.318,9.19,High Stress
1796,2024-03-15 19:00:00,8.39,26.47,7.49,30.05,29.33,897.62,8.55,0.358,1.23,Moderate Stress
1797,2024-03-15 20:00:00,33.65,23.31,5.84,90.9,38.14,380.03,9.66,0.475,5.03,High Stress
1798,2024-03-15 21:00:00,7.88,12.58,7.94,40.69,31.13,581.44,5.9,0.86,6.5,Healthy
1799,2024-03-15 22:00:00,7.85,14.31,7.91,45.18,25.37,306.07,9.1,0.299,3.87,High Stress
1800,2024-03-15 23:00:00,5.48,24.2,5.91,47.13,38.26,516.06,8.12,0.292,7.95,High Stress
1801,2024-03-16 00:00:00,43.26,17.41,6.25,32.46,34.62,341.71,8.97,0.57,9.74,High Stress
1802,2024-03-16 01:00:00,34.5,33.46,5.75,38.0,20.0,490.9,0.31,0.407,9.49,High Stress
1803,2024-03-16 02:00:00,19.13,30.47,6.18,94.11,18.27,498.77,9.67,0.627,3.39,High Stress
1804,2024-03-16 03:00:00,16.86,34.59,7.54,50.49,31.9,994.54,4.84,0.539,3.04,Moderate Stress
1805,2024-03-16 04:00:00,18.99,16.49,6.45,37.49,29.0,995.85,8.02,0.526,9.62,Moderate Stress
1806,2024-03-16 05:00:00,35.99,34.24,5.72,36.95,34.74,291.83,1.45,0.284,5.13,Healthy
1807,2024-03-16 06:00:00,31.45,20.78,6.36,76.76,33.47,780.78,4.08,0.306,2.87,High Stress
1808,2024-03-16 07:00:00,12.41,18.69,7.95,85.55,30.63,241.4,2.86,0.816,7.36,Moderate Stress
1809,2024-03-16 08:00:00,11.96,11.26,7.07,46.7,39.66,224.15,3.06,0.864,3.56,Moderate Stress
1810,2024-03-16 09:00:00,8.94,11.32,6.54,31.36,28.34,284.27,1.41,0.376,3.41,High Stress
1811,2024-03-16 10:00:00,31.41,27.3,5.92,44.5,17.83,972.39,8.1,0.285,8.91,High Stress
1812,2024-03-16 11:00:00,35.57,21.45,7.97,33.67,35.71,952.69,0.29,0.24,2.46,Healthy
1813,2024-03-16 12:00:00,15.6,15.66,7.55,36.72,21.3,355.14,3.26,0.656,1.58,Healthy
1814,2024-03-16 13:00:00,5.84,25.35,6.2,58.05,34.43,329.34,1.91,0.737,3.42,Moderate Stress
1815,2024-03-16 14:00:00,8.29,16.32,5.68,44.94,38.93,392.43,5.97,0.48,6.46,Healthy
1816,2024-03-16 15:00:00,43.71,24.44,5.64,63.54,32.42,612.44,2.69,0.71,2.11,Moderate Stress
1817,2024-03-16 16:00:00,16.82,18.98,5.8,46.48,29.9,655.76,2.74,0.735,5.24,Healthy
1818,2024-03-16 17:00:00,35.77,30.59,6.95,91.13,26.51,377.27,4.99,0.902,6.65,High Stress
1819,2024-03-16 18:00:00,29.99,30.52,7.82,88.89,24.11,805.3,6.6,0.249,8.64,Healthy
1820,2024-03-16 19:00:00,20.28,21.93,6.74,66.84,23.83,447.64,1.39,0.344,3.07,Moderate Stress
1821,2024-03-16 20:00:00,13.23,18.77,7.61,53.04,30.91,937.71,1.92,0.251,8.36,Healthy
1822,2024-03-16 21:00:00,9.86,19.06,6.61,54.77,33.78,725.38,2.62,0.851,3.11,Moderate Stress
1823,2024-03-16 22:00:00,29.6,30.14,7.27,56.77,31.96,549.08,9.74,0.794,7.09,Moderate Stress
1824,2024-03-16 23:00:00,35.99,18.2,7.33,77.29,19.96,831.93,4.09,0.631,4.88,Healthy
1825,2024-03-17 00:00:00,30.76,15.23,5.93,59.36,27.35,854.33,6.07,0.263,2.03,Healthy
1826,2024-03-17 01:00:00,26.21,12.12,6.4,85.69,34.79,432.39,2.57,0.405,7.43,Moderate Stress
1827,2024-03-17 02:00:00,6.68,21.67,7.09,91.37,26.89,471.77,5.01,0.423,2.96,High Stress
1828,2024-03-17 03:00:00,43.74,22.05,5.68,51.84,28.42,948.76,0.93,0.621,2.59,Healthy
1829,2024-03-17 04:00:00,36.95,31.02,6.4,66.45,34.28,331.79,0.54,0.394,4.22,Moderate Stress
1830,2024-03-17 05:00:00,16.71,15.53,6.84,36.18,31.53,233.72,4.79,0.255,6.88,High Stress
1831,2024-03-17 06:00:00,44.2,19.52,7.99,43.03,25.23,563.24,4.11,0.748,3.11,Moderate Stress
1832,2024-03-17 07:00:00,29.08,30.21,6.69,56.88,37.39,840.97,1.54,0.424,2.65,Healthy
1833,2024-03-17 08:00:00,28.3,30.59,7.54,43.4,19.06,817.33,6.94,0.539,1.09,Moderate Stress
1834,2024-03-17 09:00:00,34.92,19.62,6.58,86.98,39.89,935.62,9.93,0.296,5.24,Moderate Stress
1835,2024-03-17 10:00:00,37.47,21.48,7.49,40.29,17.97,626.56,4.08,0.802,4.86,Moderate Stress
1836,2024-03-17 11:00:00,31.26,17.58,6.99,59.62,15.37,280.05,6.32,0.624,3.1,Healthy
1837,2024-03-17 12:00:00,10.12,33.31,7.72,69.37,37.25,670.95,9.64,0.876,1.48,High Stress
1838,2024-03-17 13:00:00,18.53,12.97,6.53,74.97,21.12,822.72,8.35,0.572,4.86,High Stress
1839,2024-03-17 14:00:00,42.12,33.34,7.01,54.9,33.24,274.66,4.74,0.906,8.09,High Stress
1840,2024-03-17 15:00:00,13.98,27.1,7.08,86.49,35.28,338.13,7.43,0.869,7.44,High Stress
1841,2024-03-17 16:00:00,19.89,23.29,6.54,66.94,36.47,209.83,1.46,0.632,8.75,Healthy
1842,2024-03-17 17:00:00,22.28,10.82,5.86,58.57,39.79,674.92,5.22,0.9,1.09,Moderate Stress
1843,2024-03-17 18:00:00,22.58,21.89,5.73,34.37,22.35,909.39,2.93,0.442,9.7,High Stress
1844,2024-03-17 19:00:00,29.52,20.19,5.54,60.2,32.76,736.53,1.78,0.474,4.07,High Stress
1845,2024-03-17 20:00:00,42.72,14.03,7.68,83.35,17.88,985.63,4.38,0.234,9.91,Healthy
1846,2024-03-17 21:00:00,14.63,26.41,6.09,69.95,25.17,250.43,1.48,0.642,3.27,Moderate Stress
1847,2024-03-17 22:00:00,9.86,34.28,6.03,84.09,36.2,922.4,7.05,0.741,5.24,Moderate Stress
1848,2024-03-17 23:00:00,12.9,24.05,7.34,62.11,24.19,851.25,4.67,0.78,4.19,High Stress
1849,2024-03-18 00:00:00,40.48,27.87,6.3,37.7,29.78,451.39,5.41,0.312,4.2,High Stress
1850,2024-03-18 01:00:00,30.83,11.71,6.77,30.89,27.59,978.82,1.63,0.533,8.58,Moderate Stress
1851,2024-03-18 02:00:00,16.44,20.44,5.91,49.71,31.15,430.35,1.57,0.333,7.72,Healthy
1852,2024-03-18 03:00:00,37.64,12.91,7.9,75.37,39.32,911.44,5.92,0.697,9.93,Moderate Stress
1853,2024-03-18 04:00:00,39.45,25.32,7.63,81.37,16.39,904.6,9.85,0.318,6.52,Moderate Stress
1854,2024-03-18 05:00:00,38.86,33.46,7.66,49.22,29.35,806.13,1.14,0.878,5.17,High Stress
1855,2024-03-18 06:00:00,41.76,26.54,6.52,62.22,36.58,650.78,3.0,0.373,1.81,Healthy
1856,2024-03-18 07:00:00,15.09,11.92,7.41,57.37,27.03,296.0,8.72,0.419,9.97,Healthy
1857,2024-03-18 08:00:00,35.2,18.87,5.86,56.68,16.96,625.58,0.91,0.838,5.96,Healthy
1858,2024-03-18 09:00:00,23.42,23.77,5.52,45.04,29.01,485.44,8.78,0.544,7.3,High Stress
1859,2024-03-18 10:00:00,38.68,20.08,5.55,38.86,23.3,833.77,5.34,0.218,4.66,Healthy
1860,2024-03-18 11:00:00,34.14,30.84,6.97,42.78,18.87,806.5,4.2,0.571,5.93,Healthy
1861,2024-03-18 12:00:00,36.06,30.37,6.64,33.6,36.23,928.49,3.23,0.263,9.48,High Stress
1862,2024-03-18 13:00:00,31.25,25.3,6.8,42.88,28.04,211.86,3.11,0.939,2.5,Moderate Stress
1863,2024-03-18 14:00:00,12.1,19.34,5.52,30.6,38.33,847.28,3.2,0.641,3.63,Healthy
1864,2024-03-18 15:00:00,26.8,16.38,6.56,70.77,35.15,950.77,8.87,0.392,2.37,Moderate Stress
1865,2024-03-18 16:00:00,44.39,12.65,7.3,50.56,32.32,831.44,7.29,0.623,8.13,Healthy
1866,2024-03-18 17:00:00,42.5,18.87,6.61,93.25,15.13,304.16,6.76,0.258,1.56,Moderate Stress
1867,2024-03-18 18:00:00,6.73,20.33,7.33,42.59,25.7,265.02,8.03,0.8,1.73,Moderate Stress
1868,2024-03-18 19:00:00,11.59,26.9,6.08,52.48,19.94,216.68,2.72,0.894,3.69,High Stress
1869,2024-03-18 20:00:00,10.27,26.45,7.53,53.26,37.77,703.0,6.26,0.856,5.63,High Stress
1870,2024-03-18 21:00:00,34.04,11.75,6.97,30.55,19.36,703.74,4.71,0.456,4.66,Healthy
1871,2024-03-18 22:00:00,37.71,19.88,6.03,84.55,22.15,989.53,7.87,0.444,1.4,Healthy
1872,2024-03-18 23:00:00,13.54,14.54,6.09,32.08,27.92,518.43,3.23,0.226,9.62,High Stress
1873,2024-03-19 00:00:00,25.23,13.92,7.07,91.11,21.58,465.53,6.5,0.689,9.58,Healthy
1874,2024-03-19 01:00:00,38.63,30.68,7.57,87.98,20.25,699.54,8.85,0.601,3.51,Healthy
1875,2024-03-19 02:00:00,34.31,11.05,6.54,64.81,29.98,860.49,4.14,0.545,7.58,High Stress
1876,2024-03-19 03:00:00,26.69,20.48,6.15,65.33,17.22,949.42,0.85,0.881,6.21,Moderate Stress
1877,2024-03-19 04:00:00,28.61,14.21,7.67,72.5,16.45,842.5,5.26,0.326,3.14,Healthy
1878,2024-03-19 05:00:00,25.33,31.98,7.17,55.16,24.31,541.34,3.59,0.207,3.36,High Stress
1879,2024-03-19 06:00:00,16.9,23.93,6.62,72.07,33.02,707.93,6.79,0.255,5.42,Healthy
1880,2024-03-19 07:00:00,27.6,15.78,6.72,32.91,28.87,885.04,9.52,0.368,4.77,Healthy
1881,2024-03-19 08:00:00,32.56,22.56,6.01,33.51,25.57,592.49,4.96,0.225,3.62,High Stress
1882,2024-03-19 09:00:00,39.93,28.29,7.07,59.72,29.14,373.35,4.77,0.577,8.27,High Stress
1883,2024-03-19 10:00:00,30.45,33.95,6.4,65.73,24.14,335.78,6.61,0.436,5.33,Healthy
1884,2024-03-19 11:00:00,35.44,15.51,7.99,87.71,38.4,200.13,1.21,0.335,6.89,Healthy
1885,2024-03-19 12:00:00,11.4,32.15,6.7,36.8,16.37,774.59,2.68,0.763,2.7,Moderate Stress
1886,2024-03-19 13:00:00,23.46,33.36,6.71,83.47,31.83,288.88,9.21,0.353,5.8,Moderate Stress
1887,2024-03-19 14:00:00,5.37,32.91,6.91,43.65,37.28,395.07,6.77,0.716,3.86,High Stress
1888,2024-03-19 15:00:00,14.87,25.89,7.79,55.62,35.1,438.3,0.33,0.462,5.74,Healthy
1889,2024-03-19 16:00:00,34.06,25.75,7.5,50.58,19.6,648.3,2.21,0.584,8.03,High Stress
1890,2024-03-19 17:00:00,44.67,20.08,6.63,56.01,22.4,518.37,6.89,0.9,7.92,High Stress
1891,2024-03-19 18:00:00,8.97,28.81,7.3,39.78,32.93,739.74,7.69,0.228,4.19,Healthy
1892,2024-03-19 19:00:00,21.06,23.28,6.97,62.73,17.11,244.51,8.43,0.575,7.25,Moderate Stress
1893,2024-03-19 20:00:00,37.0,26.94,6.73,82.11,35.3,299.15,3.06,0.841,9.47,High Stress
1894,2024-03-19 21:00:00,13.16,20.71,5.98,58.7,32.97,599.37,9.32,0.641,6.63,High Stress
1895,2024-03-19 22:00:00,27.2,28.29,6.66,61.89,33.24,469.57,5.62,0.408,2.34,Healthy
1896,2024-03-19 23:00:00,34.32,30.61,6.11,85.17,17.51,436.65,7.03,0.498,7.12,Moderate Stress
1897,2024-03-20 00:00:00,29.64,13.66,7.79,75.89,32.94,253.62,6.05,0.71,1.94,Moderate Stress
1898,2024-03-20 01:00:00,12.52,30.82,6.34,61.88,32.0,916.58,1.4,0.868,8.85,Healthy
1899,2024-03-20 02:00:00,19.22,23.51,7.88,46.75,35.77,753.45,9.64,0.231,5.65,High Stress
1900,2024-03-20 03:00:00,36.35,31.12,6.83,87.52,16.04,297.29,1.4,0.254,4.47,Healthy
1901,2024-03-20 04:00:00,27.17,20.78,7.08,67.51,15.58,252.04,2.7,0.444,1.51,Healthy
1902,2024-03-20 05:00:00,5.21,19.48,6.86,44.37,24.33,979.9,8.17,0.375,4.43,Moderate Stress
1903,2024-03-20 06:00:00,35.44,32.88,5.82,47.49,18.72,744.94,6.26,0.399,9.13,High Stress
1904,2024-03-20 07:00:00,6.41,16.28,6.44,82.2,28.96,533.96,8.41,0.366,1.19,High Stress
1905,2024-03-20 08:00:00,34.83,31.11,5.75,32.87,37.93,761.38,5.25,0.347,5.27,Moderate Stress
1906,2024-03-20 09:00:00,13.1,22.1,7.06,94.49,24.79,805.07,3.89,0.298,9.38,High Stress
1907,2024-03-20 10:00:00,43.32,22.85,6.62,38.47,36.12,823.97,9.23,0.9,4.55,High Stress
1908,2024-03-20 11:00:00,19.72,17.71,7.44,81.74,15.01,582.3,0.56,0.308,4.85,Healthy
1909,2024-03-20 12:00:00,18.08,24.33,6.05,55.66,19.21,543.91,8.59,0.353,6.21,Healthy
1910,2024-03-20 13:00:00,10.96,18.13,5.91,61.99,15.76,208.82,2.46,0.385,5.17,Healthy
1911,2024-03-20 14:00:00,17.22,10.98,6.52,87.24,23.2,941.25,8.52,0.9,2.52,High Stress
1912,2024-03-20 15:00:00,40.07,16.8,7.82,56.84,37.7,682.65,1.56,0.767,1.17,High Stress
1913,2024-03-20 16:00:00,44.85,10.16,7.28,64.94,17.42,362.52,5.89,0.792,6.49,High Stress
1914,2024-03-20 17:00:00,19.73,34.46,6.55,33.2,30.16,935.68,8.9,0.279,9.29,High Stress
1915,2024-03-20 18:00:00,22.94,34.14,6.79,30.15,26.29,931.95,4.84,0.827,1.96,Moderate Stress
1916,2024-03-20 19:00:00,33.88,19.88,5.71,45.91,38.46,991.35,7.52,0.506,2.9,Moderate Stress
1917,2024-03-20 20:00:00,40.45,28.21,7.96,74.24,18.06,899.25,8.09,0.397,4.33,High Stress
1918,2024-03-20 21:00:00,28.72,18.65,7.17,37.88,20.3,998.23,7.42,0.632,8.28,Healthy
1919,2024-03-20 22:00:00,20.66,26.78,6.21,37.39,15.74,395.75,9.27,0.817,3.42,Healthy
1920,2024-03-20 23:00:00,21.5,30.14,6.96,56.71,25.85,873.8,4.58,0.784,8.94,Moderate Stress
1921,2024-03-21 00:00:00,32.82,33.67,5.77,72.11,21.95,858.42,1.9,0.867,1.49,Moderate Stress
1922,2024-03-21 01:00:00,5.13,20.01,7.91,76.28,36.75,384.75,0.67,0.896,9.47,High Stress
1923,2024-03-21 02:00:00,29.78,29.58,5.94,41.6,30.12,278.75,2.62,0.379,6.05,High Stress
1924,2024-03-21 03:00:00,19.22,16.65,7.12,35.17,30.35,983.54,1.6,0.518,6.93,High Stress
1925,2024-03-21 04:00:00,36.77,34.76,6.11,91.13,28.3,436.82,5.67,0.211,4.31,High Stress
1926,2024-03-21 05:00:00,8.72,10.64,7.29,46.94,17.3,896.71,2.01,0.859,8.04,High Stress
1927,2024-03-21 06:00:00,28.53,25.09,7.44,85.47,26.13,203.3,0.58,0.316,2.5,Healthy
1928,2024-03-21 07:00:00,24.24,26.49,7.18,86.13,39.99,216.82,0.55,0.846,1.44,Healthy
1929,2024-03-21 08:00:00,30.69,27.2,7.04,80.21,35.88,572.7,8.35,0.447,4.56,High Stress
1930,2024-03-21 09:00:00,7.59,13.01,7.73,40.97,37.34,390.97,6.0,0.476,8.68,Healthy
1931,2024-03-21 10:00:00,28.2,33.46,5.7,83.42,35.58,751.87,3.71,0.229,7.79,High Stress
1932,2024-03-21 11:00:00,27.46,14.53,6.33,80.0,17.58,652.45,8.96,0.445,5.65,High Stress
1933,2024-03-21 12:00:00,27.43,25.57,6.12,68.79,20.69,261.99,0.89,0.866,6.15,Moderate Stress
1934,2024-03-21 13:00:00,29.14,15.57,7.97,51.92,15.08,330.1,9.81,0.219,2.17,Healthy
1935,2024-03-21 14:00:00,32.06,17.68,6.47,47.06,22.59,510.44,6.24,0.505,8.57,Healthy
1936,2024-03-21 15:00:00,37.2,23.66,7.33,37.92,17.72,348.48,2.0,0.224,8.08,Moderate Stress
1937,2024-03-21 16:00:00,15.79,20.43,7.21,63.13,26.82,833.78,6.85,0.478,6.91,Healthy
1938,2024-03-21 17:00:00,38.0,14.01,6.03,68.04,31.93,532.86,7.68,0.329,5.2,Moderate Stress
1939,2024-03-21 18:00:00,24.93,14.27,6.1,53.36,36.86,274.75,4.41,0.389,9.68,Healthy
1940,2024-03-21 19:00:00,8.08,20.45,6.2,60.9,33.73,587.47,8.64,0.858,8.91,High Stress
1941,2024-03-21 20:00:00,7.34,28.93,6.53,53.63,38.46,272.67,1.68,0.527,6.8,Moderate Stress
1942,2024-03-21 21:00:00,18.37,32.45,6.09,71.67,16.35,303.15,2.93,0.405,4.35,High Stress
1943,2024-03-21 22:00:00,36.4,12.1,5.55,88.58,15.3,391.69,1.12,0.642,6.56,High Stress
1944,2024-03-21 23:00:00,33.31,19.83,7.7,40.65,31.53,887.62,2.27,0.307,6.18,Healthy
1945,2024-03-22 00:00:00,36.54,12.51,7.91,54.79,22.23,939.69,2.54,0.395,4.55,Moderate Stress
1946,2024-03-22 01:00:00,25.69,10.41,6.35,39.16,21.34,861.01,9.19,0.61,3.76,High Stress
1947,2024-03-22 02:00:00,22.61,26.54,6.35,70.62,23.27,467.26,0.97,0.378,4.66,High Stress
1948,2024-03-22 03:00:00,10.9,25.06,5.52,77.38,21.74,417.96,4.39,0.709,6.17,Moderate Stress
1949,2024-03-22 04:00:00,18.13,14.08,7.2,90.57,27.79,639.32,5.42,0.569,4.85,Healthy
1950,2024-03-22 05:00:00,22.36,15.85,7.56,48.13,26.0,777.48,9.01,0.779,3.37,High Stress
1951,2024-03-22 06:00:00,8.54,10.59,5.87,91.76,27.81,994.7,9.98,0.911,7.85,Healthy
1952,2024-03-22 07:00:00,13.82,30.87,5.9,34.11,31.82,305.26,7.58,0.287,5.78,Moderate Stress
1953,2024-03-22 08:00:00,28.93,34.37,7.48,69.2,24.68,239.43,9.71,0.451,1.61,Healthy
1954,2024-03-22 09:00:00,34.43,13.39,7.04,33.71,21.28,755.48,7.91,0.44,4.31,Moderate Stress
1955,2024-03-22 10:00:00,44.93,15.79,5.61,88.1,19.16,865.78,9.64,0.313,8.96,Healthy
1956,2024-03-22 11:00:00,42.32,31.71,7.06,64.44,23.74,877.08,7.13,0.808,7.8,Healthy
1957,2024-03-22 12:00:00,30.7,33.16,6.27,73.51,33.55,742.77,0.98,0.77,3.91,High Stress
1958,2024-03-22 13:00:00,21.85,20.49,6.42,84.05,33.92,963.21,4.14,0.563,9.44,Healthy
1959,2024-03-22 14:00:00,30.45,11.27,7.42,39.77,31.67,608.8,6.54,0.603,1.69,High Stress
1960,2024-03-22 15:00:00,36.43,10.98,7.53,32.51,20.85,931.05,3.64,0.245,9.65,Moderate Stress
1961,2024-03-22 16:00:00,9.73,24.35,6.5,87.13,29.7,974.25,2.88,0.617,3.21,Moderate Stress
1962,2024-03-22 17:00:00,21.4,19.82,7.87,50.47,29.27,877.73,5.86,0.794,1.08,High Stress
1963,2024-03-22 18:00:00,38.59,10.72,6.52,38.38,27.11,447.81,9.35,0.63,4.9,Healthy
1964,2024-03-22 19:00:00,20.35,24.58,7.43,60.45,28.75,356.97,0.54,0.399,4.23,Moderate Stress
1965,2024-03-22 20:00:00,27.87,10.28,6.71,68.89,27.29,638.5,7.74,0.701,5.85,Moderate Stress
1966,2024-03-22 21:00:00,28.51,29.68,7.74,32.01,29.14,562.41,7.28,0.471,8.17,Moderate Stress
1967,2024-03-22 22:00:00,12.38,17.66,7.77,47.87,32.89,902.21,9.65,0.609,8.58,High Stress
1968,2024-03-22 23:00:00,19.49,11.01,5.72,32.13,17.74,280.03,9.32,0.566,4.61,Moderate Stress
1969,2024-03-23 00:00:00,18.38,24.71,7.84,57.32,33.74,406.19,7.67,0.486,4.87,Moderate Stress
1970,2024-03-23 01:00:00,6.05,19.94,7.56,88.18,18.4,801.44,5.3,0.739,2.33,Moderate Stress
1971,2024-03-23 02:00:00,5.97,34.35,7.48,93.87,16.67,275.99,2.2,0.863,1.43,Moderate Stress
1972,2024-03-23 03:00:00,38.27,23.6,6.0,71.41,39.4,456.61,5.54,0.204,6.77,High Stress
1973,2024-03-23 04:00:00,15.92,16.88,7.51,40.51,38.92,509.72,7.7,0.9,1.58,High Stress
1974,2024-03-23 05:00:00,25.72,27.74,7.63,88.88,16.51,698.08,8.98,0.584,7.6,Healthy
1975,2024-03-23 06:00:00,16.95,16.79,6.22,63.56,26.08,326.51,7.94,0.726,5.85,Moderate Stress
1976,2024-03-23 07:00:00,42.63,32.61,7.88,39.99,19.66,888.48,2.11,0.842,2.79,High Stress
1977,2024-03-23 08:00:00,15.37,19.37,5.62,89.91,27.13,558.03,6.08,0.55,5.86,Healthy
1978,2024-03-23 09:00:00,22.19,23.75,5.87,79.24,35.75,933.62,3.46,0.826,2.65,Healthy
1979,2024-03-23 10:00:00,39.91,11.26,6.84,77.56,38.77,574.3,0.29,0.333,4.95,Moderate Stress
1980,2024-03-23 11:00:00,38.68,20.65,6.94,76.1,30.86,420.03,2.16,0.319,8.2,Healthy
1981,2024-03-23 12:00:00,12.44,30.81,7.11,43.02,23.85,313.46,1.31,0.693,5.16,High Stress
1982,2024-03-23 13:00:00,37.11,30.14,5.54,43.72,30.08,203.0,8.46,0.853,2.34,Healthy
1983,2024-03-23 14:00:00,23.33,15.61,7.9,74.74,22.8,625.73,2.73,0.869,7.51,Healthy
1984,2024-03-23 15:00:00,24.32,15.65,5.61,44.28,37.75,285.73,2.99,0.683,2.68,High Stress
1985,2024-03-23 16:00:00,10.34,30.43,5.86,58.51,36.76,513.38,9.61,0.594,7.65,Healthy
1986,2024-03-23 17:00:00,8.22,33.26,5.54,80.83,28.96,671.42,3.92,0.449,5.31,Healthy
1987,2024-03-23 18:00:00,34.12,12.38,6.92,80.96,23.12,420.55,0.29,0.935,5.08,Healthy
1988,2024-03-23 19:00:00,24.86,21.25,7.83,59.46,22.33,340.18,2.98,0.44,8.66,Healthy
1989,2024-03-23 20:00:00,22.47,18.44,7.16,81.49,15.84,819.78,1.37,0.758,7.38,Moderate Stress
1990,2024-03-23 21:00:00,34.18,31.77,7.56,84.51,35.4,957.43,1.21,0.599,1.3,Moderate Stress
1991,2024-03-23 22:00:00,35.62,12.09,5.53,72.56,26.26,280.35,0.96,0.656,3.67,High Stress
1992,2024-03-23 23:00:00,11.36,15.28,6.86,44.85,23.13,324.47,6.01,0.495,8.84,Healthy
1993,2024-03-24 00:00:00,29.41,28.81,6.65,47.81,26.78,968.01,2.06,0.924,1.16,High Stress
1994,2024-03-24 01:00:00,10.41,11.28,6.75,50.46,35.47,230.23,3.74,0.629,5.91,Moderate Stress
1995,2024-03-24 02:00:00,35.06,22.31,5.68,37.59,18.12,982.11,8.65,0.903,7.55,Healthy
1996,2024-03-24 03:00:00,31.28,21.05,7.21,47.76,36.44,203.72,4.36,0.206,6.6,Healthy
1997,2024-03-24 04:00:00,43.26,18.36,6.76,43.62,37.44,898.93,9.17,0.63,7.84,Moderate Stress
1998,2024-03-24 05:00:00,7.76,19.86,7.41,59.6,38.67,445.86,5.08,0.738,7.53,Healthy
1999,2024-03-24 06:00:00,7.28,23.25,6.71,89.05,24.94,950.87,4.11,0.759,7.23,Healthy
2000,2024-03-24 07:00:00,16.29,14.03,5.87,36.79,20.43,453.56,7.55,0.879,8.39,Moderate Stress
