fluorescence_intensity,colorimetric_index,spr_signal_strength,Ambient_Temperature,chlorophyll_content,Soil_Moisture,light_absorption_ratio,volatile_organic_compounds,Plant_Health_Status
54.96714153011233,0.6374056569847572,158.9818885061745,24.888605104081435,40.08783654898148,30.698268447826756,0.5810501979623387,22.84259492736277,1
48.61735698828815,0.7227668992473292,124.89359161473573,26.61041155383493,37.623166830390154,30.366683723890684,0.7335024835907762,11.059761883834959,1
56.47688538100692,0.47903589813087943,72.97851267583957,24.94453998025699,40.76609070451659,34.84384947840677,0.7492699855725025,18.28464533171044,3
65.23029856408026,0.7672572386837704,73.5508408651286,20.93492813869935,34.88236442057696,34.835890612194746,0.6207077179807076,22.169164193299224,3
47.658466252766644,0.6419019009366045,109.63732123436984,29.116399578388528,18.952504942809853,32.469886911028226,0.7088242091831476,8.1135225536395,3
47.6586304305082,0.5294988144241591,110.94529594755934,26.12880761555877,60.42177910534731,28.18826221226949,0.7225613008068049,13.283324120737754,3
65.79212815507391,0.5944230922342294,110.9776767063473,25.088066259668288,41.553249991994015,33.709111471950635,0.696344634899553,20.71103696442779,1
57.67434729152909,0.6558326912521723,94.90088412892604,20.12316986360875,43.981472651225374,29.54015766898477,0.6604614540457323,20.786222738655127,3
45.30525614065048,0.6076005391412411,97.49091479994199,31.517539659673794,39.42092250123091,24.590428156434335,0.7507968611781778,14.142521998058804,3
55.42560043585965,0.6538755992446369,106.55759048318714,28.32351372666555,32.64883199275412,27.983561040445306,0.6798310127015659,11.326644531615703,3
45.365823071875376,0.5079326406920633,101.71786012586661,22.23539581316349,38.140755190512294,30.422634918921624,0.6257406918650034,19.779679111653813,3
45.34270246429743,0.6169360824036078,55.6139925450493,30.009124268409685,24.006052378056886,34.551078918323725,0.5975262757165158,20.917745512908024,3
52.41962271566034,0.45862855030950195,95.40400738849613,22.512145808073964,62.77086498053305,29.082359139214233,0.7630424759999654,9.176683257438025,3
30.86719755342202,0.5888773938651299,82.97187131479373,21.089982537444815,27.65488001577604,23.95400644380197,0.7308331988235559,8.980431755168098,3
32.75082167486967,0.509609235853521,103.50422837817024,21.201484412598564,29.680337161528207,30.283708416484096,0.7043986773564584,16.126283409918,3
44.37712470759027,0.5264470057410233,159.70518005206821,16.144657234559546,35.597407956135996,30.567280200282763,0.6779862681574598,18.146803167144462,1
39.87168879665576,0.7236093175210437,107.34963330948608,27.35771190209103,52.88075724852378,30.929188144513766,0.6735500792898436,13.504654573849725,3
53.142473325952736,0.7091310120594269,93.72940627655204,15.84427560830825,40.14508999262654,34.59935757977215,0.6462131675779194,18.396469099911748,3
40.91975924478789,0.6609138120907176,118.43603003954505,18.857780843671186,27.638642039695377,35.094616200449494,0.6784272177720058,11.44931696581309,1
35.87696298664709,0.4907687235327421,109.65375774418425,14.622059954607334,52.543383607573396,27.028945638091667,0.5939956392439912,4.426532004631323,2
64.65648768921554,0.5683591550305198,108.40188980903683,24.569651536045534,47.31000626785482,26.919282709755283,0.6631968173265742,12.88049463833702,0
47.74223699513465,0.7213097699979183,112.13701186431342,24.24839769864064,45.384349572164524,24.799006445222634,0.6844531241824453,15.316160732565505,3
50.67528204687924,0.6141716913639904,141.13087129659084,23.36651893406818,47.157342411708406,33.49407835140238,0.7304940023595209,13.620800200517717,3
35.75251813786544,0.8319329539981695,77.38223129348168,19.787111526647116,63.94361900582451,37.244100541688574,0.6980036768313318,9.206983681702575,3
44.556172754748175,0.6393317839394371,109.47264153622909,19.1388312328168,61.85094895036112,28.424590360455383,0.7397461556937779,5.921755120605912,3
51.10922589709866,0.6192049116490032,81.47237740036923,27.32184931773287,33.13284656996704,28.792847176375034,0.7674567552556715,12.429555978160511,3
38.490064225776976,0.5690883535797499,111.11025292684496,22.247240341457562,56.23884992811152,37.33391278449488,0.7529085046912051,19.48827885824872,3
53.75698018345672,0.6133540904782282,81.62626977027811,26.581791607680724,43.831681897589,32.52778926607504,0.7235254923689278,21.280987197068413,3
43.99361310081195,0.5847530163619455,91.65266372789831,20.573756569378887,44.99095816137749,32.181178524005276,0.7005931339590392,20.938566920692274,3
47.083062502067236,0.670810867668859,94.09820171524187,25.905313713855413,23.077291683566713,24.045417470131365,0.650960599579322,10.920452324257235,3
43.98293387770603,0.6956702316794584,119.51633438689419,31.516390186580317,38.29614234611804,33.39364034639709,0.7369972025689657,9.231468381848181,1
68.52278184508938,0.521401053949205,118.36908887884827,27.930829001963918,31.87176409663435,25.354318297451208,0.7839873691110764,17.483173074899476,1
49.86502775262066,0.46687670464422215,75.08565247107231,22.937930908917597,48.28058814893309,24.32989907032521,0.7171053019825209,18.175500057989627,2
39.422890710440996,0.4163794626896703,101.09868221999697,26.285994851779638,50.710805004028046,28.26614211616644,0.7958629574213061,17.000848026002487,3
58.225449121031886,0.6507991326912543,85.80840290501655,23.796674127348936,19.255136489836886,27.07103638275655,0.6237214145969457,4.929683628811183,3
37.791563500289776,0.48966333938261264,74.82990178649331,25.03940092347364,39.7796513599573,28.892001528074804,0.6422918307610229,10.665577075582668,3
52.08863595004755,0.38471094070475165,95.65965899151259,23.371944739257483,51.21861504794252,22.79509182737541,0.7427600753874131,14.851556048570108,2
30.403298761202244,0.6388578604530963,93.83034423088361,24.178323970573043,38.13321037686555,34.79408153233836,0.7132145105076625,17.436090973152137,3
36.71813951101569,0.8492999517432791,148.53432972691044,26.060466765370876,47.29063645002364,35.63843147258214,0.7656891088285903,18.836536813012433,3
51.96861235869123,0.5993929088460106,108.65919650721392,20.033206502090245,43.511654676270844,20.26328762929593,0.699226417963663,15.7212676114102,3
57.38466579995411,0.6838490774451642,72.44764998491526,19.920605865050106,43.41660231952626,34.892289028332755,0.6566012288735834,16.65391903269118,3
51.7136828118997,0.6081829358547565,88.70451991658115,18.057287230843944,37.286850219317024,25.947356850891868,0.6893203378897478,15.42432729180552,3
48.843517176117594,0.5901110346808857,120.42766590858797,16.99864447748145,27.834191958642904,34.28487768491393,0.6233658014538133,18.428096871092414,1
46.98896304410711,0.6919076482987768,141.7688554573985,18.913586538897604,28.784698525749725,29.657767536667922,0.6435704663451483,16.564328257454555,1
35.214780096325725,0.5709725455811349,68.28033375524083,25.797312534020644,47.09352514455317,30.14387782040499,0.7486221998959005,15.328688300236436,3
42.801557916052914,0.6267392314071902,62.4015122972191,20.53606242254058,40.19458255518883,29.074511752893905,0.7436393707234804,13.658156004313096,3
45.393612290402125,0.6321697806196014,137.41930350743564,27.56807232115548,38.614877553927755,36.06064602116743,0.7181502142403038,15.406457125212405,1
60.57122226218915,0.5331909546356951,107.79228354741808,25.17356874376281,35.76109957677647,23.802059937374857,0.6139461239519765,17.422956894196375,3
53.43618289568462,0.6992042349536522,82.63414536247268,15.157478932809731,36.94811154519248,33.03920169367504,0.6820798212243555,16.337376944490305,3
32.36959844637266,0.5825040243304591,110.69258172244871,28.274877921108448,50.46911794488139,35.50665082444775,0.6387500055669975,16.904132091726268,3
53.24083969394795,0.5244254840507155,47.28504521966244,29.05399322795855,36.647559181319735,33.581700402702054,0.7588266626893883,21.713609306755927,3
46.149177195836835,0.6536509843570404,100.06751013194322,20.030686625825734,26.589352866984314,41.62349457161709,0.6708138933218699,16.325819613732936,3
43.23077999694041,0.5101532018208963,106.55642345686171,27.10095771447496,47.43651775540173,27.355266186376504,0.6457126144609224,11.755007397634213,3
56.11676288840868,0.6028181157369128,118.4854027907566,20.717508812954005,37.95123336135283,34.786524112967655,0.7014898082560712,19.418033929970846,1
60.30999522495951,0.5990881003355796,79.72208095414925,25.48835188374168,40.31395865532777,29.469546823292898,0.6679922771582694,8.169008311655412,3
59.31280119116199,0.7085895565831578,101.71374322806719,18.67750796522517,56.075783063995104,36.16703038176335,0.7741871955101853,9.592933096303565,0
41.607824767773614,0.6474698232879953,81.49150747880824,16.034467737327116,39.794394426494925,29.961555021393153,0.6632594551232904,16.679236323600346,3
46.907876241487855,0.5974973041254856,105.10767511348634,23.085914051935156,42.891836731187254,28.06062109068765,0.6300385870387684,17.581983338932893,3
53.31263431403564,0.6817766299200287,82.09307355273953,24.381355268625818,28.210765087016746,36.530361019358146,0.5923543242121242,8.774743882480024,3
59.75545127122359,0.7390207549017314,91.83798321679559,23.01160153192698,37.8033054764904,27.54219030490535,0.6984606748793292,13.085912595066251,3
45.2082576215471,0.6557810306351862,80.08369210419542,19.0798472088872,46.09526045208601,22.936371205497217,0.6719034943071036,11.969580838901706,3
48.14341023336183,0.601035261984338,113.02272483647315,23.000504689344314,24.446262661587575,27.415765584130856,0.6285547696744136,12.566618385592015,1
38.93665025993972,0.468816376764984,117.16902233313331,26.34647376290367,42.00845093115709,33.09516473294266,0.7594613230627892,19.71798888136473,1
38.037933759193294,0.4934886336924627,95.30758860085173,24.775534849387316,41.00791072644806,36.96019375793546,0.7333622573714621,18.532527317736264,3
58.125258223941984,0.5694775295645332,100.76475989920057,25.91250515299607,40.412874555874396,30.55564687648256,0.6985891060531385,14.904389100731462,3
63.56240028570823,0.5390487797840716,71.02817170732912,21.649423997728835,50.37158898658243,36.59098533617013,0.7682163122085433,12.27019036442536,0
49.27989878419666,0.5813028697014554,94.00646703986426,30.858589573580797,43.344385148485216,23.20912539261203,0.7331268016699306,8.251751648899297,3
60.03532897892024,0.6056649924897107,98.9959076591651,19.119133317226098,54.78071898356444,27.783682675910484,0.6588572049240783,22.100924693909743,0
53.61636025047634,0.6529692754356731,152.4158618205995,27.437801485433592,30.06410484405964,28.557124414229495,0.6480389918004617,17.960569501424594,1
43.54880245394876,0.5929501221940908,77.76065948451674,30.90945546479981,41.35924567218348,29.4272028626374,0.740899077222693,11.466654479634297,3
53.61395605508414,0.6486501643826201,129.28354477504874,27.40454046374448,40.844667863899474,30.420471941250984,0.7198183478233675,18.597997488124456,1
65.38036566465969,0.606447441481012,119.93717546931616,23.98737886467585,29.3074550624492,33.45455478696096,0.7084873883985331,14.648881897126872,1
49.64173960890049,0.4024533433646128,105.61272808980273,22.358514766685104,49.56295002091346,27.77596580914755,0.6576751098565545,13.564452475688286,2
65.64643655814007,0.5060664606181245,135.17240968390269,30.18043825523128,63.24673305852818,30.69514343476563,0.7303973783502876,17.17605764144801,0
23.802548959102555,0.5855912444278384,107.44210945213726,17.885125373691636,39.82993925516169,29.77438554837974,0.6622250558433025,11.292508750436376,3
58.21902504375224,0.4790305257158892,107.78318391335857,20.14937869810178,45.05021088273767,25.37055048054425,0.6949006672703161,13.28121740244945,0
50.870470682381715,0.6599928729996204,98.9375869396491,23.01221117254139,40.84518475815327,29.431666554592823,0.7723472073193489,15.60730532099773,3
47.009926495341325,0.7530750832343698,124.47137764837255,31.18826878755999,32.864153300928244,29.281702350514408,0.6669582882094927,12.502744035573933,1
50.91760776535502,0.7218761851697316,121.92938467621767,26.89883818020448,21.792397221979837,29.17459717498477,0.6213505371463569,18.34542605133762,1
30.124310853991073,0.5786557129069791,87.48645425007575,20.159771207448774,32.94226516904635,30.158797282907255,0.6473726404064944,24.345332518391302,3
47.80328112162488,0.7490726136849952,73.61505610802465,23.448461473075483,26.080416190482687,30.37836770306693,0.7497149413343811,11.228509336964287,3
53.57112571511746,0.6148667457202112,95.94038725208686,21.92838427951853,57.04102078059118,27.83852410446335,0.7127365568690104,6.6743735184797774,3
64.77894044741517,0.566291402888196,83.99922871204707,21.451055038832326,38.84890306076761,36.36357366985632,0.6935561310655622,4.9912991626186916,3
44.81729781726352,0.538659733645906,98.7295085076929,29.894447792783897,36.54080670952829,24.152596853984917,0.6745453097344215,14.24765929252509,3
41.91506397106812,0.5697530313511872,124.74876269368278,18.141284353682472,48.89153824787806,26.39514945765052,0.7242679953776595,11.684177049369087,3
44.982429564154636,0.561182318145877,90.8539668982642,33.04390427867187,28.78248897144112,43.899818121117775,0.6575447574504888,16.039302505335403,3
59.15402117702074,0.6170416222375488,99.14353237376851,29.141148450923115,32.331359619954476,24.81004322505385,0.7152832784321298,15.662988360130505,3
53.287511096596845,0.6160573981049864,101.1604546961679,30.45430835301849,40.68072269248621,23.231226626451207,0.6634372715593521,6.983915766929519,3
44.70239796232961,0.6003046020153414,116.96861764410569,22.68530243987371,50.287689914234804,33.67238372500609,0.6551170307362473,5.9255808525929705,3
55.13267433113356,0.643693816974635,55.0622133203079,24.250296404604452,45.01685045168788,19.61440073113063,0.6681256282587493,16.479666201730478,0
50.9707754934804,0.7190646274786341,87.86599410469407,17.83424092737644,42.48325142515882,28.823630450137806,0.6812296276758019,15.677144173599785,3
59.68644990532889,0.6949554135441324,104.22567384558945,22.376687964665983,40.78117735236016,40.72912462538244,0.6975585082033148,12.870910008167243,3
42.979469061226474,0.4515102031550096,124.00157912853723,27.468274238215756,44.002358555267755,22.275320389233,0.7117727897555557,6.7142820743384775,1
46.723378534022316,0.3446078865098045,90.1619510498759,31.48031530890698,42.016529051292544,20.090177571306434,0.5155817354285778,17.356956313824952,2
46.078918468678424,0.6934319911239274,62.46894587916252,19.464215915987744,29.70027725223064,22.50409399021151,0.6596174721126618,21.359497727119717,3
35.364850518678814,0.46331213015845785,112.39422891932273,23.17247031507367,40.46079221633151,34.49179784173493,0.680421501132198,16.38991220109461,1
52.96120277064576,0.5775234598107316,87.29275222348741,24.24350389883739,29.263113410822474,35.62388359992906,0.7752531019304165,10.762630547174677,3
52.610552721798896,0.482988697394064,76.20666681819277,18.021053989037576,40.81082542900824,27.437056015107455,0.6459998695808934,15.222760827855756,2
50.05113456642461,0.419801956241998,87.51309220573552,27.956746208792,35.19352058511758,33.41606202000534,0.7081398309049955,8.169429595331575,3
47.65412866624853,0.6541462728204788,96.309492846883,21.380048341286955,65.39381622782861,36.95127663755995,0.7747515154867919,20.289803569193964,3
35.84629257949586,0.6759155160302647,87.90510670923575,24.02304824411488,39.601056162482884,38.93673207214913,0.6343515735026363,15.409221672647694,3
45.79354677234641,0.542348959927328,55.888678858018615,22.74025314044061,25.95760433738411,28.76832359410076,0.7196987612932201,6.15921544123384,3
46.572854834732304,0.340895770785509,117.94132393774265,21.053307471401627,38.658197893230756,18.492641411650066,0.6598864083032739,13.496628197781586,1
41.97722730778381,0.5453755551747517,125.49750082557445,24.964775072597227,45.19358745637888,25.895605387951566,0.6747683128855382,17.316507551171153,3
48.387142883339905,0.6391804005402546,113.03043982679011,23.92195210715989,56.733639461525236,27.86597902532371,0.6598444583023342,13.334761895122387,3
54.040508568145384,0.4521088431225871,77.24628659150366,23.140710588606673,34.10547600061282,28.705306017108047,0.6634071345792056,13.62052139279913,3
68.8618590121053,0.6183359919779156,95.97016932104964,21.357691891598286,24.1757202597636,29.0607029949564,0.8360956073953246,8.877988964763642,3
51.74577812831839,0.5984690150827005,99.86957369541084,26.597623353914777,48.16837011430981,35.59447298965335,0.7422227936035832,17.83270493540828,3
52.57550390722764,0.6579291499601088,111.97588779123821,33.26808634246142,26.19401294100349,36.372142133437904,0.7550868930893104,11.757653999904313,1
49.25554084233833,0.6119580368414153,113.36680977436161,25.699436164195635,35.63844558492515,29.141631730376083,0.7245996743418248,4.217773114974836,1
30.812287847009586,0.5026931059118445,85.31652402443008,29.980591074555644,37.42379514489006,35.492424380259095,0.619687160579902,13.14371314664803,3
49.73486124550783,0.7196571501664492,101.63991112827121,18.048890374232688,39.30366546699892,31.788306833155445,0.7197478985161653,19.905748577851767,3
50.60230209941027,0.584147042697303,109.14560809230483,25.78880719646885,46.89164457074335,30.32252986431286,0.7536464807253673,13.065352767000263,3
74.63242112485287,0.5972695460490068,129.11644644293534,19.513158405144665,33.16365717713612,34.53272078554982,0.6573300262980444,23.689924925617603,1
48.076390352188774,0.5066732040926804,114.09013079649446,17.615375362340494,37.262707478332395,30.36126024118958,0.7482663333580563,17.144839742742587,1
53.015473423336125,0.555671774880849,115.78113374751038,21.30314296270482,39.857296470506114,40.28905588548881,0.7352168104927039,16.69379081140183,1
49.65288230294757,0.5115197285973099,101.67653255858721,30.959496672067864,41.49597957518788,22.807944166027205,0.7926020022406834,14.358008670411955,3
38.31321962380468,0.5827053940076576,128.20918290407008,29.750079143348227,40.978271747079226,27.42414550453991,0.679110849374319,14.658568961178547,1
61.42822814515021,0.7711708480142343,108.19525591918995,26.215023610272,44.3600577522258,29.36740551523025,0.6451194508862136,13.68288182440248,3
57.519330326867745,0.4628098857068643,82.77824179652859,17.336497200550347,48.43839509641737,32.19726345228995,0.6819185945313727,13.488653039587367,0
57.910319470430466,0.4386438602123258,128.0673994025038,24.018596743060314,43.92634115650968,36.339802435515445,0.7717785496581812,17.654335810335745,1
40.906125452052606,0.7471170327493608,113.95806545078055,26.50850004450868,44.535855235092185,29.878007163819216,0.6085797059579018,10.320843851047172,1
64.02794310936099,0.5790676322848134,91.13911957743035,25.87768114789299,24.177768332535223,22.888851752468966,0.5965812142284483,9.620530856378702,3
35.98148937207719,0.5330927261340084,90.41014065201513,15.78103208259627,40.50227699165681,34.21256948227502,0.7044697639465807,9.384024745623112,3
55.868570938002705,0.7039904687396077,105.93151090281523,20.54841075990064,44.79507548001609,33.774793830709825,0.6778705353612922,25.22827273838577,3
71.90455625809979,0.5394384460263135,109.2636959053517,24.679611179256415,47.2894119457045,20.29070670310297,0.7003863946587842,17.6517145083529,0
40.09463674869312,0.7826009713546936,103.94584531262413,27.68145454758595,33.07649225766206,29.980979331646004,0.7472655885617933,16.522461008400725,3
44.33702270397228,0.6677925871339269,106.2261734688577,14.019360894500268,33.40960725111355,22.04929084659851,0.6723715326940574,9.712426648532842,3
50.99651365087641,0.5512088591854297,133.9991474915276,24.189380122600706,34.258993247164014,26.676744512489687,0.6063497084534689,18.11671150337414,1
44.96524345883801,0.8157308213265504,121.43086304469772,25.71524384939476,45.36413899891343,25.485955365186,0.8022240778599972,14.417143267733357,3
34.493365689338674,0.5394285076996661,103.81271182530048,29.248059942581065,50.33881054924208,34.04632349120993,0.6501385856280611,16.07084470565875,3
50.68562974806027,0.6742095372009307,118.82621161534966,28.464287921187182,35.92539892708398,30.58415087086092,0.6470481438993951,10.116898420682219,1
39.37696286273895,0.6299292580406491,79.34952192944921,27.912856594044026,49.07962313627049,23.572044996219862,0.7551860006861297,15.801344287087883,3
54.73592430635182,0.7301741289398798,107.95854099893617,21.00029746649033,41.23479809164594,34.40032981478671,0.6807755439479241,12.880832308967584,3
40.80575765766197,0.7561511196726852,136.1861269946622,15.459989314383462,38.757142228375635,22.830970880357928,0.6968305073982595,11.171944214849061,1
65.4993440501754,0.6032004149065766,95.63908209215252,23.034736214692995,37.88615770182031,31.650568952354718,0.7241395062030158,18.670531679036245,3
42.16746707663763,0.5246582129653816,83.0473214276183,30.0081591260428,47.46611364602157,25.92994665354222,0.7541791551554997,7.311460957349988,3
46.77938483794324,0.6459972142939117,86.9582222281388,31.96727263762216,43.2557781678707,28.1716145873474,0.6833269653409113,17.823881321570752,3
58.135172173696695,0.5322284630247893,78.20733925315224,28.552745511488926,62.75825427647638,32.52135374019192,0.775997600295715,18.42243066776498,0
37.69135683566045,0.8013387247526623,84.30476183744594,27.14670411400867,31.477753570026756,32.60724699529764,0.5932100075632597,10.601781622243797,3
52.27459934604129,0.6136535331082738,92.58983802819942,26.898198241929826,45.181017020299755,36.6848453677798,0.7379893618476538,10.898357694337662,3
63.07142754282428,0.5634678448687891,71.88865961642716,22.219406266196096,34.70798990188487,29.588731501642734,0.6580236220991171,13.884871593667988,3
33.92516765438772,0.6184680305864908,100.31236667899206,24.3496985322319,31.307130130113563,31.532254314816704,0.7686135658303995,16.410181052311103,3
51.84633858532304,0.46528737104703033,118.04554347573294,33.34534762913165,39.89132862965028,27.811313387978377,0.7071022239415272,14.235725040928873,1
52.598827942484235,0.5028385961489348,81.8448763970616,20.287209971040618,41.37352479407036,30.90994941311399,0.6663547333995299,17.167812300959397,3
57.8182287177731,0.7200413907944425,130.38567847283537,33.07389395354926,69.18173555060093,32.19743024004256,0.7331420546510816,23.814898262686995,0
37.63049289121918,0.5343105721028604,110.21584177055189,23.38985922753971,38.15854184316798,29.50845076272812,0.7446594173603626,12.461416154251431,1
36.795433869157236,0.49530890173180603,120.61161171248115,31.62716054547539,28.698212705153168,20.981247579537516,0.7320947061429318,6.424100146482898,1
55.21941565616898,0.6536652752527286,86.84330892295726,17.96592495251231,42.73010717494385,31.657354481654476,0.648515188018347,19.129617915153265,3
52.96984673233186,0.7185704154662997,117.09050454133231,27.929521005823247,19.253599624536317,31.822807386777285,0.6757991438188957,23.41657287963765,1
52.504928503458764,0.6718953310665067,78.16132199209375,21.31614932026189,39.08043217395734,26.599132618260246,0.6997963581439282,16.963841815255623,3
53.46448209496975,0.6996047685805816,117.80495001673017,17.923664040379062,40.160252822951605,23.57806481963743,0.6979370173674969,9.56125662323166,1
43.19975278421509,0.5243204911430539,103.43678679587063,26.092670212054728,47.94600382945212,37.37939575251983,0.7374872737719174,14.380538183823996,3
52.322536971610035,0.4578189333258156,111.06502439969567,30.047358942979844,49.736222494278465,32.45722755447201,0.5992549383746695,9.407382578941839,3
52.93072473298681,0.7501333651955486,76.48810788750296,20.775292807032518,34.96430381092283,28.854594845391453,0.7167163527276751,18.21427746981474,3
42.85648581973632,0.5677320161157864,82.09860315446791,17.504920197707996,38.49385985370067,24.314835584262564,0.685500932278168,8.243547986507828,3
68.65774511144757,0.5749166983544952,111.94456436506769,24.540776178325224,32.33879169389329,25.890925857893272,0.6580749691808023,13.499356065859,1
54.73832920911788,0.7328194141849058,81.03303991551599,24.562823356114095,28.71937445192306,36.51295198393116,0.66287566111152,9.978310868530468,3
38.08696502797351,0.655623000940066,109.26412584198246,27.741598137772492,43.098947793806346,30.68830970434023,0.6892731167741017,15.63412342567481,3
56.5655360863383,0.6455887772081608,72.65724387079509,29.747972856822443,27.264144514034008,27.24706466499647,0.519945744777024,13.168291614311212,3
40.253183297726785,0.8165002344901084,116.96348425333336,24.70292409363753,35.85373099428137,32.54844615612328,0.6649355214604225,15.88381051625132,1
57.87084603742452,0.5356481769619856,75.34953370462982,34.27751657397131,30.048260401007624,25.928009062768382,0.6562092587676853,15.111752774831828,3
61.58595579007404,0.6927840128081237,111.04599875359047,26.12117372267646,45.496831862902596,37.504215151401894,0.7266391604661312,10.06670486137945,0
41.7931768164829,0.6057013124897084,112.51261867292001,23.267867469965502,58.01430099266488,36.76400267448363,0.659723665874474,18.13438531764511,3
59.63376129244322,0.6268592278863256,86.0645636314085,16.94216320448586,26.984120171966687,27.667129643986115,0.6892443099914755,14.756171740784424,3
54.12780926936498,0.7528468426412531,111.64053134169454,23.68670239841916,21.469815171024308,26.856648764845698,0.777113831383065,10.057354960670498,1
58.2206015999449,0.6507835756289624,105.20884526667112,23.31806527294432,38.751131146499326,16.9093340065386,0.7497175759907712,26.204632781028963,3
68.96792982653947,0.6538296079049633,89.22316287614524,29.80152398140735,40.15697795957758,22.59209614224316,0.7451135699971726,17.382150833585623,3
47.54611883997129,0.7072507337309802,79.82890631847584,27.31241812033427,42.18659306757298,23.30265112521122,0.6750063784794573,14.233697233003474,3
42.4626383564251,0.5635047270457114,60.74748616654842,19.103154391836913,35.53679484765655,30.675951704936928,0.7271516139644826,22.07602263350912,3
41.10485570374477,0.5160790332660994,106.99300094599387,25.86127193205519,37.99360701174568,28.3688314777932,0.6883051099773203,24.209078046933037,3
41.841897150345616,0.4955190805978966,68.7039445727589,28.357655858645266,43.67510410540602,23.273322562923795,0.6901953394661531,14.273252888430575,2
49.228982905858956,0.4033643410623998,101.90688398882617,32.640156796939166,50.40430892644839,28.594179787677213,0.7204842671873275,16.73698743217381,3
53.41151974816644,0.8056207129940323,94.73103567835501,29.437519837070298,20.449512296817172,32.52668573823674,0.6701503205789533,10.059985909985295,3
52.766907993300194,0.4896791634278317,113.58285550876391,28.80423327155739,36.310605609685375,32.639196749577934,0.7746501552221601,14.264036246159943,1
58.27183249036024,0.5778746376414228,93.95909001020271,25.30042997307582,42.13808793941063,20.501648595705596,0.691993493020103,14.00468723120065,3
50.13001891877907,0.5723186700111079,93.41104427305817,26.941560027117248,30.82023895389264,29.358682597580845,0.7309180283129832,15.92413516810827,3
64.53534077157317,0.63074066978091,114.63741408576591,31.247524503530794,57.311696317673,23.08329611514195,0.7727800239628648,16.66380239318505,0
47.35343166762044,0.6815737212539297,106.70116058168234,18.33611301260175,33.64590119771263,34.50864348570137,0.7515826887287587,17.7991422441403,3
77.20169166589619,0.6860473488359745,106.32311914365556,23.25280336391522,39.58707312992717,33.92073208176749,0.6295540448654737,16.188213281499795,3
56.25667347765006,0.5416922561431061,109.38535179617053,21.137156256218795,45.56022096842291,25.509863868377707,0.7222447947504942,8.946286866854177,0
41.42842443583717,0.5832878286213589,69.28855753585788,26.89576559363062,34.087152111981055,26.169773987998,0.7425359697230323,10.307664471294576,3
39.29107501938888,0.62825799504883,115.13577359973964,31.151110878253938,21.534269521955828,27.693664747508464,0.7445931511080374,12.267961902681634,1
54.824724152431855,0.5751308873816453,112.24937588027204,22.01512856639463,35.71345473083467,18.736033026343303,0.6443352582942684,13.588797040383856,1
47.76537214674149,0.7607345576019993,79.66633742847006,13.04847816265281,50.2944055592704,31.679840867202884,0.6671482381491337,20.253871452360567,3
57.14000494092092,0.6490974951638251,95.11839052651598,22.93889627487765,36.631048732148614,28.635777268299346,0.749727911787081,9.185305065735434,3
54.73237624573545,0.6734877786049818,99.21385424744737,29.567368660087034,31.535656985410213,34.850875412839294,0.6619119814658677,13.2129247591465,3
49.271710873431275,0.6662881268667412,97.31006431196535,27.688149514749398,49.256722095027214,24.507953910187236,0.6850151971667843,19.76504749107025,3
41.532062819315954,0.7173473857485325,106.67719933137069,27.140931239052883,36.692251039769474,26.90438525875034,0.7787937904750984,13.500612627516938,3
34.851527753141355,0.6181021558703707,128.62733563662368,23.600033490627602,34.89839186349783,22.467373709804423,0.6976100374807604,17.30207824921412,1
45.53485047932979,0.4703168052044153,121.63533455345657,18.604846318901068,41.4945608966331,24.978547182528736,0.6636612931083078,14.302289785360482,1
58.56398794323472,0.6399687951752642,73.75561613137188,27.576471608122336,47.70750209618787,24.090090019658906,0.6561191321568547,16.283916286623615,0
52.14093744130204,0.5348643106208171,112.44139980612097,20.828590949826875,63.81713531732546,34.97986839423223,0.7166359664792593,13.857637280952297,3
37.542612212880115,0.5471383318250242,126.5786663907082,35.920483666902285,48.27236107657423,26.508690756243038,0.6333425995761395,18.33532736364177,3
51.73180925851182,0.6586364018755093,107.73617041378405,27.85253604177258,51.59839966388344,30.620878423723067,0.6876332018051791,7.274717962967824,3
53.85317379728837,0.7238283071433635,121.81960850371934,22.096758487230247,34.940338010121444,28.096182980690976,0.716661526749501,13.183439958057274,1
41.16142563798867,0.6021271576736061,140.2454089140153,21.94307376305686,29.741318940305238,23.652673669935936,0.7649574910273833,16.48286338347154,1
51.53725105945528,0.6308833012598963,120.47419092213963,24.535278966932058,40.62331349619123,29.158497884141788,0.7333774040184997,17.668476240030966,1
50.58208718446,0.7702214944635237,104.98617191283458,23.80249038989125,41.07169915259596,32.99551665931797,0.664296744100891,22.464763113769138,3
38.57029702169377,0.6240753179488568,120.90176948169507,30.584168877649773,29.214872586354026,23.96120303728324,0.7589209658781859,13.044876665672119,1
53.577873603482836,0.8601683114180394,102.89775666193782,25.932080848720233,38.24705470095987,34.045563953656895,0.6850242481226261,22.397408809304366,3
55.60784526368234,0.6565509645631544,100.4780608656991,21.341841305457358,43.99317601719131,25.75139539261152,0.6382148488975296,11.704880866701647,3
60.830512431752766,0.4239237240844182,92.97171528572535,34.45220342577891,43.6039339501808,27.585080369635797,0.6913979320367263,21.643232057723218,2
60.53802052034903,0.6753341621104533,131.26826717664215,25.246541657601114,45.042878533842725,32.653415615050235,0.7719084600572851,19.08733563349186,0
36.22330632042909,0.6381158384882778,83.63142668115998,28.844198379844485,42.90964730137443,26.68281921390256,0.7082620025032462,10.432707101838886,3
40.62174960084877,0.7289752754082746,130.64735449356232,21.958867462776205,34.929913407299445,30.18787429667933,0.7006260932164893,16.53519618625911,1
55.1503526720866,0.6673181351269958,109.99728247480743,26.815578138722618,34.86099373351157,28.426545856059537,0.7818605822351427,14.743820822339043,3
55.13785950912209,0.5861544016016226,72.01387650396117,26.555549955715975,28.01048602006124,30.646840033519094,0.6284322576472786,18.127922968375003,3
55.150476863060476,0.4775701763710634,107.35298585982844,15.551753539519236,57.84775039185095,18.096304472382513,0.6357200442973614,13.883642057833452,0
88.52731490654722,0.5790976742713975,57.99946984696752,35.076375552303205,40.13450364619293,20.851590923959584,0.6192076764516583,13.463768871691343,3
55.70890510693167,0.5149479545790699,112.51016033662071,31.453222304612737,37.75146944205148,33.07983503023419,0.7186324093240027,21.845472913814255,1
61.35565640180599,0.5419476550195277,117.70462965977981,23.01402341927006,30.71207918547541,35.18590702824525,0.7083246563557561,14.506395527721635,1
59.54001763493203,0.658857840442061,88.15288088695893,19.488651297720722,69.35657902327779,25.447566482342395,0.7771368183639887,19.13211162095883,0
56.51391251305798,0.7669904504351406,102.47095391911165,26.73780806901776,29.266719677771043,28.77985823914433,0.7121737538568385,13.873242574779,3
46.84730755359654,0.6394671529822981,139.08314867500573,25.433488497071984,35.71152074393927,31.473596264511507,0.6797921420260348,23.333316296137617,1
57.589692204932675,0.4804116937964815,89.88506591476127,26.778344742816145,44.15836836286061,33.46608800829352,0.7000897436439053,11.608326853322533,3
42.27174785462428,0.6444602668220141,78.82184825886799,25.957886980970446,46.00212965744278,19.861613641645757,0.7058853709230478,11.929282343764076,3
47.63181393259991,0.719663148664565,129.63326804925197,27.53120494652963,49.579320552156844,25.569798765108114,0.6164119363335916,22.622585905579516,3
45.14636452170897,0.5390217095680617,139.2517438106159,32.23652849695903,58.07608507769263,28.337103100750625,0.8355165822167446,12.775268045523736,3
50.81874139386323,0.5865982833327082,100.07391343695694,27.840516025643232,45.06157655460712,33.51570098618025,0.7259935509050955,23.00537153082196,3
73.14658566673509,0.6014688194729196,120.22926070816712,19.751722505450296,29.439692000333324,42.492152418607475,0.7105004154011294,19.459202897974066,1
31.32734807408252,0.521510168691776,126.82951831061763,31.81281426356226,37.430548748782186,28.85997136595141,0.7307581992139289,14.226751467195832,1
56.86260190374514,0.6648280433843858,85.15031534923232,33.20307281744144,43.07832372513885,22.96511268948006,0.7354705490293302,5.933532639914208,3
33.87284128810349,0.5879051851392219,90.29388329264263,40.760283672560426,60.68226041505824,32.01134038600649,0.6929723257248783,14.903408478640822,3
45.280681342105666,0.6419532443907028,124.6174902630947,19.38252983380201,26.02194521575703,36.60497894770355,0.6684379431879649,15.508150267667123,1
60.889505969673664,0.5112507822197899,133.70028557417018,26.214410065751373,52.025765052252275,30.540070604897505,0.7299725343160851,20.836088666521864,0
50.64280019095463,0.556254169967659,111.2576172034871,14.589506484055065,41.79914369546417,25.466757274228534,0.7192855420265726,22.94223588120056,1
39.22255222070694,0.6722381357827771,82.40371292995891,27.765745781896044,48.37830535229481,34.7899697074001,0.6595054950455296,11.575064104281262,3
42.84696290740032,0.5627166847908233,139.74122223398882,22.258998509166137,38.98005283364068,33.317728092492175,0.7709517805683631,19.005908819940913,1
56.79597748934676,0.7726963851233405,89.38058204376071,34.617228974124764,31.575673698736736,24.86959577902188,0.7146676018161491,18.827010780066747,3
42.69633368282864,0.5600363814385397,93.29724437657096,21.12692514990709,47.50872779401332,31.90712808767171,0.7364909681133814,20.367063512052226,3
52.16458589581975,0.6224684725751886,106.84675668979243,16.554084810163694,46.54431027105621,34.986327838294365,0.7695960443839959,17.49344956067772,3
50.45571839903814,0.693259083187309,131.08320841429548,22.6436812964874,49.72056965739722,35.90945021279447,0.7010944410582417,5.287511545191151,3
43.483996523941826,0.4581634267066968,117.07951953104447,15.122561143914313,39.866953646213645,29.66775512345272,0.7158476003492057,14.2228878373612,1
71.43944089325325,0.42391911880192235,108.29731000723821,28.75549727253655,34.001779766801505,28.209602769103405,0.7405013619253058,9.221462125415425,3
56.33919022318011,0.44743436854299046,109.26577060236212,14.674584768718397,24.412130049761586,36.136369110406314,0.6637569458099973,13.98697113540963,3
29.74857413342393,0.7262584103427182,100.87029337286933,25.142287905915794,48.19373268139407,23.949197485095574,0.7027025831423,19.90002118066947,3
51.86454314769428,0.5448141854107553,111.16279029037013,14.610940900719015,44.23889482443986,32.19289645460503,0.7062774293325573,16.525754179374864,1
43.38213535231612,0.8558199285668252,49.40879844611394,23.39851097731679,30.342173671360406,23.149866863177856,0.6521970724158302,20.740454331987163,3
58.52433334796224,0.5435752401342611,94.06785081860403,33.21689077902267,34.614263267033756,35.326881361298014,0.8158818394336939,16.708769603567696,3
42.07479261567299,0.6184551303197037,104.82643869833562,26.803239457178975,35.332411880485594,28.709772421944194,0.6296353278253798,8.508370301655486,3
48.85263558533101,0.7542109952567876,76.97971832760986,20.68253197517533,25.170155680175817,36.342916178237346,0.6350948048156421,2.3957649671363264,3
55.049872789804574,0.8006092888159123,107.7264663562312,24.84398255530458,31.823176033948663,32.457063781777634,0.7657113287851789,15.74404380839795,3
58.657551941701215,0.8061503576636397,95.91057558027757,25.09008436022223,28.66169643193646,23.88389884969035,0.7356633125398271,13.930367668244173,3
37.997035929442234,0.7208366230593142,135.1095139663098,27.36315172921703,35.87520988112063,37.12313866038622,0.6487017591259611,10.115271303090589,1
46.654987641590516,0.7024062525811462,131.46039450429714,18.165708183595868,32.61302501670437,37.756226332138645,0.7303644507550846,6.49686375174311,1
45.25054688839044,0.6592526949201183,90.68388861763674,27.962836369236655,23.729950791332513,34.411432462996075,0.7733925222498654,11.326283932636453,3
43.46670767426288,0.6778361076166638,96.9832457686661,11.478041841986125,60.22590230569482,26.1920606748189,0.6984868471201506,14.02754257567612,3
67.65454240281096,0.5448814283671466,98.52104868783215,21.850577238180946,52.52540731029231,28.469930228212956,0.8299411450037291,18.32938911853195,0
54.049817109609556,0.5181801116577692,90.96681047680755,22.558630787742278,32.209805784800146,30.727136087028796,0.6137969094565981,15.9431554078399,3
37.391160456649544,0.5996625542589048,103.90049968056253,28.166634130356194,42.7242139665361,26.481448003342834,0.734691172692955,23.040336235863645,3
59.17861947054776,0.5829815377475072,84.8343586222482,25.113154263384345,44.17465089821295,38.461732862316026,0.7583264168110502,9.82197971977303,3
71.22156197012633,0.5546771950672724,77.38769330124947,17.972184730718567,51.91085854773477,30.721632358630185,0.7445671950802623,19.405294460287166,0
60.32465260551147,0.6696387447456715,112.45422447800537,20.075034370914924,31.813949733399213,16.483259764463213,0.6897822136677175,15.23649371564364,1
34.80630034045987,0.695530520857051,112.59059168443622,25.993400047737033,50.92106783982426,31.6967790637811,0.6854779258994425,18.473345620592923,3
45.15765927133749,0.6088406886291847,83.91368480680015,24.60466329067722,34.52094695793065,28.259213015913435,0.7222072585543629,12.817425683672283,3
62.669111491866225,0.7477530081055261,117.90710861525199,22.104379451821266,26.641375958313866,29.62536721940776,0.7407877243326034,20.358401869452948,1
42.92330534381219,0.4858310885866495,87.36844541669338,22.595831052440104,47.24136559314498,28.1569031710715,0.7301236718141181,16.476123791726213,3
54.43819428146229,0.5806340540720282,105.06330476075962,28.480839985796443,52.907584241224285,34.035232083033435,0.7520028945396694,11.602775075411254,3
57.74634053429337,0.5283177679397195,116.40688025224912,22.411537135653926,65.87908973530685,35.59843889276691,0.6490565021466632,14.939879855434059,0
40.730695284219166,0.41334633829269396,99.32774870592574,24.559543779854632,28.002747349097866,31.415265811293267,0.6886114510438183,13.802220705314502,3
49.404746439382,0.5917319314157301,109.09481824282268,35.849682940402715,46.989196850807886,28.303444064309204,0.6529992033938122,17.445891753188967,3
17.58732659930927,0.5878252491616717,89.67140712224857,17.881586815580384,35.90198756206467,29.79331397595415,0.6806943611956928,9.101116253127458,3
39.756123586657104,0.7513449743242131,96.07066833143806,15.740786342126707,47.83358710524031,30.097998082888143,0.7507610445907152,14.853241489421528,3
47.4743184860684,0.6630811684554777,95.88281138239319,28.917948323993034,25.295104487687496,25.987849800675818,0.7053991960362614,16.976536263246654,3
37.52216818035151,0.49758131756707946,85.06843306919522,21.606784693529484,27.37230224301436,32.894643242856176,0.8303429581574885,15.165116535965167,3
66.32411303931636,0.7854092566334188,96.46451673768436,23.4088123612869,32.24125176833516,32.30021161930233,0.7096703183594858,21.73470622194498,3
35.69858622039367,0.7221033695525353,69.02763402272507,21.09421810934443,40.78964045668084,37.70220619888337,0.7029845940289867,18.87011387035526,3
45.599555133030165,0.6582097703468616,90.1769250571579,23.700999296162436,33.58918733461645,36.276748901442375,0.7053091459720108,14.962596016296267,3
51.30740577286091,0.5773515901150168,94.30249013260658,32.992690560481705,46.590543439134194,26.57162541204935,0.6681095653570032,16.083445487488365,3
64.41273289066116,0.504056076327652,94.8764049500924,29.010642293090598,50.26894618257914,34.10149187254483,0.6971081693811203,16.47832775741,0
35.6413784882056,0.5627793223928946,95.17005108258442,29.311117559434884,45.995775412453554,25.24523308452764,0.7563894013555823,17.01649802083412,3
61.63163752154959,0.7088748619704186,98.76471600279743,17.918864721036773,56.18787639660868,33.47966050470425,0.7056985334063886,5.871710021676961,0
50.10233061019587,0.7884586305934609,109.58883036172128,19.244231317235652,44.15826629455343,27.41692900619946,0.6603270135058263,13.492368521153264,3
40.18491348952049,0.7543243528272189,117.49034148265045,10.804606702572865,27.83103289659833,24.883733883122076,0.6537457689760682,7.577804659032869,1
54.62103474263271,0.5511150578213726,87.00469546303466,20.95309589458623,53.6337651353834,31.400226713487022,0.6774899054167078,21.39140473729743,3
51.9905969557347,0.48803825667109885,75.93598289221711,29.783515931928292,33.948437643940025,16.627164359229297,0.703693171720544,14.695752399985361,2
43.99783122841205,0.6140886246911204,79.15911175513794,27.584732578741853,49.1041849968557,21.245122127973858,0.7596793267738131,14.033295251601887,3
50.69802084990019,0.4231560634437148,90.25594157610146,23.892433685239382,55.73734216555106,29.112540581128584,0.6329755679316781,19.483986660166174,3
46.1468640313824,0.6323167714184781,92.96157364366982,24.888498581409735,44.566880107303994,30.412208833174212,0.6840086861055621,17.111623987249374,3
51.13517345251248,0.5852397413701331,84.60007867605086,21.55557228712297,25.038411868353503,28.153406149209054,0.7072155009717539,9.356827428103964,3
56.62130674521047,0.5533963498131758,74.07766671500211,26.02379441200892,30.817878334902083,22.102818506412007,0.6083147116185282,14.645473187363155,3
65.86016816145352,0.4405296932733204,90.87758345051624,28.829391397403075,53.227444668851355,25.910540789307472,0.6583200858516797,13.324165133868076,0
37.62184501173151,0.6513600106569717,103.62853240227943,16.920566062947636,38.308773143571834,31.95604663618697,0.6660055730131906,6.27733555696973,3
71.33033374656267,0.5467299160338088,111.90058931671129,26.49823843918674,40.79573534942166,32.90890885314181,0.660201481307475,11.548618833813977,1
30.479122004774982,0.4830083164289712,88.85153893783358,29.662174354773335,47.58824416163609,29.918884412020294,0.7095944772510824,14.082298389917671,3
48.482149049644164,0.31277377867183503,91.74004355713132,22.924498555183153,46.963228620803235,35.78416890518494,0.69197201952491,14.425245342540787,3
55.883172064845766,0.5972485094949364,81.46603382305378,28.503503060602917,42.78799812385461,31.98698511729617,0.6722356948699482,7.5888428816134565,3
52.809918677350325,0.7772251596669744,99.37121659250447,39.07327222236276,37.91331628779534,26.262721730208938,0.7213981313276318,20.758327915237377,3
43.77300480179406,0.766125921454787,83.03142731618371,24.47828603506554,36.87331554267643,28.597489732941913,0.7861537358823124,14.489484705542806,3
47.918777496427246,0.5542903743413727,111.462556264824,26.966535250026617,48.57898825291343,22.985669213960726,0.7819628258370875,15.187765383302814,3
45.06999065341167,0.5397787939638219,64.28267016131778,21.309714581693044,45.53569531067793,29.459305048042918,0.6038614113968831,17.003208191699184,3
44.106352430557884,0.6468774256075024,92.80740655095076,25.90625581301025,37.4269999938221,35.56050309610669,0.7288536091917569,11.059618730481644,3
58.496020970210246,0.5001614560811708,106.02214678383484,27.30135812491152,50.82112312993141,33.42645042355484,0.6910988354968081,17.28177986566348,0
53.57015485965047,0.6301791899819466,103.67669032645009,25.97421170135069,38.70965884870216,37.01004662959561,0.7077577671432678,13.164626769909084,3
43.070904047393455,0.676608027838469,153.86067327960993,19.901523401455716,31.483378256656067,28.485573781005034,0.6800858483228726,10.517072296764042,1
58.995998754332504,0.7226933223884308,106.99600049135815,26.031808856627254,32.410293010966555,36.73049897257129,0.70587943149436,17.867237466776995,3
53.072995208766095,0.5899845923520047,79.91890806315979,32.31097969358818,30.21259163690234,29.033478867760152,0.7075703698036009,22.45836929400904,3
58.1286211883896,0.5796326249823034,98.09071505821854,27.243178822572638,37.27589983396313,37.35792541284947,0.6710524121325538,18.624146867429157,3
56.29628841923612,0.5122017413243438,64.47507333067097,29.809935945359207,52.33724278336193,29.890716262789383,0.6551816226087409,19.614887825702155,0
41.710049890779274,0.517311964596014,98.38800501406479,23.814940149936863,31.949048189694913,33.53615686902138,0.6775652158690257,12.396846967188505,3
44.39818959803031,0.5773521108098473,83.33887885998483,28.74950119711855,41.884757610181026,37.375561821549276,0.7117129632228383,7.011901354157718,3
57.472936051232615,0.6367365506816178,118.30780551120324,26.396339191082628,33.43310654372587,29.032861857093973,0.7299498170842131,22.450687610499205,1
56.10370265433465,0.6913584626233249,89.00919450808931,20.24544635156384,37.39690958728563,31.09194493772087,0.7426674488670073,25.2725744470238,3
49.79098406035852,0.5196821049319655,97.66468168409507,26.592605023994373,24.89958788014748,36.444317126031514,0.6752904988466544,22.71403386884841,3
51.17327383308782,0.7492688568959521,87.28884317191194,20.04151668279845,37.79461770843463,29.334984180349682,0.7141922283651367,13.321070305101252,3
62.77664895788425,0.5728876398957431,134.77702703706663,21.83559862557604,38.06294620195038,23.395538587469193,0.7481251295976649,9.22682830635578,1
44.0842861116417,0.5978632705651563,93.57514467764176,25.946641536461872,45.402879440356955,40.71503527292455,0.7582797447572064,9.671586510902166,3
55.470973811700375,0.5252788320852176,136.65114086958403,26.48622136690062,42.232809132553705,27.651177678314316,0.6970583572934238,6.581337161929756,1
47.97807347566106,0.3575759739727058,116.28303524236533,19.053837674614353,28.016078750479547,30.793780254687714,0.6889534137530193,14.463106907949774,1
47.8231879677278,0.6884045396361049,109.64133454670772,30.26992885591438,50.84198244043543,35.78003334725564,0.7095562116918196,23.028389790412273,3
60.9877685198719,0.6736843897092433,107.3746629463504,27.860031391502364,42.10303040221996,26.95753048134399,0.6425146263551297,14.291686840638784,3
58.2541634898803,0.5718672442881786,107.87594596432503,21.47635782194558,41.98393517177487,24.96066043388935,0.6903195244482245,16.511614501741374,3
58.135096360006386,0.6066990717224872,61.4465484130878,17.312076017754123,39.90817646614861,31.268686483874166,0.7372293199236565,21.877984821521043,3
63.05478807154329,0.6515939217704099,94.42233211698488,24.275477104592845,34.8224255277778,21.034618010438052,0.732097356472185,12.979523440838001,3
50.21003841632759,0.44374541431134573,116.90315942368643,22.770281430694197,42.17802339748726,28.5604696156604,0.6864866197818055,25.177657283597974,1
56.81952971294964,0.5470947322653705,99.02205633051788,25.565702285265115,44.75588435928582,31.22519332157703,0.7108859100543583,24.960472037487268,3
46.89733243406544,0.6794264679621826,71.8962030639285,23.18441669422217,22.53104308654445,28.65024051587418,0.6587674829854656,14.344443306597586,3
53.24166352488442,0.47457105768307506,98.9519109884506,14.962715696274952,34.61239162653904,22.282745284071265,0.7351746074112512,12.112328679903936,2
48.698569456323156,0.6293557932166629,134.08211032510982,23.058265308494207,37.45053029596411,37.97088978102006,0.6961089281931763,18.486190231951564,1
50.96995964992718,0.46434181953765946,124.93783431069438,23.471904444658435,42.56170605694278,30.517690769745876,0.686202427415193,13.26237528740571,1
55.95157025436914,0.6466429982433526,98.75991981267937,28.168305123870294,51.93311005927126,37.155760588808704,0.6819138081953307,9.217223914663318,0
41.81779316766527,0.5964358517702516,119.02898554116173,21.50900162694475,32.28259185403218,28.699818749097776,0.6968553066550071,21.406193267614903,1
70.9238727568546,0.43848681840944903,92.66985959263896,33.39337336686283,35.02038153182158,25.59994009154618,0.6776061177534021,21.0822369363854,2
39.93982618500298,0.7164739354457171,65.92256826346562,15.441797246741215,34.8746588935345,31.345904601275798,0.7329071518001281,15.777558018817803,3
37.85811387212268,0.526540842320195,81.5106802374089,31.555837489013122,31.984724098954587,28.921064368358902,0.6802358225991909,8.68567623135911,3
61.581108735000676,0.5189747562985618,131.25777537016396,23.878405145609477,36.528135048877374,24.11119271004321,0.779648204801369,8.852368743913068,1
57.91662693962936,0.6200569197230943,94.52013836341392,29.297924361717783,47.708022199879714,37.34892129393748,0.773260525174069,15.536146442095763,0
56.24119817052155,0.7148637349428715,95.13232041249964,25.399007420293664,29.461645046356544,26.88864888553002,0.6554228255072747,12.500644827474838,3
56.2834550926428,0.4984178181021603,94.00323607450238,30.697777680127345,44.27814395152903,20.798668076022157,0.703485213471464,13.29453533929196,2
49.87753227153085,0.6061679849847972,138.08273179146013,23.063190177235946,22.980977699816645,36.64083026978666,0.6674671689331902,20.109815775300017,1
41.02745628514168,0.6428816500330573,132.51917830724125,19.50689787411094,34.38662003557794,27.478509920936883,0.6836676218405694,18.66589658711279,1
50.75804558193726,0.6693105607263143,144.3756046689627,32.10252143635532,36.70510699782014,26.960880536921877,0.8001213733822399,21.890713402488064,1
43.22838288487888,0.6176441555277224,96.81909579199898,24.432596770589296,56.748596729140644,21.17306206485013,0.68462142914421,10.046883883113711,3
59.75119733417751,0.5632972160916677,105.9124897749419,26.107792368121054,37.25197695247312,38.704707432984954,0.7180113018538714,13.28404215656644,3
48.52942618497861,0.517240977935128,69.66714901158417,31.173759570223975,17.987565265490815,23.552597063951563,0.7270660647004139,18.794908477300563,3
41.745028032074885,0.6086143883046374,129.53868852236548,19.840223789527826,20.011110931387503,30.29224740352825,0.6499685313758379,17.240391705064457,1
46.78614158347007,0.4927860988014393,76.6444089746413,27.977454488196287,40.34029586346681,34.563101612702205,0.6572452262795397,22.66190191293811,3
54.12931454275624,0.30786495165053923,104.33551127525259,22.050526217685544,46.13770855789909,32.108584665015485,0.639698881429594,17.10268352952035,3
44.36275447196025,0.6436559804157668,78.05394944734311,24.33915322177814,43.75455857627253,29.70172844003904,0.6557014633051111,24.24054552052776,3
41.77779604433569,0.6903934841086194,88.22266346522608,25.361394826921444,41.675701058009906,21.49167070856292,0.5574984945341408,17.700089008615706,3
52.436872114919126,0.3637067564458161,83.254751379006,17.498890692765322,51.62259597505667,25.95137582116358,0.7272291200396813,20.3108372379433,2
52.44966571108723,0.49902692952900624,87.84249478648364,21.105814785897827,34.60408779262868,30.93900169021261,0.8027096920628034,13.382425266077714,3
44.9305682462887,0.6619154261005198,89.21754593702043,31.755364462065696,48.94910556026825,26.06412965006502,0.7073910369518263,15.071436059419945,3
45.289616943816775,0.8057495469711698,89.03462410149845,29.43095594292398,23.679851149735825,31.01679729999384,0.6291865570329696,19.554722019197378,3
52.32049937357636,0.6020793707675408,116.66667823560614,24.686802113363825,30.950521670619338,33.40871704407571,0.6678611808550026,23.06489085296527,1
35.51915658502676,0.5271997058770865,77.9027441387496,26.215617292564467,21.929586050681838,34.81251442900051,0.6770561577487502,18.646184746553764,3
35.92536225623445,0.5817103558895159,104.41082854027734,23.52878747181771,37.25154699330208,23.869103210936583,0.6491207611393311,14.584141140326903,3
42.81555778747564,0.7374876419148184,124.35918304611117,31.78291692913991,39.53738782733657,40.98323027489477,0.7430091319197578,21.88667514764171,1
47.86552848288153,0.5354035820875465,89.73607270973208,23.99823711102918,41.1410149222652,33.837396722770656,0.7405130022187667,4.040106718600596,3
53.10907565598005,0.5200807993349746,85.64162218504796,26.15921046067424,40.61883352887135,29.99142923165468,0.642227410309117,7.888827492465632,3
64.75356216949552,0.5517256477817968,95.38950749639498,30.730150720710327,30.724466691882718,35.447682915383204,0.7362540522223754,18.408171118341944,3
58.576596232020194,0.5046671391741288,123.59450416721421,21.113142575770468,38.097591555867844,41.82703885999987,0.7763406331788633,15.070541781265625,1
48.40061470036573,0.6122670315994795,103.88215261906716,32.79394592248447,25.025533313942514,22.806399494715652,0.7951279102614779,18.027568255620828,3
49.80983792097311,0.762467845846956,89.37571410784803,17.347692951283115,53.6322897513225,28.87368678754323,0.8432606011542981,15.32203761215971,3
39.97470635362191,0.6323079273116029,109.67753302376079,33.14821065556399,36.96373927101999,18.107841700633358,0.6549003675278401,17.854728473019364,3
49.8148686400761,0.5747646497873712,77.95415700327153,23.136622080240127,35.11113880956309,30.963257663240125,0.8412110213197601,10.927985895034046,3
47.11341361079862,0.5708188731084456,113.62719020885896,23.78650626087359,55.88940328444083,31.826971209625704,0.6822896805745605,17.852430430398453,3
53.227185603380896,0.44368091913033425,108.17214615403535,15.549949144085286,27.57753466450771,29.8041894227862,0.6703767272309742,19.972072641037922,3
41.727690564476774,0.6883109777147158,93.84383057722232,22.726026413111537,28.74412885968031,26.72733214500845,0.7163536187438923,21.102753019656163,3
55.193465142411725,0.5922162802987198,83.22828403105538,19.80096734486558,29.03779675131435,19.752427419058375,0.6708969332953494,25.067771473243496,3
65.32738913002578,0.5819520086409374,82.26638155433085,21.961768273132638,39.32128618300518,31.867668417058844,0.7199522070323263,16.220492217511932,3
48.91239851543143,0.919310756784486,110.69634672691821,24.3134451710556,44.31631629637597,37.27717241957662,0.6339961406131349,16.369555434235895,1
54.01711722098941,0.6298752908365686,124.57961004978124,29.78895807236453,47.39675468117834,27.04490772133284,0.6880623698968282,7.384137679130761,3
56.90143991711113,0.5248208949904816,87.25384505942411,26.038016757003128,65.7199531749497,32.20029964511573,0.7642791117180839,12.342942994307876,0
45.987795281141636,0.5573642403794457,109.16773407102968,26.53838326700557,17.50567545799236,22.159278432899747,0.6971469354284422,14.034589629966938,3
52.24092481810417,0.7148445709196755,58.25945962795863,19.522403055772187,46.08735589124417,32.28606531846257,0.7070797893369941,20.251597761381774,3
50.12592400781795,0.6113270410537764,88.30764538685601,20.596229551986347,34.42869427427769,28.033088511276716,0.7237629302358656,11.944994379551854,3
50.97676098548832,0.45617220216826326,99.37882134258196,33.993625091756556,34.135848511112265,26.187910246985428,0.7585330814658829,18.981700098744163,2
42.26990216144534,0.6919228934575203,81.80633166036333,21.323994826183768,33.80227871746122,26.198181793919346,0.6172387643905283,14.9918914151831,3
50.245101742589426,0.5331855914461006,81.26987250420808,33.28104126028648,30.912303291920267,28.03194208983495,0.7292262025918717,14.114159424426191,3
54.979982912454496,0.7873297776217545,86.64440887062227,23.784694005595668,56.845248346034516,31.912166578462678,0.6865930430379118,16.24446984566628,3
64.51143607795042,0.7080048065714648,105.84385456652747,25.01143968071752,48.422973270139025,23.43918399402241,0.7083318947655919,13.044218138735786,0
59.59270826085207,0.5552678104341249,96.2534196318725,30.351825801149648,40.23195978557375,28.014423342160736,0.7529975084881187,12.854813759536672,3
71.53182457511556,0.7281016361735113,55.235375333500556,31.359462109693283,53.51015752487,29.79264111000426,0.6402906674294078,6.476070471049427,0
42.326524371119504,0.6067855510527403,57.585996947298675,24.44593719860456,24.874710347011245,24.504803877340706,0.6493677779278455,13.760228963360552,3
58.723206367206785,0.6852773675122219,87.86269644285649,23.058784732392304,26.692948686690738,38.98332600837509,0.6032285020143097,12.600159269256368,3
51.83342005738352,0.6484732817294474,109.15373172107104,24.720397757388934,18.220322678053122,25.73252259969329,0.6725420529118111,12.420095053254602,3
71.89802933217672,0.5153643345009127,45.04990314549531,26.689787641160592,33.00585459876712,26.652815431832547,0.7665216172189407,17.0843653129502,3
41.91701714644849,0.5356450167682538,90.00539647696739,29.456518434348776,41.61698526704753,25.10846025088751,0.6939706405763265,18.29315976395255,3
41.602781578192236,0.7029960817581161,89.47504286965157,25.02114929497076,41.02858577932334,38.992400435690584,0.6329937552172606,16.160972523211637,3
44.00607354555978,0.5665224667893459,127.76675556416896,28.094431490115767,41.49341911059881,32.76452614299741,0.6757160627712476,19.97707595224737,1
28.76104275690193,0.5596351536758003,92.29956376574273,33.1917986613547,25.889431689339183,25.31703996878179,0.6256069148254688,17.877809629151827,3
44.74244978319239,0.5044877420650646,107.65977969481857,26.906548061323925,48.03154742614022,35.531157794299844,0.6437406949134419,13.52471905097179,3
42.40867338446302,0.642359906559346,102.82514280174927,26.55826428002389,42.39627518238998,31.00349347144439,0.7194409455131856,12.6857185714281,3
51.50393786476208,0.8062524919243145,57.38867040385599,17.405445874549663,47.330542814659985,31.28626710555751,0.6413063336846985,16.564111183834232,3
53.41755975777159,0.4932467085745727,115.36414433263475,11.846349315854683,21.07237822409948,28.277613956237737,0.755631715260165,17.868835549509505,1
68.76170839215887,0.6024219456672758,104.30793010912576,26.94187864615084,43.1149085879779,26.252920065215132,0.6964439854584832,21.98922153515749,3
59.5042383818605,0.741222055541543,110.1653727934918,24.52587884359564,28.12234760082473,31.688830495273006,0.7042797351972262,20.955865224700478,1
44.23096344337597,0.5920358608754285,178.52475412872653,22.42608662542629,36.026767474486384,27.274563850022048,0.6860813516196053,12.292634967464155,1
41.01585328651642,0.6452371796249734,58.31774121002823,26.217651020931722,45.34364898636383,39.08377814787552,0.7386423919271861,14.489968599363692,3
54.919191715065054,0.493760647185312,134.49393299522217,24.697981354015457,40.91093606255913,23.65354447378448,0.7391579943888504,18.35508902458885,1
36.797667929793576,0.6428307097207648,94.25104961199288,30.638901253169493,31.484600202206813,37.68078386427473,0.7167527175956085,20.339988890294862,3
68.31458765854353,0.5812855734995451,105.74657808806019,25.43055434129489,40.06273156184418,29.443405756010996,0.7282394552953824,19.69484734352396,3
61.79440120721287,0.6985729995679862,99.08975509397516,21.265383574649164,24.68464684756357,31.49542867010553,0.6893955165039787,14.680610835843266,3
45.30824347895295,0.7187386051564751,91.51527333203913,29.950831194796443,51.50267395898296,34.165788833147175,0.7271101503454523,8.729886737857417,3
32.868654709091224,0.8589563642018614,88.60334143522482,23.91434462526899,37.94715980503749,26.84875352497782,0.6831061112263096,10.005318118772044,3
63.538723741654124,0.6579633173213575,106.59017471146018,27.632683418361538,51.18549944255326,34.32124192349318,0.7001115811081201,16.36316757159707,0
48.85460154747382,0.6325796316582166,69.65652606656641,22.612946469035997,34.73468312903957,16.462280723094114,0.6862678125316851,16.711127897121727,3
62.378163119734616,0.6194384301577336,115.01158335043532,21.75086557251282,34.76424011593417,26.400052333890304,0.6771390730340402,9.506603132828076,1
34.05572341205633,0.5646833707189312,91.67611190229492,25.42084115092848,32.35813213362154,25.379685963294673,0.6655444101139104,15.222848054446358,3
44.00624977046227,0.6338483843461691,77.39861321919284,25.064143217718424,48.76173931693076,23.732469938141193,0.7233845051929443,18.156121784858914,3
50.05243699718183,0.5704598589860971,90.99974284008373,27.399135176834164,32.905688426715244,28.925225809605244,0.7655302956406731,9.243866712464278,3
50.46980593764742,0.6168460976269614,125.14298433725145,23.656771233451288,46.445954324151764,31.928749840908473,0.7585550985834779,20.524986009022072,3
45.49934528520756,0.7317597535607959,89.29329825967554,15.818201081148013,36.1754760233071,33.51329999249653,0.6371717332027282,13.112344257200874,3
56.228499323474985,0.49934574347203586,107.1690723641924,22.836130582058058,20.240367001083804,31.204383786002037,0.7644601525703436,21.288065562883254,3
39.32379570617405,0.7139878561129045,85.38087448569053,28.96909233571908,34.29685932213534,26.671532675532266,0.6840920749191035,12.332737771120499,3
48.576205149787064,0.7317115067339865,115.1584369984724,23.513119603784467,28.208917856371517,31.845082189125836,0.7300366507572795,9.866872585579106,1
51.20295631711899,0.5881931473008921,113.71015477580409,23.76808298742726,40.33902723682338,30.62142847425425,0.6546892333976394,12.709315050791403,1
55.14438834058749,0.3878145100991405,136.97217666592823,29.931882529529688,28.095922643255097,34.68028083968008,0.7070989956937003,14.5242593846134,1
57.1161487808889,0.5392178012905567,96.48872109001569,21.440133863705388,49.259751007146164,33.88468351465758,0.7156861591448453,13.057600466142596,0
38.75357908162131,0.7296994546561109,113.37309609515813,17.285983908785504,39.08924139646973,30.152382069603146,0.6257697604040173,13.919992892134433,1
34.65885829264378,0.5977131937701118,101.9613507907789,24.196844402372527,38.22404005241261,25.513734969193717,0.7304133583172094,16.66982574838095,3
62.77676821898509,0.5000697767705089,125.91743563726028,22.579130243756314,46.558921377875826,26.735249220839595,0.7672967503919157,14.144103151018003,0
53.323140119795916,0.5495225078771783,85.6233522478254,20.16876840123373,49.639069340758624,27.25105320180983,0.6912676027159186,14.669438030239965,3
42.51513463443446,0.6840620026504552,114.90010625754562,24.123107720506546,39.79901248230348,28.42366833041872,0.7680084065414006,6.45386800398702,1
65.51151975522524,0.6546733568201379,96.10605407766637,27.45752823623392,32.28799700450709,31.340252137948767,0.6905153253273796,16.958490080052364,3
51.156746342928585,0.5761067900830306,98.71623645783005,24.953557192160922,22.260303838878706,33.57587195064029,0.7424792265523308,14.55398351154166,3
61.792971840638266,0.5633175588185312,101.83504968896746,26.53490536343119,33.1395024296482,29.74440653492311,0.5890715017024449,23.051464902414352,3
50.67518481410109,0.5608241850956178,105.04480792853354,34.06703849257711,33.827877533520386,30.080623939502363,0.8209388889656731,10.302174163730209,3
70.60747924881987,0.5077589815501498,97.67541913756084,23.28560569221218,41.070574529922965,30.71653152500002,0.7747729122621478,5.958523357502427,3
67.55340842443204,0.7615375689469441,104.29426366341053,26.391743173223347,36.54853118861973,27.420473434338298,0.685768724787316,18.09034246965021,3
47.51035851520926,0.567767953078866,131.5623611512437,22.453933187004328,46.87932972051428,25.37303871178522,0.6013955486678091,16.732635091565,3
59.71570950954356,0.7217158520825496,119.70899371230436,20.768201400565136,33.87016728729311,21.22281051344645,0.7144014184152744,9.95783489734427,1
56.45375949585147,0.7521316051922451,117.38309184993793,22.07546173291115,39.42958833147058,26.524253209615637,0.6278037226463121,7.351255224979543,1
63.68631557532349,0.699831089814796,90.88920947952259,22.606207142391558,51.839874431968894,32.365727266338936,0.7222426768778744,22.68698365342145,0
40.35076539419896,0.5568379687281951,82.21518343543352,26.797378987735627,43.418252139549665,26.485442809802162,0.720578285958214,22.07055195303391,3
56.86051459998439,0.6403730090336609,119.10601116475506,36.74537893350379,39.39962458311435,28.810964812870303,0.6529298415498987,2.5627162064693536,1
60.58424486849588,0.5975804393609083,117.52093585059589,21.4197828186208,33.98055558064823,32.332156437061585,0.7560483511807188,12.708884853717496,1
32.41260513576886,0.5096298139269871,129.45341351501963,22.91687347192269,33.66768603285023,32.603447482113346,0.7402787351403086,23.320960273919496,1
38.16741487334225,0.6324359281721603,87.9203874806154,24.68438493444376,31.493867470480524,24.602335739169803,0.7487911668644281,12.619687211110666,3
29.607678222398995,0.4820960208840197,95.40902689279307,26.978994243548737,34.589931342171006,34.98529678226821,0.7004428851834448,12.546938829866736,3
47.305931655554424,0.7187679388461563,67.21031674949131,26.317754059773925,47.55665838744314,35.63675044677743,0.6292237966543146,13.586203361853158,3
57.17542255795962,0.5535382702701607,92.15057787878254,31.420478969740586,37.781117287077315,24.350750713907203,0.7488936136105568,9.395515131159204,3
65.02357052096028,0.6201159655872839,119.93141021158894,12.86803964732396,26.50226930618769,25.88081565179423,0.6864814300432104,6.476121278859779,1
50.74094780419775,0.6283287871546142,90.67009241543605,13.065350649021637,57.68169293059783,35.95545341573096,0.6305109928403665,20.262736553673744,3
66.28615545571292,0.5741095026295923,112.80959590401648,22.520609139949254,43.19965191145163,29.265732393723496,0.7676019682987163,5.785315468761622,1
36.198985417851084,0.6586693801475274,96.18993788004377,30.486500937718546,25.930565994868306,18.901110262740744,0.8049703760251254,16.23635726054378,3
32.96617560644845,0.5525096343377476,106.48114056443121,17.17175984197202,35.58151072759176,23.00159247633657,0.6979375935510398,19.432897463788247,3
49.44452301103381,0.6871297297457244,77.04617220368665,9.961838301531214,41.10886382828418,28.753151874137593,0.8079560577301645,7.743868505494208,3
53.840654489393074,0.46540203197532515,101.70418899267803,27.855897031096042,57.04592093297377,24.18478674857699,0.7045657364305674,10.378657987024642,2
49.67305251905907,0.6126379579546412,40.177280581985535,26.21828611851357,28.918875417411307,27.93288114681779,0.6809772047916824,21.065895941957947,3
29.325578999601234,0.7938928999058285,96.2620768367603,19.548957966002853,49.760407193559466,30.161981068417894,0.668477077290726,17.6644586011352,3
49.10879960487212,0.4999668675394425,67.3905351256972,20.07230199639535,53.99486426972343,37.311273020173644,0.7818541203996371,11.913571465605564,3
36.95530499495147,0.5322255029475148,124.11989033093633,20.15128140182663,33.7134569492543,28.547730418861054,0.6609928059306114,21.011245016805855,1
56.69672548830039,0.6513907849658915,115.54814705529023,25.5526765873697,37.22486381139767,35.36270899786379,0.7367634654987494,21.03267861727151,1
53.66598246096848,0.6179581781939598,109.33341963932162,21.868423619084965,29.6369075262623,37.143800810183855,0.6720418082470395,16.345263465078535,3
40.60120213672645,0.6350630099273559,130.4201245431876,27.470319594877598,37.96538858919695,37.17154834676038,0.6769846618712818,10.499198860631687,1
44.861330826633065,0.6489187130147663,81.02166958350325,10.726866685478045,39.63410025657069,31.423772966927842,0.7515124846984783,12.932756482641024,3
39.40786478111048,0.663472146856177,134.94726395831117,20.715740674361005,46.59649998082371,20.18355426080513,0.6809981576855323,16.43193371977695,3
49.37320902726828,0.7109699841956223,118.6438312852077,19.36973019544475,50.90183471020447,32.30412432701932,0.6797602310289853,14.057025854262559,3
59.551423205012384,0.6409818656928512,95.26889425562108,23.71829660813754,32.519039353783526,35.241999439067705,0.7566402348587403,19.694785891174256,3
40.14273953664456,0.5758742345381457,122.71240294365889,22.309761207549307,20.326749357740056,29.594664472822913,0.7798698646610811,7.351129599453319,1
55.040465155178445,0.6672573701202731,77.87412975176731,28.989218899478832,39.78755220723758,38.722919350376245,0.7322344901642116,7.528682354668806,3
44.69742381627559,0.7899881934895215,83.50971676944653,15.703316141699712,42.935375299686406,34.29916780733729,0.6672615112188025,15.904355557412162,3
42.07127167737656,0.5867366253617426,87.828205535206,25.22745738165376,42.49417687685042,32.84136688576392,0.674469575035121,12.542277930965477,3
48.929696400454425,0.5025470695329358,89.4204458387197,27.791682116058528,36.73326752490956,35.43190355602919,0.7039957631870019,11.864756926511296,3
39.64757677580626,0.7107080669286973,78.86884714479494,34.28323718280977,41.247520996639345,31.666849256304392,0.7160465030962828,6.159716404128014,3
44.46350694652818,0.5879618836046402,124.4616613419065,22.591170144532626,55.154448083522475,17.53594750302323,0.6506067044930114,15.097729223990909,3
38.021221074111516,0.3827330453985963,94.82291199260337,26.622293021762584,43.817341689625096,27.504305242648172,0.7361518969789932,14.736224459996171,2
69.6472513291639,0.6847421677150421,107.05009936713759,15.980686037188175,36.26631574996915,35.98584013623927,0.7042756664819799,18.267394909758703,3
50.35263551971729,0.5464671814046077,88.59297267172639,13.040218978434881,34.99802182904004,25.96204329950852,0.6142145840680935,15.34453066560486,3
43.00274492007414,0.5909466717695839,63.58793398902966,29.2238718789085,38.301476423222695,28.882637473815304,0.6535536758769634,14.336979608797517,3
52.13979910734222,0.6331980330569015,105.40114716782844,24.97219853175965,56.36739961830639,24.775818430484644,0.6747935663174167,20.885003183951685,3
48.8767195030917,0.6190499679779066,61.75490049160446,30.892563448992114,38.166992904738024,38.91961297600884,0.6963571155579472,8.437663482757252,3
47.79030400466777,0.6709451817139039,98.62731907829063,18.132985555151254,39.80205655479292,38.40746228709008,0.7944639397751998,17.68194609423788,3
56.14166700043425,0.5564513629430157,72.6336992233438,27.599510697643762,35.17686429063697,25.580655524296354,0.7119085653069813,6.644264176023256,3
57.57507710047305,0.6513105798176082,139.74551998461615,34.34408920271927,50.98983357441965,30.73649000194542,0.6579614055050687,10.808190599995962,0
44.69498852389472,0.5740453322416083,118.22725444349443,27.09852804178633,59.59837254744675,26.59752976117976,0.7110315402153581,8.936714336883432,3
44.2418175935532,0.6738810480887503,102.11507582542961,26.382907527955243,44.50613049431388,33.07472319515689,0.6823956126273059,18.90971267725959,3
47.24948302848356,0.6615367484013053,125.27413355309338,25.04278040412175,40.827729037854255,32.548415386211644,0.7162379119766771,14.67294883202303,1
26.98078835264415,0.5064561297955404,83.07368045068529,17.145592714370437,40.367828331742345,34.05852785806633,0.7290283843517807,14.932483777035117,3
34.84808937801448,0.7085982116175032,110.86958757340186,31.77786467855174,16.15693211214254,31.659592238539435,0.7604615323611968,9.466335061352744,1
63.66874267444525,0.5464036554885952,103.99620867437427,21.94571180097467,47.451508642848175,44.67703103194234,0.6987856752164987,13.501532520335553,0
66.44967713501283,0.6808057798281145,105.2804016266734,27.522416281915085,41.341664159958434,24.860381174946305,0.7819480263799916,11.182673483454442,3
47.50963960443622,0.6367287313401341,125.44707000213535,17.18482846714373,44.28342050660725,21.446983227817427,0.7454011331268096,16.917275074271082,1
55.765569630557664,0.7838183676795123,114.64984205559604,19.1027016774611,32.88537805916295,28.034548996492692,0.6646280227593906,10.044544323341931,1
53.112501545435364,0.5776534017628148,105.77447325650047,32.17543699611117,36.15543121022908,22.160058672198662,0.8104927832874231,21.64897182602538,3
80.78880808455239,0.5650683203881802,66.90225127543408,23.263488555210785,35.88975063496827,22.537688649970036,0.7163497256635049,6.622097751879528,3
61.195749114345766,0.5980580394112267,80.79907409441073,32.266377380212724,50.21622984073039,24.993426729010167,0.6582437748013882,10.967400837717193,0
48.72082408519233,0.5696820217165725,97.54582132808552,24.60884670470741,36.212401633969066,25.38905547284186,0.7826456525615211,23.38600254983048,3
40.44459559399574,0.679994190194205,101.86744748553302,15.790511135210712,60.826603221097976,25.2269094902497,0.8038888792599221,12.824306260189829,3
33.93553679742428,0.4383689391563412,77.39592550652152,29.460337998658602,44.308624190150375,32.59109475222706,0.6983487368140219,8.42560667797794,3
52.03463635867223,0.4946317580853646,148.23353351156842,22.05053841122196,27.243173400042686,27.46905469457332,0.6748174869812201,16.09535781268834,1
42.436492547156966,0.4932197078420807,130.32788110507147,28.493444067585216,38.71453706748043,29.1024271256376,0.6913812521273168,12.623038788927289,1
35.77746290402326,0.6950307591973576,112.04236640784967,25.12605433770041,33.48324877843584,34.471163872504675,0.7357365863758849,10.820648721908471,1
43.534271157574736,0.7710613372581925,101.4407372256749,17.284408860285648,18.056175301799758,26.16838737609287,0.7638928327515256,9.520645946006413,3
39.18451996385605,0.5895550781462529,95.75582060197696,25.821473826852845,55.9947094011379,28.67727050647639,0.7285243665431786,28.841868028129717,3
66.87141635072564,0.583117827680999,80.96163079955528,35.981115710763994,47.03142542220004,31.828799930464577,0.7050861604235884,13.742240499079319,0
58.816397569494505,0.6070052163113181,101.54961037037725,27.464932292572296,45.33207317899313,20.292160996898893,0.7749005885152214,5.372163198335615,0
49.92027358683383,0.716187830260819,105.15505080285502,24.712411234972684,41.654036602997046,18.075472455247088,0.6843581763474238,22.468548795027672,3
64.79944138890026,0.5072646865809426,75.16478849036751,30.37671700978449,26.179824313075624,31.730586643988612,0.7515459669183453,18.055354525552854,3
50.77368307647618,0.6238368982734785,106.68352834489795,26.053342326015553,35.163828604445634,32.460071402834494,0.685596860082436,11.167667844901061,3
41.38715798671736,0.6975197629782429,96.89481902350502,26.04767115131397,48.41780774784013,40.321100674262055,0.7215511479005446,10.334404556569291,3
65.23124077269657,0.6501094169939845,61.84384884245218,19.541874139204488,29.487799702174975,30.79047437933405,0.6943218717604773,18.367363980791154,3
55.38910043684659,0.6189581616598743,82.79229978440996,26.16924012894799,14.682306837491865,34.098698586290475,0.6972073908673594,13.765408362552726,3
39.62753845673544,0.7001046092567141,91.72788933156711,30.177217082084724,37.72893992219074,29.02263678207013,0.6811306741268894,5.370110907774494,3
48.09661321916392,0.3296767707000762,137.7537531468038,20.819689239499876,38.58242445972461,31.486136107925432,0.7672427015590346,23.936199823023344,1
41.24381746615243,0.6677875319530907,111.13106249067516,32.122479106234735,41.35563416414709,38.33628420874767,0.6633536980945732,12.830047688920216,1
36.172002690356635,0.5345924316872576,73.29036861800218,24.54146987927437,47.28518643514536,19.38003590937182,0.6629883873725645,22.477858682412133,3
59.26177547531641,0.4169367103143543,109.72072578835274,20.561152442307296,46.37605812231209,32.068081287858405,0.8060496782922555,21.392174789828573,0
69.0941664047013,0.651120259952498,69.05392022123269,29.988160384601223,42.587698052439215,40.677933650386834,0.7488923782327165,9.994952277585929,3
36.01432426180859,0.7373658545162958,121.65382107774147,23.566028821308652,51.955313880867095,31.410171096046714,0.5807443150653482,20.165949321815738,3
55.62969236690571,0.5862551485372308,90.57750696364243,28.79757443743054,24.810302191866853,38.25286481616424,0.6717370630394798,11.742787250681594,3
43.49357430878173,0.6952874547202939,98.12727622521658,23.541206838707314,45.045818144773904,26.853939252352788,0.6094005331218972,5.666497065980291,3
45.12874616235304,0.7612278257988645,126.5159329508438,24.70086928235048,46.265383633369424,29.83976252918143,0.6524654653292372,12.877009169889288,3
44.07606075761131,0.7314914453584047,74.256728628315,27.46780102167146,27.604377139197602,30.16762351194294,0.543074266688298,16.988187508881396,3
41.36009230320184,0.7639964529371392,72.05763629774017,26.45448528795003,24.971293913176105,18.912044603206148,0.6931505211153028,12.686316760018311,3
50.48521627944827,0.6742127491071892,88.3280134730799,15.022341097741307,32.54057873524398,24.159110860749,0.6429029090419344,13.464758295374493,3
41.69049883588962,0.6075433638901593,120.76757702038634,19.39378129952804,33.38458557484708,24.51562460308007,0.7029952628398218,20.717830224643066,1
52.704568257798385,0.4398034188102831,69.61307849046315,29.64704992395408,47.534194635024306,34.11033039016264,0.6187439370558737,15.53246990145046,3
49.49761890550863,0.5753937511870051,43.35688803778862,24.339317055492263,33.85461216308905,34.36076552842027,0.704145592658602,10.783508443575236,3
47.6105195313359,0.5156753404683808,90.97682283182003,22.381343486142892,31.436514817187962,31.620182213532665,0.6792541860939836,18.510151618336632,3
40.92436337958402,0.8170942717497813,111.0348159982184,18.20712992371263,33.883662633054406,34.12051448427853,0.7750976482594297,15.988377834771226,1
44.23228669431667,0.5824114187567663,124.00523499477659,19.60131839362076,51.18632334154212,29.17925293639113,0.7705678430872812,2.391975992689785,3
57.55391225825756,0.6123204806784486,90.73677275829202,14.891006800190263,40.13043374376952,36.009658347697716,0.7392672801505141,17.141764568857244,3
55.009171876243805,0.6551485376040467,91.77146785767995,24.493596406492337,38.20748974643088,30.04394221316036,0.6836693109669393,16.95914353858051,3
40.22444755201449,0.6043602446372454,123.07801468511494,22.007812097094764,38.899945012989484,30.289320237133783,0.7992690197630146,15.1006056479043,1
50.99332305429226,0.7695051040430753,62.605166006091586,20.167060545073426,52.92060334326523,28.672036833687944,0.6223482361080089,19.458502905347878,3
57.51387123371789,0.5377350638265548,92.22958449633981,24.659382874160233,32.50828273396758,33.42225238818214,0.6298220685218168,11.63803207836749,3
33.305947188786284,0.6194607455237242,103.80847779850116,26.81985315426369,53.15508290940104,27.894005916935434,0.6958108450055467,16.682498944104506,3
55.43360192379935,0.5257529414301951,108.98437442570068,35.465989661049726,42.10496298921504,34.88215688599034,0.8127019054460559,7.165203144163236,3
43.37376241054153,0.4679977488779294,89.80386613618235,17.440582902183934,38.395806180246524,24.339254296419966,0.6898830546564956,17.03545191699416,2
55.70598668593159,0.5388230909094714,100.68882023411683,30.79690521650261,65.00900497934282,24.505418726359032,0.6908377378395358,24.76529847769948,0
42.367408434574834,0.5962963202951588,50.23345293174021,29.86550780507536,29.443605102014036,33.43713377563252,0.6279044821944095,10.025718237662295,3
31.95117899335481,0.557069777548274,86.83503175332304,21.104536303116497,36.46314240432994,29.557278927084937,0.7472964792635188,11.200989340061124,3
33.72457562116837,0.5307579020126144,109.07017425108936,26.016179772930155,27.675687608359997,27.73054291923436,0.7476588127164676,11.449922785542238,3
50.48084946661382,0.4593682536328166,80.35411931490641,22.711833753311925,49.524619705361694,34.4502886623773,0.7394537600699954,15.649991129007976,3
52.59722501721482,0.5916894427371305,101.17968443179194,25.928442902093696,56.89188933651679,26.96369292956958,0.6685389663576319,9.684818635731409,3
40.956833748955916,0.44952796259689975,108.93745001605396,32.54565506702275,56.69922781404639,28.99899372849815,0.6646646615813496,17.106236893454902,3
56.38592458777374,0.6760055963689602,93.1490159828447,28.028031163156566,52.23948753146004,36.996139750355795,0.6353438874797515,19.234199727345825,0
33.3847993773104,0.6082439752934503,103.40927541993142,27.54304186616721,38.02379532204034,37.69571172905325,0.7041936250880466,17.67173606726892,3
49.33920201352684,0.4542448500535069,80.74534869430775,22.848453400226788,36.347590225101534,37.86199105135164,0.6459796335360749,6.157922871809639,3
37.889838002375434,0.5690790922950136,95.86777440607906,17.579716675378325,23.28830227505935,28.589371115330444,0.6411291747375355,19.97583832579303,3
43.48163892197841,0.5247843594409416,112.20432339178446,23.95765894729796,60.35873535181793,36.15351452492235,0.6788154641544661,19.6868370712684,3
50.47398671316414,0.631917451041918,103.13945921936869,31.033040774319574,44.68978078148468,25.25523586115661,0.6755421912407892,19.15080686173152,3
41.39586634716048,0.7340450446023145,88.2693746087213,17.36416071705176,35.08043095130517,25.465485626389693,0.6731010735589023,16.864211243279126,3
46.154444557701744,0.4124827530354255,104.48432808581586,19.724553159116525,53.28056888986968,18.247720736878193,0.723322229842013,16.100946571025663,2
60.0629280921444,0.6115026079147416,114.29219581273236,25.63133868117034,30.27235483239999,38.36434100949265,0.7039523901075139,20.161946990631982,1
44.23108130476851,0.583986720443336,59.00117442845044,20.076726075763688,44.06622034222674,25.68010075461961,0.6855921984744441,24.617567438017275,3
58.35692112065142,0.6671340076450465,123.18148129911796,21.03738276442394,38.27370865709165,29.3673371012647,0.709150646415574,10.234797683175751,1
38.702931453423815,0.6213196628237689,93.27490522637856,22.882007091359114,46.386771398803006,25.44837829035858,0.6504236479447684,20.39062697897386,3
55.298041779152825,0.5248030668261181,108.5097986648046,18.171912979049253,39.36426460813878,33.4758262416507,0.7052639311954838,14.568914509962736,3
64.41568620657901,0.5680946064333382,123.94493847290455,20.129390768918157,25.49072108888776,28.1218316964133,0.7075301246422316,14.351634739856996,1
25.283554998727105,0.520397414319651,72.56652605539068,28.517139583936544,40.75576372670038,23.475915547835253,0.624847657032126,7.317346548089808,3
42.03104744529523,0.7076007138598598,85.81117995144906,18.46315108884518,50.48864141875362,32.2083128209303,0.749784687718518,13.576052952423025,3
55.7707212718054,0.6021311648671942,94.2290260824859,17.010639327525812,39.70783594146015,22.83134987594886,0.6559283147386502,10.013675210157924,3
47.96954613957007,0.7901190685753008,84.32492957751143,21.84987510233053,47.75115121589086,25.812971373422542,0.7045154899603217,12.680727852470271,3
53.71145873371309,0.593933918618538,134.69873151673616,28.65977751254923,29.54470514325947,19.465554426869595,0.7582205870267634,9.509068081109252,1
43.960148132841795,0.5291593233089537,82.86455812346415,24.01539096001555,39.73739206730148,22.880209439011967,0.7462838378856934,12.755458063434968,3
50.865897874729,0.44862856073871726,88.88906441026266,22.677094609421907,33.75489544911423,30.89264584860239,0.7017166694284417,12.969448214882984,3
48.44322764607921,0.4196860323744055,104.08778063205953,25.221793987578035,47.469808401047096,20.177319809485375,0.6818750498558965,15.483774592194,2
61.67782061659807,0.44158640569945096,75.95700947847823,16.27146283570174,40.31491562261996,22.59427137689142,0.7473755954287783,6.926250688543345,2
52.54420843301213,0.6267126651011483,92.08638576487472,27.473528268875164,46.900736763366126,29.98815541933596,0.733734748890431,7.772409261273383,3
53.37602662075202,0.6508725023229933,106.3490652250035,26.91717515701822,50.87710426157866,27.281965519534737,0.6690817489977935,16.809571353652633,3
45.881230338775325,0.4418809297967866,93.34279191234978,22.953457629521395,46.91618575121388,39.960183179796545,0.6602553176499154,11.012809414649505,3
45.123937759275066,0.6895038314076115,98.13226282200104,30.029622558982084,42.731184342936444,39.16948273012188,0.5963822409152,20.372648951149657,3
45.67441812180379,0.551693894831656,89.41335775103258,19.362519505234808,30.017877414885948,25.66038768624423,0.7077015920841794,16.126348610075233,3
53.944521423782966,0.614679301198555,69.71059381638466,30.639544966267845,39.972138893330985,32.78568809201741,0.69586511274908,18.033810751032036,3
45.79015519179737,0.7612220628255424,106.43186422678477,25.772468327976256,34.66909597984167,33.74641278439726,0.756809568732127,22.053461602104473,3
52.89774856896413,0.6896839315865532,135.09866143294482,23.317237050609133,36.55936043295773,27.012605709877985,0.7179527546740183,13.451445940967137,1
70.75400798645438,0.5731469352094167,100.36803261566877,24.90063182315844,36.25465849249749,22.52229231750898,0.7667114597086345,12.127566472918621,3
58.711247034316926,0.5108807774584713,104.50528234495098,24.46367617094529,30.200744252177557,29.938507753459714,0.6651317886041914,19.358512927994067,3
46.73976467832159,0.3848184598670695,113.85445510233718,31.101414482088586,20.4266141086601,29.135771625929447,0.7569075165483808,17.547567819648428,1
62.012139221639444,0.5280846680757579,74.61339006906601,19.61660436264493,33.318569516722334,27.821177515146903,0.6735541810447672,14.063348450893496,3
45.91924626978449,0.5788869761172305,134.0502931625921,21.18740380426701,41.93379451924159,32.21158434082243,0.7388798030896135,21.95728983477971,1
29.61875464822146,0.5012820472848816,104.04657592845604,30.1815144603624,26.5182295457251,26.246351964972007,0.6270620803734652,13.938778450800347,3
39.91913689082596,0.5868743032907695,132.6371379817822,22.022325324080704,40.15682236471624,24.240012262104287,0.7117567649683094,15.163868187778908,1
31.292080789741444,0.6076851882958768,85.33934008952022,29.50266538665796,59.00268424310965,30.545414851749157,0.6007656029277044,15.106113254171293,3
46.48486515958692,0.5775144018191921,136.3612384511565,33.497179915043546,50.23056555252239,31.929850462844378,0.6866431257029122,10.327030525507645,3
50.184183791895514,0.534999741917654,115.50310988069566,22.99102486529183,56.43541509120529,24.116775280499734,0.7220176996938956,15.387926947431955,3
66.76437312275283,0.6168654671966728,111.06080171704717,28.406811632876526,43.91127876932726,34.64045305495541,0.6739515724384452,21.983800886992455,1
53.269273737641626,0.6441940649569409,104.68048908706297,19.23153859330071,51.67509822986446,21.14759431111961,0.6474781185622016,17.22484157688088,3
47.80899471191136,0.49096009225571535,95.02942763851101,28.773666490339046,32.760352695322126,27.109432706421785,0.7423059234647966,15.155317131994657,2
58.294055811834895,0.741093237974627,124.01063316947744,25.997119929933834,33.55659732978016,28.709957319011956,0.6948268605076537,14.191163594171655,1
27.88864690992115,0.5901411867715738,102.80719739696094,27.365191410801074,12.608597938625273,26.81888143674035,0.6755214676484663,16.654335142031755,3
52.356145581085656,0.6018849622944847,60.658605928256954,21.772139639823024,51.861454740422985,27.174697632244037,0.7020947960577137,18.748833142445925,3
57.708651938869664,0.6708214423256557,77.65627076585994,16.694582922164138,55.40323979819886,39.35537241154057,0.8318334570972794,18.046194154448763,0
35.214137542201584,0.6233216131263501,96.28308495614506,27.516260323747524,34.4682275465273,25.745579554805506,0.7576751424890772,13.340675690890105,3
61.43754043206929,0.6953136633913245,106.1999796633111,14.682984237602728,37.460482936027645,42.20610861235957,0.758128683409392,16.623907970550572,3
53.38496407494414,0.6287124165201824,98.86823022200208,23.413247538787324,32.46137886309039,32.18563389865526,0.7217773159496181,17.399698705741393,3
45.847120860991986,0.5387562625359562,124.37941579587326,29.70590933209985,43.82653551477492,30.46027568655996,0.7083242636288574,9.964025062365108,1
56.32781866106285,0.6361503525206101,60.977962719227506,25.95948867936518,51.24932545303241,32.38120176693833,0.5801958855834791,15.841152705918471,0
72.70692857804396,0.4856273792679338,102.87175873010321,34.74171322394906,22.57228026118959,42.64963874625976,0.6660509826768434,4.193480568488191,3
51.81866255058495,0.6108559705776523,63.640415492256906,30.125545762908867,44.094385306422524,25.03203498034276,0.6759712793398762,17.412668549105923,3
52.48220586300336,0.5966770009355539,115.19424590968336,21.730508058372116,37.233282282808545,24.397910405318054,0.6062553967976233,18.301715272813407,1
45.40639100459756,0.579188314272746,98.11082571115995,25.136566899257193,41.13394391966689,26.225669017140394,0.6421292104892282,18.737730628932297,3
41.50155630535208,0.5871462488561069,108.39219944048236,24.76314648727782,44.58994001674291,30.160715734822805,0.6009581764538683,13.024765739152162,3
58.303358165442454,0.4118150954502361,82.72234078820468,17.089116183269365,38.11797561227179,21.371144375937135,0.6980838082151314,16.545234175120175,2
41.43916174091133,0.5451275092259038,125.58929863315502,20.298005417578235,38.964131465942195,30.11169619659304,0.7409382985424408,22.119769227705834,1
50.715662372193925,0.6092844901141115,120.83449328117703,22.1961954651007,37.86124832445361,38.46773566706836,0.7553387259312164,22.068848241456294,1
45.223425532348834,0.61598563919974,111.67088606023775,14.818897485720317,49.70316201788282,30.757036953123887,0.720739223103962,14.854136503867197,3
54.78979825746392,0.49723248590740415,97.40965506273119,25.237467341258213,44.18759960127497,28.536572705123614,0.6518301829400714,15.696598153647798,3
53.33662105286948,0.72657078408647,111.59714570590265,23.754640776734796,42.20583537737361,26.90919775658186,0.603396742074002,20.554555723672166,1
60.375399442578995,0.5133825151785498,85.86214864025303,16.63553049344213,27.290482789077174,34.492558522757825,0.6121565650299249,7.495989923689126,3
44.89983601145253,0.6969457200526736,117.11111318041424,27.02106432638666,36.214202567868455,25.87083613380976,0.636550871137275,13.384621286614877,1
47.30125064706629,0.6427194361871684,132.9896178864784,28.579363723454797,48.98669160339174,39.23197960299624,0.6555570150982162,21.677852277683783,3
40.21236284217693,0.5353772690156197,121.41221119958372,26.135172394324446,40.37696573123923,39.666798738571785,0.6920125751004206,19.87600270842383,1
45.55706739923888,0.7775310892609512,85.40795060385182,23.37965912395515,46.59531469589138,31.283753993308938,0.6492917890936516,16.846318888249524,3
53.77300493044852,0.480636316824352,107.22834634546206,27.957210758759274,57.66511800327633,29.942424559616775,0.716948794683413,7.470837973346898,3
57.56988616645352,0.6919154173610002,74.13716912482704,28.401101802383454,50.386060692088165,35.153299041207795,0.6883863248600263,14.75044883479419,0
40.77834675822375,0.7000582318042978,111.44780622351351,26.537017848598442,40.93158337699742,35.47399251113663,0.7005272855870512,12.050423018750335,1
58.6960592010566,0.5329379790923355,109.01206825725077,20.876938747826195,34.890108298042726,25.97004134470292,0.7570125276335602,16.655194514086066,3
63.55637858804951,0.7392465300064328,62.60367320935672,26.383003827555903,14.464504039441017,27.36722433431649,0.6409884132899815,10.953266576025598,3
54.13434903223701,0.5749953485401047,76.76432312175272,30.977403254127395,38.316150775271474,23.38826282658352,0.7209352289146184,9.871383025126963,3
68.76795812558066,0.6288693629279857,94.33722206512466,22.01685470694135,36.73987504183151,32.04532469167029,0.6993013385761963,4.675673611581793,3
42.26210800896427,0.626032183877122,93.98280505718347,35.489696695662154,43.90366194395376,33.33313941728446,0.6833256859515152,21.109023424883507,3
37.55345296688583,0.5865691258529452,75.8104612916239,22.37184533007308,38.460947730253125,23.250371810693636,0.744262816043298,13.001147442784713,3
32.212797510957216,0.6810808273159782,107.77957458704367,25.162035066700682,36.79614940563206,27.724005475919206,0.7439507077278503,15.785728918512673,3
64.96044311489183,0.6793488720552213,105.02947217881024,21.637572019968317,22.206010694927794,23.263730412093253,0.6526754602005785,14.988809417629094,3
56.54365656354058,0.4251468026761819,96.11461736042962,26.116354179601306,30.600321708499337,25.506000948780812,0.6908919708071037,9.662830335197503,2
49.44415329089545,0.7304340242878152,84.88416999683274,16.288891536823623,44.76651040800557,32.755085301131494,0.7140605841292033,8.704675442759033,3
52.799686263198204,0.4337508011964325,120.97414252833127,22.269791005916396,57.15907631132694,26.3325896666086,0.6863496625988708,9.973424370013824,2
38.74510952701623,0.7032546204341658,133.10814226176592,19.539393998257164,39.024746162543764,28.49587021983851,0.7292510666143899,11.384157805853036,1
74.45751979616827,0.7126705136827584,90.32877032306926,25.676691739461454,43.27811073574124,21.863441360263423,0.7140596008955137,16.833031235069026,3
51.292211819752275,0.49090335697848014,87.75666165690359,29.97223687754454,49.52478156952805,30.934951048623322,0.7916280620178006,11.021411682396943,3
51.09394794604893,0.5589185712045415,109.82415330823993,28.230030935572756,31.891060637997505,29.778633400776755,0.6234860432035105,23.732453157973108,3
57.25766623898692,0.4894295331514064,92.83941240506027,13.141703195705539,43.66814043285442,26.35520374983419,0.69387820051263,20.135755179465754,2
54.810092317367136,0.5785078969711265,97.21205598673532,35.2103482646394,32.59509893667841,29.05492851158763,0.6545748744243904,19.04179774832854,3
52.23884024279131,0.5691965715814259,114.79306303449343,26.47639970310434,48.648244384910114,30.901474402517223,0.7302053727719522,14.40170548763425,3
42.09525544554688,0.6779660532269339,61.812878249854144,21.117504297535,41.514030479517324,25.92565925545328,0.6191414054977227,22.57140367860242,3
54.714683571359956,0.7310308746119608,126.36604649705339,25.785639594954706,42.9845181398144,22.618687279991104,0.7173156355112443,13.90997184439438,1
68.82024496475034,0.7395683810789956,101.45361048658683,25.880949112513463,32.17401402581411,39.027872163434076,0.668497578432583,14.84369292922877,3
63.454200461549775,0.5437831973421697,91.7701371087564,21.665756415242182,47.07032359610785,26.833636476448635,0.6632919066939492,15.849872698746347,0
65.93186626639397,0.5790778126255473,98.21531691557102,25.98958333671038,60.847129212310165,29.516199484065552,0.6276750898229656,18.50911520271672,0
44.88784323568815,0.4316561807779049,99.24858710041038,21.962638561898466,29.92088304571794,35.05419867510157,0.6767462026899497,18.184540395014928,3
40.10395179741419,0.519412993350381,65.3759739311015,22.978190036549886,36.60240992352476,47.64527593785242,0.7542250265145463,12.624373607776985,3
48.74213079900352,0.6964851633097457,129.8987645490647,21.568604321224576,42.31607474168092,23.777567750555672,0.698740565823526,12.335031402870232,1
50.557249122886944,0.7615582823548231,100.82651264541236,17.836643551301737,47.86406211995816,32.24913606863255,0.7313840208937237,18.19951478576042,3
60.94191518470949,0.47656511281200775,108.86004260894751,25.72918235107692,34.40453714710531,26.46223857352947,0.7832320910983137,18.576182919456162,2
33.07535370285181,0.5407535740847106,119.03099541148086,27.92649718258169,11.669697098572598,27.306048477116445,0.7131877792411287,13.033244375885635,1
65.29550319460614,0.5973594243041073,79.57675084879399,27.57441798038186,53.59189494164025,26.39893989496605,0.6720600213968829,7.06405965160773,0
48.419921014210104,0.6280161158819606,109.46943798070457,29.09962626317617,47.60506119584143,24.371725160997073,0.7233626107591394,13.963419519958777,3
45.7311893005258,0.5190396480078354,94.64717818202413,26.621701050074343,22.57052469513335,29.793543191076694,0.6727851926842854,18.117628994129294,3
39.87895624739832,0.642406104446409,116.93541550432988,22.33637250891548,33.92431208220444,22.627486564758822,0.6747788658351415,24.027084232098904,1
33.451433281342304,0.5526160652929084,57.45545159297009,29.198319322155946,55.68182429527326,34.73403783255935,0.6240053600190507,9.01021018829669,3
58.231705839619146,0.5985547729121721,98.01811399517462,18.212412300790326,54.47796418457866,30.275014680166873,0.7463128745542196,12.867143735847133,0
50.73317967188404,0.65462842480037,87.94358688432077,20.496643087437597,49.38640022678945,32.112174864507196,0.680699871217528,13.052982192373117,3
37.10039100258946,0.6006422269810937,108.64525901268311,20.178999642883777,38.238875660401376,27.669056940268884,0.7091049122907931,21.779026697157505,3
37.04921227936384,0.5563614109473431,109.40088374736405,30.40028029569655,40.8298741881251,28.163980328941257,0.648201903569668,14.825292497706837,3
46.64215300709872,0.5890390196074169,85.84748210355949,29.71394257070038,38.69074194873873,31.43781952583664,0.7217973814857735,10.463367203138672,3
66.69021525289392,0.5911637040794664,85.75652271647913,27.436526185224974,51.282397832688375,24.179746837970875,0.6619029380932457,17.793476414609096,0
47.40408648636395,0.5629988970117872,97.78669262885342,30.359649326058985,31.2415759350489,28.21004782793332,0.6929145639149088,12.976807399795268,3
34.96857046881894,0.5741203937332897,82.06715545369583,20.60358608794006,31.94200345115795,25.70193243060773,0.7438913015619563,8.878063633210228,3
47.54256935914056,0.7598647170504716,116.83967390904255,26.742975599304902,50.10274586836016,25.547155947044928,0.7395379656116264,10.536133463619247,3
47.27276430252329,0.6560919447941238,92.61585599105108,24.37412785808418,39.556385444884384,19.45080879687179,0.6988984963741529,23.670209772113097,3
23.031133570584284,0.570451968197084,41.86023561356717,29.23441051942457,53.78467355453808,36.6966329474,0.611593448364664,16.92104610824731,3
49.45705133482188,0.6696954404510735,92.50355886756388,24.423878837239013,33.28487793019454,26.567306234231154,0.8496405285030321,15.538800277262714,3
47.69065469791322,0.566618051024399,79.22912358312055,23.075285557949595,39.452216396611746,35.81688027581775,0.7872929485136567,13.75053132093977,3
56.96206364813418,0.7173124637586641,67.37448369078109,27.70454259280495,30.77587015156047,35.34396160697146,0.7361337412444149,16.460744210593994,3
68.48956094945345,0.6369642192198094,75.25146723554855,29.380845835956166,40.07362681423567,23.570001467417534,0.6623398109204515,16.401179730012473,3
61.26565029547757,0.5892697855995771,102.18816943665941,21.65827402576599,25.21453063001201,24.55794382163577,0.6943203919149017,16.46084414103663,3
47.31111309445169,0.6447716925810277,126.57281656496463,24.69462164323812,35.123665790450374,42.80251479677842,0.6728289785111741,15.574225451388765,1
38.934740912583294,0.44291238479315004,106.26368947729961,19.707796831791736,25.637461350718823,38.754629709635715,0.7631927969548193,19.343991691527748,3
75.7335980324986,0.48732325310901947,87.86993223568521,12.509694912535302,46.93923233191258,29.84240743335948,0.7131251445425917,15.115521730003655,0
50.59218434014488,0.48060749936009445,109.11808390341406,26.002298157068644,47.16589339759652,31.286865532086747,0.6607918070820084,10.110305822236807,3
50.13929291912946,0.6142943094763706,90.81819379562016,28.04452678127316,22.69737269515655,26.845767985264057,0.6764622450437608,11.937885545495659,3
49.758749128899964,0.7732514999485092,86.1079926167371,26.310334045433628,53.33885745500573,32.1617635710017,0.7560594071284952,5.104906532551439,3
51.98084760767855,0.8231300146192633,76.91274663534031,15.252191411228164,64.97415126419854,26.414090496387644,0.7800048923410239,25.134085580211963,3
48.556395880760576,0.6638051101440757,64.96342386496562,23.245752849617627,40.46006386736341,19.838231178508074,0.7764165781743122,19.313772959763433,3
44.26337993119763,0.6500844474944457,92.20152586881109,13.908261199744594,33.58885739775355,23.392221067444744,0.7378516032526988,10.849647524353816,3
44.53141058759608,0.4198942265847261,103.16106979840264,31.848505538270924,68.24330591003047,30.105463739252937,0.6873687565598681,13.590775753014501,3
49.672467297840015,0.5457326200265978,98.0675265997022,19.569727089409568,26.810315016974894,24.34466382248706,0.5379243087335439,11.815617628967834,3
44.56575228866235,0.5212216248091761,91.68066144105282,31.27701804729948,40.20106466869098,29.663612675432326,0.714858001190411,22.712736056870586,3
42.871542173228356,0.5379152401748883,81.08507878606437,29.72934821842073,41.796222726319236,24.626694802835686,0.699908562057795,7.900614178645355,3
51.064302276918966,0.583185618141521,112.16492383369938,20.497048237319692,53.45147620452415,26.088230387490032,0.7069991048160676,15.572380294093897,3
47.450227825791444,0.5527909422302872,73.6573616010683,19.336075243661277,43.59738975126788,34.26582653206596,0.7026948673516603,14.45736078717576,3
65.0399298858269,0.4020700189624212,115.52055827686951,26.75185108193169,35.01366104211549,31.237402738200522,0.6336868919025421,19.13419315354557,1
23.490301916069882,0.6747910256117533,79.9556596214655,20.778379814084644,30.488156296120437,29.951677893433263,0.7278704278425593,14.479953861376526,3
60.91506851922462,0.49272569742601935,84.9512952529393,25.512423210791038,36.581781797538646,34.394819865353256,0.7316108157015925,6.208955616722825,3
62.46085192497629,0.623924686411115,70.66429618768646,22.58586204596541,29.930726390548557,32.403042966736734,0.7341169391029829,13.744410826787796,3
29.266097675918505,0.8074082669749973,89.97195706228726,16.09420792767183,40.47825319784683,37.232816456256835,0.7473288501786692,10.139188910283375,3
46.573124059196516,0.5080615408413576,119.50624916955958,13.847659904377705,34.35803820139513,27.700703688424298,0.7302025822460811,15.397897732782804,1
46.28559134004209,0.34697124772536697,110.31256176887914,26.133421242472984,25.059622067102495,27.85182510736246,0.6794985294230544,22.170885182601634,1
35.924883052821784,0.5713995778119889,119.5684422405607,22.192211268346874,52.55145788374904,23.494453668043274,0.6964581576041955,6.3028737788386096,3
42.22183312409125,0.7100959634998572,110.44285091867872,22.234550915429338,35.02327476570961,27.8550964131379,0.7045562433626688,10.99888632300048,1
38.894241545341714,0.7958347454220593,77.92660342939261,28.479319195468925,27.318631950246875,34.823849471512226,0.7053849724553308,12.236535231082515,3
67.52270443423623,0.47704504055475827,93.38421551344885,30.867211383162225,38.31740865512459,36.49993686131067,0.7499108827985864,13.091844522933943,3
59.35678393147461,0.6496699223236522,84.39601741765074,23.637276393190955,40.68371565967659,34.80152584043334,0.7321834376511245,18.70062832052622,3
62.71555094994159,0.5534689543219946,126.6114980807808,23.297006465450693,22.535332744209665,21.02904066725282,0.8038671719784977,14.132277912193063,1
57.21672064043235,0.5894051645695864,76.06422707147377,27.500715165569417,43.316476671257625,35.41572606330367,0.8103234489942336,17.079013628602226,3
38.70948228782771,0.8644343347017034,117.87395378778221,18.21532215150212,29.528424313097354,20.807406883639647,0.7039824791306962,11.87113478134112,1
44.75479733720226,0.44970296716048463,117.85907740217539,26.115765273738486,57.110288091907876,34.49058662061174,0.5081672225770315,16.149621727089688,3
54.89374561227918,0.6253739661494573,136.59240403432176,27.75942985911077,45.23960512076735,28.161077367144724,0.7618416233063633,18.888988154388574,3
37.778721911080545,0.6467693171765433,91.80626814741005,28.401151042088145,36.001000098906836,33.51266656966928,0.6729811830506472,11.338502251314559,3
57.12998430172388,0.7085786324939347,114.24644319160325,15.316236487487675,32.5483222968265,23.33775826052717,0.6599258039084496,18.906790599032576,1
47.59674601841865,0.6097983153470895,145.63303673077684,21.193223650955296,38.95032292436376,35.855838163530734,0.6800777362505316,15.261863843637842,1
46.251791924504026,0.6308050539504102,87.64716646132607,20.608683735882668,46.127907415832894,22.675126269475555,0.6776678476592697,20.22730120241126,3
57.10959968203491,0.5608351432578209,69.2991950493528,25.499434772046065,39.745058714148,26.657725445734112,0.7306134905052696,13.992900499615132,3
54.4426331148604,0.6269126941245107,62.399799321844725,27.40372289883992,37.82841192863143,25.009526861154825,0.6220282110436887,16.906223275810493,3
46.3903383418092,0.5656807724502589,114.25424057722662,32.483552037229906,40.58370290817896,21.228575735887503,0.6461139627104199,14.79696884160735,1
61.59329803364248,0.662157188985605,62.33699583882832,22.525172598159635,33.961410687630455,30.47263783794234,0.7171579277098707,14.518938689797105,3
39.189366724001026,0.5630389663956366,92.55361894124154,22.512137508453932,36.56794073156962,39.03044558918481,0.7311472015206654,16.29465214112845,3
56.15935606944264,0.6377100393902186,108.74626374077921,30.748360094393735,19.14207561094996,43.33452611160004,0.7320770822468006,17.68403734612452,3
55.93101257968384,0.5970737186315022,103.70351073659828,26.482884692651524,49.737262308523675,30.485778935431238,0.660648186053335,8.752175440379975,0
46.904535606860094,0.7126050250772168,108.50889728368344,31.33825755593987,42.98797780321762,35.58340637533761,0.6510867175366879,22.16816804408939,3
53.26133022242118,0.5948606276411513,104.44579711601708,26.44364001504918,32.265441559665696,31.160473189642687,0.674668258310604,5.7016847972510085,3
37.488864236146966,0.4226967531793118,125.57731626626787,19.214416906433645,58.987349813552385,32.494415973841065,0.7119936376142362,11.57593945130552,3
59.24027019206901,0.7261921500713991,80.95367238522405,18.334358226110968,40.87016480392386,28.289256744363804,0.7742738684636274,14.528654646175497,3
48.15097863557011,0.509426769913738,86.46009723082938,17.242438754705354,29.638564280248033,30.975384627113012,0.5976281407114624,17.06177984542974,3
44.772769794809605,0.534623366135118,84.54681109458352,28.310259173792367,48.567374214704586,32.68739352303214,0.6889635621520817,22.880862638706894,3
60.49009225836889,0.5404338705956507,116.60383623725221,30.94298411543504,43.980482165092624,27.107701355618342,0.6333660779487398,5.708542558874463,1
42.95656309457241,0.7374438093170818,118.00797176790127,34.2468107069319,43.94579985484219,29.61252850053506,0.6173878661323254,12.461529358051447,1
35.91538703636441,0.3864325786021304,109.02450638637016,29.215526661616202,35.7424439534841,29.70784940501256,0.7483478322672408,4.365832561003673,3
34.433708264760966,0.9137748533659994,123.66987333779855,30.814192887674928,44.504957237780346,34.132016586652625,0.7272312287249669,15.15810986955124,1
56.06009951345639,0.7056056809066051,76.43918265247238,22.099918336731577,37.38241709778905,24.669839141861598,0.722471675797363,16.358417922500152,3
37.19570647503717,0.622323891412916,133.34448223102274,19.21792091628072,45.559414516458425,29.742288956961744,0.7460512919865496,22.953978710856262,3
67.54794181984364,0.5945105999383713,130.46477243424516,29.250396662087766,20.95055545989361,39.560027345263485,0.6760140551616931,15.603173804467271,1
29.18070592116278,0.6285554074857657,114.71243994491493,27.088403761197004,35.661265370208106,35.82030076292969,0.6783681241833235,20.220125647211898,1
66.96456368290038,0.6521122428379338,135.6359781754212,25.537221871704464,57.22155097808195,36.745895244443524,0.8092865308361287,17.919185407695295,0
52.11017467202618,0.6645215585950057,66.86753584644453,26.93685740316495,32.32932544599699,30.12215920089017,0.6876714472870212,12.823759014974158,3
49.032868881296075,0.6555604466003448,89.51103727474697,26.61592741229103,33.961617025068136,31.604987818430114,0.7367566056527045,7.9551962660398035,3
44.550809131910505,0.6089580681255249,85.29393078636096,31.41908429926781,35.52038661550025,35.01118083351463,0.7003190770481657,16.375011491459055,3
53.991361143520706,0.5802661579692674,114.42958647514686,31.47492792408478,27.851938641113566,37.80127764765466,0.6075870734960792,7.539489914273181,1
49.62365297575152,0.5848726716346488,78.99718520795709,27.721101761701735,17.91719223771748,20.24198543558557,0.5977685498099365,21.47603536334822,3
61.03301882016521,0.5805091719647318,115.14990298674971,29.22901436281464,37.69413601476387,23.42279346475077,0.6710507890030047,14.18968948981588,1
51.142276486620396,0.7133770096867065,127.41072287993427,27.57031276212388,41.35859424081657,36.547220507013236,0.7528050625834994,20.97588705755708,1
51.50301761461878,0.6593556722280862,113.90405800167999,22.694151339826906,39.474949314613475,28.61555322115598,0.7394145828318002,12.598927829338002,1
46.36387787786144,0.30596113653357193,105.67502047323002,28.7828233745657,38.55121438052113,26.641396053709613,0.7457038582112017,16.34425393200496,2
49.43054376278933,0.6655900776529761,80.24253318198501,18.027524655703694,40.430408708503876,23.72919506502198,0.6506476910531842,16.046744286673444,3
53.07801768892059,0.6194736194718775,83.0629806774927,30.269457761479416,50.22841471550764,27.224916492279455,0.7807936245061157,14.77477940994538,3
32.89831607343375,0.5981291243554102,124.99237810593334,19.027385301169826,38.09553814070783,22.988153582880877,0.6517553349906807,12.83670243301704,1
36.518145778942866,0.5611481546911113,115.58698007810665,26.429016433973665,34.259174229127304,40.45547136366238,0.7106412199334984,16.9622800923526,1
57.43264094022715,0.7124112719986013,99.21960961244912,20.774230207869206,37.188745151119136,29.887819740097132,0.6994823855046132,10.369183682583959,3
51.708654381279416,0.6947526462122857,91.6418090846822,27.766944915372132,45.793467597567755,29.710247291186413,0.6913063089842706,8.952823355204707,3
48.16016663647321,0.522712233217639,59.48384253777246,24.830373870360457,54.12026878543249,32.94038337583916,0.7669296069147803,21.21413446663414,3
50.184339330653934,0.6407052287124535,78.58295162631123,17.026220209183336,33.71856260830822,34.81172584633285,0.6647444739917019,18.635839944460503,3
53.47581705361671,0.5028343265458713,138.22838174279445,27.103498155092396,40.989337870288836,34.729440782773196,0.6325197372144036,15.3294580430112,1
44.60240319690639,0.4620381835211069,74.39088857995067,22.110396115836448,43.3835744193596,35.368109719537856,0.7009997743103209,23.32571191271891,3
42.216952745976876,0.5373282775410034,103.78959642442162,29.405733604066846,30.07421993271177,26.84577224604572,0.6800086632856737,13.661172406375776,3
51.958452550976816,0.6862393472382758,120.14887946390397,25.006628443672035,40.20417167212918,28.510665975215694,0.8688691459541322,21.613516099944896,1
40.21627222384968,0.6953125045376086,74.90154663995415,26.97710492694019,25.343261426579048,33.845158277211375,0.7338253738219987,15.877870424629108,3
54.082527557144715,0.6513085420097293,103.69420949562166,20.21215522492394,22.309496962606012,27.3630546918019,0.6795329712390688,9.876246249618049,3
32.9741639576216,0.6725095786847997,118.7583107502131,22.05333884286319,43.66746407892257,29.974466839863876,0.6471944215406457,24.24020095885425,1
60.29155637325644,0.6516178287114958,100.249986438145,22.706806819494577,36.16125258669217,31.993818822124073,0.6059855794715607,19.953554233120425,3
54.72597482413043,0.5358518404777047,157.36806111333536,29.28351240121278,42.02280407621219,33.92592541155188,0.6487390457131283,14.394894844952178,1
52.56029734313876,0.643192254467394,66.62801482243609,33.386885439027445,39.8210502299165,21.111595188148996,0.7057470885879565,18.635856297669747,3
59.82690983945514,0.6800409525227682,121.17457059767759,20.97414124128562,30.235999513362025,33.57372824944473,0.7713664325797385,12.981482830010465,1
66.65474444462576,0.6754291329813574,96.5439652520707,30.3842407232884,39.547456980356635,28.831379710741373,0.7560844571193959,19.14574517529771,3
60.1437006501813,0.7188913371474643,115.43840309673351,14.15161291137149,27.668986949851448,33.537288554321904,0.7114547415823189,3.0446071735802036,1
31.591257686683548,0.6708303847201064,108.82614303398492,19.029052994538553,53.909723580014,33.884658461774144,0.6838416167148758,9.900993331527031,3
37.204230332642986,0.6351448207541582,85.33687605780007,20.206107719066125,26.440296551400362,38.03957530559579,0.7134406178206076,19.896298721434814,3
43.75181422304321,0.7070150238316427,104.5799278491868,18.237456552796388,38.04214729031418,36.76726823810601,0.6740681001257711,13.751722308905403,3
50.26091050210834,0.5973478740750939,62.841970972034254,17.0820580510621,29.577284119527516,36.73285831305148,0.7859181997881938,16.03771147444371,3
55.17659020469123,0.5118125348772282,112.06495001142787,27.064994560688987,45.704211733607956,37.218351595831194,0.6905404909362459,8.266071689422827,0
42.742561868465344,0.5836933036056235,105.96316931981052,23.929661511360692,36.68568628718497,31.45689492407973,0.6956831070876636,24.239334978510513,3
51.86766764477078,0.5255097355193551,112.77320337286204,26.897026988025548,34.8133328037879,30.160925435184197,0.5892088787489665,20.952648218588383,1
42.44617067646678,0.5324821725025618,121.16236650174301,28.452363430607566,48.532015450515544,34.36408541589167,0.6902282576738618,13.99657390812335,3
43.884821970080516,0.5855481329284482,107.35239680419421,26.32808496586267,40.29430591677552,33.66040475716511,0.741824206898247,12.976520715683368,3
35.93338903151778,0.5207580079000038,102.96178839596553,28.28881588075187,45.166444459359674,28.4546688163087,0.6466138711480727,20.148021807098466,3
40.76766753889096,0.569203847036096,82.37863326677416,24.652338568788654,30.18674063482535,32.02411704404134,0.6624639832753593,24.912352250844638,3
36.48315394383666,0.4106385333046214,85.75558472701898,19.06503305847128,25.95183056072493,29.82451766607703,0.7396355508866832,19.768801279056767,3
40.241267470226674,0.6213293707372939,123.73469240354662,30.28907090410398,41.07207962040134,25.73033545769972,0.6261671388240972,25.85901333698301,1
60.536417966078396,0.6001205475362223,128.72670811411956,22.054439336094365,36.81153644505269,36.45230370688175,0.7528900503770959,10.38824335469041,1
40.50601111168057,0.5182911368931808,95.23779127375892,20.32201850618787,46.26434672453944,30.275996212650448,0.6733928054913448,10.903065847506046,3
76.32382064837391,0.6659245668432405,100.92005494506549,24.11041062097801,39.2009154733745,40.24354128849426,0.6805715889754398,9.055294409733257,3
54.93317900880889,0.6937570137626559,81.90771250012467,20.435945403517437,42.0507533923463,21.872538649000838,0.6438060797437203,17.208803248247396,3
51.84836123694874,0.43924401356310255,123.4551369053489,22.91284809005284,23.766174700587566,27.216106135783168,0.7189023130213941,15.87801774902185,1
41.41642219818787,0.5237275221433786,113.30833647383557,26.720269607817333,58.88436939614257,30.163194183454358,0.822993599251469,14.240244382640071,3
57.003098794089915,0.5230857650212701,138.824348729275,26.741708696230635,38.357580149679684,35.68690548814457,0.7390748619730315,19.04629314061649,1
44.24362173762226,0.5060096898891135,82.43353845640522,20.510849667871852,46.97586970339199,31.997346863010925,0.6567857369029731,21.16164302607332,3
51.220098146453616,0.6829474841931749,92.43984201963566,22.56147313525628,31.639083297803737,31.552363770903757,0.7567810292745738,7.3716879535657895,3
75.60084538268795,0.5806173861227196,104.62891845051145,30.371665023851218,43.08009902217341,24.363681037229263,0.6841660227032875,12.015139860494422,3
49.0394010027535,0.5735485158689388,112.92979075451541,27.482000588669706,26.971552364752547,24.215293013852644,0.7687242490713779,19.1007179706153,1
61.49273326285676,0.39961376355932465,95.68664724904735,35.37532519674271,44.520678382596714,31.612523301449524,0.7403338201082181,12.66130658070709,3
42.96823574874112,0.6635418030209226,82.54077819092599,30.90064086870764,36.44025915614167,23.179470030908206,0.5528429217264133,11.00896961820923,3
49.65011509503038,0.47607416051465273,117.62815057847142,30.721465342799696,40.291905039355676,27.34061124855336,0.6497960183522485,20.092687138251975,1
67.7080063563551,0.6059932630266328,114.42270725091163,18.06065724772099,46.97974030130098,32.504586645429285,0.7472192611417694,8.5524996513801,0
43.730329422122324,0.6277376937958191,81.6745179887255,28.819301758167114,27.6745968877972,25.08837863861612,0.7075828636072509,13.492100961044475,3
68.12448557996929,0.7360658595838651,127.10885602210992,24.734465991515446,33.15508269387203,38.026779811809035,0.6488122026146075,16.643220129024044,1
57.07751935455475,0.46911796008808876,123.40397418393208,22.245090982308753,44.573242810867654,36.11968172118945,0.6683205242253093,12.130900430449406,1
44.37533224105732,0.29804878441791743,102.68592994495586,25.840076702662643,60.98221474546747,22.142900008308498,0.6046881689955309,18.915778280065872,2
56.32407739055521,0.6183849544753695,101.59195724752072,29.72605767305742,38.61917665338518,25.338143784090065,0.6955813356236802,12.155615124013154,3
59.7255444962673,0.7800511181510854,111.08115542231815,27.504157955021057,45.91136117923932,18.571113777525248,0.8105344863007882,22.043097467229597,0
56.21809962217196,0.7238946352939437,82.76593859487484,20.6076309932897,38.930285301415196,26.087043187259333,0.7402466695366162,14.371268512521137,3
34.297752801095434,0.6209659415274625,100.60062958328164,28.712294567963102,59.422455947562995,33.831942382861996,0.8095208500594211,18.356350683526767,3
42.728628241751316,0.5508363814367953,56.9523291078164,21.81206228962018,22.527783330347443,27.930525288625716,0.7441198544894989,18.730119764914082,3
47.52481364448495,0.6807122596637311,117.52911291005871,26.08341559482143,40.94621044669358,32.303986218079835,0.7513739671676345,11.862299986279636,1
49.25566570899954,0.5026453800295532,68.77013555116281,23.48324966261433,23.74455966437939,22.388328408591278,0.7987039343872512,4.732567256720557,3
56.206720975506784,0.6476357769356219,130.06839656857997,23.905668741321872,14.934284294632832,33.98987627290953,0.7188631629671113,16.803778773319173,1
51.777010009332535,0.6505470159166626,93.39759812067099,28.831214875202548,42.97462053117817,27.224453860358253,0.690638633924656,15.361441735624348,3
36.64655641289899,0.706020990749888,95.76666036137647,19.799031400920512,41.39497796147459,30.060848411414526,0.7516328758311006,17.779130137875637,3
53.801978510059634,0.8759660038911077,87.44532187830988,34.72597537138466,37.15163062257798,29.535627493034735,0.7726920118560942,13.86736263808581,3
56.10585745283823,0.6392415967178767,94.23922252155847,15.894569653527519,38.93805909960247,23.64225739553858,0.6760017678643895,12.84786150599642,3
55.5979044793104,0.5491036374292501,128.37062690296074,22.011661583725715,70.98299434071258,24.234578341301088,0.6639215458829985,25.042365054908498,0
60.807807255546216,0.5974425687808005,50.24382686929841,26.851059449708703,37.418248619685656,34.83897234501713,0.706942801621544,7.638229692446111,3
58.33922154548904,0.4230924095110882,125.53930772176375,27.92157083217655,45.10124361250075,31.99496078750848,0.741574943346583,18.66975239182119,0
54.59180079228437,0.5305286868910941,106.76046962203417,24.497621397141476,33.50635180386119,35.250245207767136,0.7399045524330781,12.126990709083046,3
49.29834288541353,0.5590717561886895,75.85956704285569,24.713046484992287,42.95232575040603,31.62329117751259,0.62879161999062,13.321106911297889,3
33.39039066484008,0.5475911602065408,78.49375213901524,27.052750426638084,37.61766324944382,30.714953174046084,0.7955803033531661,13.414485837130172,3
54.296182191325855,0.6152354872033722,133.52786054416407,23.8446526127116,35.8948151727027,21.369946906666165,0.6679417535301574,10.982828629143714,1
52.076876871631114,0.51775800676178,81.08986240114538,31.96590628967453,58.18898532200325,28.648166516194152,0.686746750155571,17.856121051181198,3
52.715788371953735,0.7121030667324472,76.93298978808082,29.19674557115801,51.77184963184339,29.86307839798128,0.654867282000609,21.953217979749788,3
37.232514241796906,0.6000207064918197,122.74629084729459,29.364121755028172,41.36746647399231,39.76553599136287,0.8349164417968543,17.350068306233307,1
39.189434595917376,0.5990699678861385,106.77105752571829,20.169216383147916,16.957880640560333,33.43478316049339,0.7121035335143984,15.516909981060476,3
60.53152853332904,0.5672105283487082,81.24148846927203,24.603057877971487,36.389907767474305,37.680305908547645,0.6574512459659217,10.067797504503767,3
49.60444846143345,0.6155190683858979,104.33249950809238,23.497670256396482,67.03027564405083,32.987688529473644,0.7431961774981223,17.584126329122256,3
56.81500697372624,0.6825098264667635,79.48494632719445,19.97199312155267,37.69338333360292,26.443483865252603,0.7384567889655016,25.781748158646494,3
50.28318376130461,0.5132869784289099,122.0164279684521,26.800820919728835,51.032175720536586,30.585621080749256,0.6906136488210057,13.096526881024538,3
50.297561394957455,0.5341883510924743,121.22741929746267,22.31177121110092,54.419424019526005,31.181118231321165,0.7420303356391691,13.12008210324067,3
59.382838059759976,0.5696273971223336,110.64012397643886,28.277019149251185,42.18963915855975,25.30422215114659,0.6587354019584567,12.194554345095014,1
44.83955271782626,0.4654129076526785,107.23322122494034,19.64904218552834,31.581783681318477,28.078063117035395,0.6753540862525373,12.552928827527898,3
50.96120776940983,0.5180742140278503,135.22376249734748,33.5952030642091,15.646876682171115,28.97116503161414,0.5994891672716968,1.2735022316380764,1
45.377247112949576,0.552377912645534,99.99372654776451,20.51833670703969,46.84163208608955,38.02809916282559,0.6338024457890218,17.025176929278565,3
45.65503772567684,0.6874389180712728,76.36251749158397,26.09651168600218,31.852439971764518,19.596297373045108,0.7903815402835342,10.772239118226931,3
46.908278765313604,0.6262561329001924,108.98947825664614,28.959296551940337,41.76150451887692,36.02909210358022,0.7820714313861157,6.948684406041,3
52.22133771633713,0.6193589911367544,141.7209409907423,22.146797848999437,27.50179660410636,25.316023825203086,0.7032894324324481,18.765949748662745,1
45.212513783365225,0.6850897962167972,79.70481013628296,29.262343217164755,37.34762459529798,23.13960406365193,0.7831465723594918,9.589911074790319,3
62.55756125573521,0.5862628211600603,92.77074466612028,18.85408201099792,40.33719054901053,35.89971065019232,0.6919962756695848,13.306654730581212,3
41.05392697780496,0.639046484992889,108.32892076202906,32.2605884959128,42.68593581044298,33.65949034617191,0.6878294848716046,22.3322119559429,3
48.13128355838641,0.5896778247067503,98.92190301988522,25.070746324828793,28.851778126475857,36.27259351190595,0.7028255324232777,7.9539210098774324,3
45.60268941725825,0.6265362349399628,80.35392839245371,22.0179429601556,51.96910948761352,34.00350973772788,0.6937539202338217,7.33700882701119,3
64.46977884353733,0.5417241342388418,122.43715712460941,23.50409113786283,34.03105215268029,40.29922500868701,0.6892401838219909,16.34653094781169,1
51.965547765115744,0.356118284172357,146.4008144403452,29.044596346963598,23.25530539546755,32.793619184722424,0.7571699053574776,20.747436820051842,1
60.31844539468635,0.5865720837813696,103.92262918047814,22.077723540747808,38.90976580036536,29.217613119384207,0.7075067826978101,7.128291411340185,3
35.14439626963028,0.742274813609994,81.91863420528,21.253211552886114,40.3437530902646,31.714631886606714,0.7356240882216902,17.038448684185887,3
52.67050265869259,0.6926215402241592,69.0207894989305,23.89231701208131,41.6058943317176,36.21734564172982,0.7515690262638665,17.90499769980846,3
58.89630795623437,0.696539748459117,105.15951962442362,19.11518943615016,53.621324036850794,26.103123373699415,0.7194092897827367,4.7041975815383985,0
50.82283989275424,0.7236130721806218,122.07754686632515,34.10271953970908,37.6355116326414,26.740557087343095,0.651486433704588,18.9925066895361,1
60.654803750653514,0.6088657590961437,109.50335492990763,22.168027043926383,38.803803756312284,28.45519992701046,0.632356705551798,19.383029399210898,3
44.82711549899628,0.6197315707405595,99.95192318162292,29.158083930902016,28.968156187669067,19.477086006173337,0.7074390317403653,13.441072133719876,3
64.0934744018558,0.538234810456565,88.21456696421387,26.047350418238864,48.20553502887897,30.690392042087733,0.6914371847587533,21.26173181149004,0
72.9889812361925,0.568392714397295,78.1567273456382,20.07732974759016,41.843090640781035,20.56935648024487,0.7043695714460061,20.682277871624226,3
46.37161439560341,0.6615771149771141,116.69502652649764,24.970226453936352,35.79972272705837,30.265296564663096,0.6991972980375707,15.515589628586024,1
45.54497478599228,0.7203884437168816,118.2754324277117,28.92001389655374,20.953253065345365,34.32644878067625,0.8291786830083283,12.742773048375332,1
64.533844771177,0.5860553724319,69.08540426618534,24.058693324568466,54.44412195055087,27.615617696780824,0.633488687217933,10.135860537085215,0
65.79572145730712,0.5549810735148588,131.79677956361368,30.96556472925514,27.723200355439428,38.38557935093436,0.6005026865089437,14.812182453169044,1
44.771399728467316,0.6000527958856597,111.48142441788002,30.10757696390932,34.08721990630294,22.69749550290756,0.7166188416759804,17.848794598520897,1
45.798131829041424,0.6601206748929115,127.99189290291586,29.59457427329165,43.58344511076003,35.956303408159165,0.6811788722705902,13.379115694796793,1
47.18215391139493,0.4556145183866458,73.1574450302977,22.701716138635014,28.034420713833136,33.3756852820346,0.7158033934864975,4.012494973689851,3
36.555494889657226,0.3703819046862762,72.68351689169123,19.600787761092565,25.064902217468564,21.419833758446554,0.7291941511142,21.34356947288285,2
40.81348053515802,0.5449463150508416,97.02061380465406,21.932061973186027,18.76052417299335,43.55397149520266,0.7642052347589449,15.951116109224468,3
39.95859233247932,0.4779287574085841,110.05568853790388,25.981204703333603,47.20996952905636,29.68127357248017,0.624638708980803,13.101877516615831,3
42.32202434895871,0.5491859802352689,135.92721645853928,27.728933567661777,34.54813755273678,25.61257988922184,0.6721641051071419,19.285791942116443,1
49.65315112613219,0.5852219681182528,114.12157827630263,14.142142976197762,69.2727009247333,22.964564026079916,0.7214380629440381,22.62319298241378,3
52.342147325365204,0.5546751590976986,95.14637446375933,24.95943399194125,30.056449343691266,28.89990986170163,0.7385231797843613,0.9904421525605418,3
65.50500492814076,0.7452467534470746,79.47261584668216,25.790446126615922,30.785489765710786,29.362965638050202,0.8096724775144193,17.17131824961036,3
40.016459592612094,0.632674476460232,124.60001145438301,23.612278718422242,34.346070297145985,30.51322764269832,0.7477851985556934,7.866753945948264,1
59.843223984765835,0.6300474359610828,80.7058914849857,31.456369195079397,42.43134655138489,28.5110192188802,0.6971605702056861,17.495552533994704,3
47.86011155774491,0.6622207144043402,132.56937109544643,27.108900371254354,35.29796661214689,33.16612655057547,0.6554782123528669,15.639636011872897,1
49.50536290347567,0.48611668822192305,94.31230700786982,31.550959540404484,46.123322140025124,28.061850836683767,0.671785507364049,18.17863263220275,3
56.74819492166604,0.7039111787420269,131.811641452357,23.92019739824884,30.214116100113458,20.325179413797645,0.6703648588521446,12.503761927526725,1
38.772779784377015,0.592423571346454,113.57862580118557,29.687387462534623,26.18408281536419,29.253192521751792,0.732761681425688,5.633799440904241,1
53.82409746184051,0.6670480617241212,97.26009021115084,33.17533197263759,22.017852605908924,18.16261173313361,0.7128498722792915,12.74815904371666,3
51.66452208213056,0.49281427669598443,89.61207256347747,31.558467246363307,17.76425832062803,31.76885315445695,0.633817521457891,17.034238175698917,3
54.92451264008149,0.4446241233983935,93.1818424530784,19.539292032856334,34.81930980524943,25.103498848586824,0.6782049265454783,20.076961643376116,2
52.89168643907818,0.6817889658025028,108.56633384750475,23.731619612288096,36.99019687606778,30.816801774579,0.743877377672571,9.140843497637373,3
74.55300139910895,0.6376409526097516,101.54312992435433,23.27417647275102,33.68562972516817,36.57037490762302,0.7175831177487029,20.135302134365087,3
43.62260015748684,0.509794844564249,88.1237718386259,27.44627267538164,52.43405797187162,25.25625652366,0.7284322308006385,11.760638551767393,3
44.690030449981826,0.5130336918725306,96.68737179364736,28.431767775072665,52.28030209608135,35.30628129256059,0.7191460855028631,16.812249407972633,3
43.76859473575236,0.7125434784414769,101.571540594383,20.80553662987132,36.65197012555498,27.833052166569235,0.7813215367304429,12.450530235671836,3
44.44522880839745,0.48105881071326717,57.42531811170376,25.33919256958469,22.06078886808037,38.76597401032792,0.7118021531912184,15.910853138560508,3
43.62612872693482,0.7642672953255963,109.16336229577398,14.900363339219318,34.33294891944947,28.174236934008935,0.6806988601064651,19.459388172851373,3
61.89016531107552,0.5099379265352131,80.40557550566386,32.20972502900945,34.00178606082939,25.797535072466545,0.6542122479433219,8.86492961355732,3
64.20504247989855,0.6638391925608382,76.9333519358851,22.43812879661653,33.42865037721942,33.43619225197644,0.7124804729104856,11.600470516265844,3
44.29253706250524,0.5671381524251016,66.2531130577858,25.279319699222484,33.022810961017555,27.82105135188182,0.5779647992612458,15.924812936710433,3
41.67644426895771,0.6603187431082342,64.1221500426422,23.451751430059694,33.465371042751926,25.79275242935496,0.6907855499083644,27.00791830515176,3
54.71415556386404,0.5455885997885808,72.89104993775422,30.730137875067076,36.134583841022405,27.610800746481043,0.6897080070039328,10.68405143916586,3
44.477769557190285,0.5837207093927705,85.8195808473902,10.812467793013106,33.64458901184443,29.776967339084994,0.6317764573191359,25.200669429984593,3
56.32931817755511,0.6040919175395721,139.06518275053136,24.916948288370456,42.08322508625592,36.71090065622427,0.6535867080672002,25.022116518375853,1
52.029230208513,0.4997812544218527,89.48240648209593,24.47090621251151,43.60368715904861,20.329561272702115,0.7404828765074121,14.513444246492044,2
34.84255885002768,0.6740824345420126,103.55500212536063,22.731818062041587,30.893549128175103,30.115403294752102,0.7115355874537481,13.509237369000498,3
65.47505201330061,0.5486786433528414,108.00962773012657,33.63113272817816,52.71065326007033,33.124517973270216,0.7050894166853663,11.539674006676542,0
67.95877673095522,0.5771400084659981,102.62130372431697,20.563352705721144,30.199376981593858,30.96724287495898,0.7153173766966011,14.658987348336655,3
43.87211309515614,0.5005650625391488,98.45113078548013,28.858980886178305,23.82199386184663,36.54932584716767,0.7046313793974461,7.96640283720221,3
46.122984400640156,0.34376663412046893,76.0941247280151,26.78126394353042,43.807780713650516,29.62827335120738,0.7621431281429156,14.618804913397012,3
52.85865390724905,0.5808972237399831,129.01855096558424,31.307596262677578,31.825918655856604,29.077242789070276,0.7061714590851824,22.48440136925428,1
53.34456789987025,0.8412615421612916,136.14393287275772,21.664054576112473,43.21291470757388,32.96164773506672,0.6270893443090624,11.944574687616411,1
56.5854427267283,0.6784604287898024,66.34682611754629,21.335155504381206,15.963313988994695,30.49656907475675,0.7815064982437205,13.796378480054747,3
70.1020453876635,0.5980739620265605,79.5194281822724,30.480349537386992,53.924559414830675,28.047956308597644,0.7185170133664422,6.494297628663791,0
48.2305277250595,0.5737109170791732,94.40379315245988,27.126606541650553,46.72293408040402,32.580720197931896,0.6705373134602466,16.870310440655217,3
42.01702755461546,0.6022465892812047,80.70924410179617,17.27531326661621,24.995234508369983,26.737358533916776,0.6373299140852491,16.32240842475687,3
36.20680771985473,0.654711911517521,110.1193110691173,22.30347492768365,25.212228761537144,26.944114239903364,0.7197957110479022,15.318511798828855,1
42.69069960058081,0.4819187184691155,85.43455595186774,26.931913269240304,56.72265904097527,27.360029891171934,0.6941413997512812,13.915864748889284,2
49.66873027126203,0.7114321694668873,143.30112135613206,29.188821107732945,32.626200965020416,36.76534580083204,0.7787073393016204,13.536210406137727,1
67.94557863517788,0.6715381315441243,123.81097188687193,21.603846734035223,31.65815151267376,13.894918220071432,0.6827046359666585,17.50950116850336,1
44.823887009638284,0.6718185725707935,104.2514806126443,10.428720050915295,17.339479058507173,31.97799417381471,0.6581309605158766,14.855916992056883,3
52.237879516388986,0.6438475738809727,120.53972526639464,27.616115928685165,36.49221794398446,30.17135907100111,0.7447898109117964,16.57485935777666,1
49.83577103927248,0.6019616657693989,122.11800848714617,18.898396550280122,37.722803851642475,21.595647703809398,0.7462640946358415,16.074914087272738,1
61.88393273448084,0.6672861235966819,88.72105023883513,14.913306009387943,47.15493096769485,31.548633895680013,0.7084325683805097,20.61713643547881,0
75.26932425873622,0.6591814133741378,83.6756551091607,10.838370375079297,26.009215718155247,32.37875995915766,0.7338178523837454,18.38497048687527,3
44.69131227079679,0.5645959289058976,101.56286125939295,29.069904300988707,24.797132077593904,32.948196156787,0.698115643962888,15.964309215750953,3
45.10560557481778,0.5426398227103099,117.23272248995889,25.643087252024834,44.509626347764765,16.740859684775256,0.7116932550504623,22.592110153260897,1
60.44160877069072,0.6101856295261987,102.78120797306835,23.87171809643874,50.06730071227065,36.831947059272196,0.7582495441281961,17.101342645282806,0
56.81891489626312,0.7549020151495187,68.46007035618005,31.94512181481381,24.288476488821168,26.311316476575797,0.7312659167010751,21.524813443952095,3
68.46707325736034,0.4760892924346099,83.94351112098315,28.186623415115363,50.81514086299741,33.43283873376588,0.6915362780833687,18.034713041933188,0
55.839281853259635,0.45324747342475596,98.52054272811245,33.08150021360959,40.375418414868214,33.70536890341143,0.7676181272963075,5.790404605342285,3
46.40707909212941,0.6164760841236516,98.4866879134834,18.036322639165018,50.91805339074646,25.616514571903537,0.5817572313604243,21.524173816596647,3
55.90654830692309,0.6050887701856018,139.45084353579617,24.82724688023018,39.29779638482383,33.30229976175775,0.8026036655710967,15.675881206713346,1
61.087035805829075,0.6173341664370408,72.28024115202004,16.91643312525993,14.777220825120494,28.072533795438208,0.6147020452554632,14.740226145496111,3
58.204821811973645,0.6243953197908501,110.11178483671749,23.853088340722664,38.48032617683961,19.643114103309216,0.6686453587613852,16.406741737447884,1
55.07274031107298,0.5776797745365194,129.7822621665658,23.756920731166613,50.6014381867127,35.83870962763889,0.6979541232402465,13.275084190214663,0
60.666746895891535,0.7489863438602082,145.42899490845593,28.133068186315356,31.062539809162857,26.1247751849188,0.6926759664635919,16.135144301944727,1
61.692955904456724,0.4399096021523484,91.91205153632077,25.227819405709493,36.12035031092548,25.72753268630973,0.7503205520013276,12.040619668284538,2
63.82158991037527,0.5171502975219754,109.82858905440399,28.11703569139958,38.23866496449022,27.984670659816388,0.6471081690694882,21.37136129367185,3
56.48709887589643,0.5896745239850952,111.39520714397294,28.51720066569447,11.00486120131518,31.36118362663694,0.7130383408741531,14.432059431894748,1
48.328819196831454,0.4356811188845833,103.90963463106581,35.77464338691571,56.71347575437476,29.713647945889488,0.6710893950890122,13.087080786387833,3
51.46713686433323,0.5824145595567929,98.02309597521388,23.423516723569378,30.986243201028255,32.74033462353585,0.7147570489668708,10.375370921403631,3
62.06508966508357,0.7661470165728018,108.71950779000092,20.294886496668106,45.05735432472799,23.302553167356706,0.6967613870101061,16.343878945743207,0
41.83064329012764,0.6020886488295961,49.35507829560629,26.230418076582044,39.132988638517915,26.288068147846328,0.7046467826341488,15.935535500625459,3
53.686733088729014,0.6230700905718684,113.64138980125263,20.988599864302284,52.5761905635936,29.42001463839233,0.6725037583767827,16.94212306838753,3
46.06661187672639,0.473983523482742,102.52355807323934,32.40980384218268,44.06056122428081,39.48943646329353,0.6744968024951958,9.863740562474355,3
50.28744822934817,0.5383638591960522,95.5505020644347,23.583909805273837,37.65075728479025,29.43093730793121,0.7143636257013714,6.994094005942134,3
62.78451862607299,0.5624803619676063,140.93724391439116,22.17211816063005,31.0648490748072,35.42611131830816,0.7471857752878022,18.127956512532798,1
51.910990680199035,0.5682284903243766,86.50131962418895,22.64342139424441,47.978507013821385,30.192775843921588,0.6700860332901075,22.42320930938254,3
50.46436548156149,0.7281643795003768,91.93848021869938,28.592087117358204,21.26558696045383,27.581706812812158,0.6565616227713544,9.86823188805052,3
36.40143859020081,0.6557691060725124,139.83106604409468,24.211265083842573,46.45890420275892,28.766377879427797,0.7306730082835918,22.94720641780849,3
57.46253566027221,0.4888542043062968,83.35877390300287,21.79166589934809,29.009552484451273,29.157901439855593,0.6983748053471155,16.419555293681903,3
56.45484181141075,0.6246504778432005,88.99769434126922,33.32675958811765,52.5228366195664,33.018228694803696,0.7415249066992976,14.964685477245851,0
71.6325472330546,0.6498221748496785,97.059491531383,20.71915079669125,41.61299542662695,36.87305633788277,0.6547101393314426,13.01225651727111,3
46.92221765046999,0.7140149038521266,116.81468964259099,25.17783037016497,46.44123767850109,31.798404238431605,0.6110280537288284,8.077409902875017,3
52.19150327663939,0.7580540686568373,104.15605014706627,28.26153075805115,40.819888138247194,35.93538839370878,0.6733497959086833,19.938642579623,3
52.49383683710755,0.4984905808172131,74.14749305695474,16.843324447914632,22.47622904859003,25.176051311851573,0.6616823695367492,11.121968192811984,2
65.77453279763475,0.5189142488789662,89.3566287374562,27.401302507029627,31.392708366046616,27.926847455929845,0.6960605799959849,11.100966621311999,3
49.047044676130476,0.47424221410853834,87.85291133575578,19.72446162259775,46.72389337611382,26.378487328961665,0.6681577392864805,19.959631549434775,2
52.790215257703395,0.5765980140893019,98.4555790955391,29.113913904170012,41.66655817359844,31.57222295437426,0.7370508475668224,5.585082766641367,3
56.078965097165394,0.6466358374446335,108.51687317259658,20.18674494040512,51.809899053056725,28.20520807410293,0.6855924868788742,7.382010946659166,0
51.86609123156358,0.6987334516589102,108.36411511775944,28.463845159244304,44.03274563037172,33.64886468517098,0.707523724938695,14.90932878245959,3
45.535663854494715,0.5924048976357477,64.47976491903196,30.529165331473564,30.3329810929734,25.34499144183779,0.7078817279220472,16.46642214502426,3
51.94089992898308,0.5680152476745156,121.27881975121713,29.307182628164025,32.03935862279366,30.215154866606408,0.7097477546206094,17.423673239844618,1
60.73631749859772,0.615175799224874,105.05137691993247,26.256583241190512,41.02917390523237,33.434289555061284,0.6987935444772513,13.491007533018736,3
39.7348470058894,0.5164857098369977,127.69064095187812,23.8434952853515,16.859559339998945,19.67348612479695,0.7255300345205157,27.65184834320845,1
51.32969674146876,0.8089538721694773,108.88396654581344,22.11790211832578,56.73441885622985,40.608156536651016,0.6602172433087096,13.860537206170829,3
42.99879185060827,0.43923389728819406,122.02645915471524,32.35517345408552,44.41746736377557,28.58424057560062,0.7699708963326941,13.84606923948639,1
61.950466289248425,0.6184740578895724,109.33090622900254,21.502523899161783,52.27034597048872,19.874800431619136,0.6881731308315732,11.015066655930612,0
34.76813095216225,0.802360621922964,126.92451512405496,19.81466963215002,24.193960591908308,30.79046949288393,0.6344225431050659,15.619534082605355,1
44.410781527284115,0.6006799844559998,110.44501272035558,28.32684467516415,52.445651603552555,30.167217339865754,0.7094036678495886,18.074806160233873,3
53.772118750645205,0.5809960964998505,98.04169507114192,21.019315984067525,62.31498911027749,29.590528102137537,0.6574409758776257,21.0178902726673,3
65.65524029234341,0.5642554577189572,145.44869440893763,20.249682512669363,26.791216446226827,34.95595556463333,0.7332667267254437,7.55357867779891,1
49.34249738927012,0.5819608318237592,117.78074244559784,17.781978689151174,47.71401794903767,33.73722485713528,0.8104802788021188,13.770023308221496,3
44.44800473306802,0.737284847467653,111.47488842008826,22.585450802697412,40.01109944687293,31.489380955119227,0.6606713954221074,17.23351805404572,1
68.8115706944059,0.3788138088670493,74.47391166923327,24.586424880517534,24.555661517517557,32.25077816973324,0.7166186166611992,17.935287672972677,3
35.51986099583756,0.7533433701296326,74.23384765072925,26.215458638303495,44.928839718518695,29.478207752809567,0.6122247205647686,15.032743289022696,3
28.011940433799182,0.4576042847549855,105.85430964283707,29.75653122149742,48.33603204837348,38.877454246200244,0.7226952614720673,17.71211984766051,3
54.40014450053332,0.5733347670765585,102.91042395536482,27.634489618328967,33.98873447331153,22.604019908211168,0.6557143100100155,10.955180535370998,3
44.97945775647389,0.5570755579701338,87.71754869983367,24.045638902234103,51.65916520255223,30.698258371079483,0.6687582690782758,22.789527161591785,3
39.787671828692865,0.6588553269770719,102.8196539922412,24.0090216181014,23.332365932108022,30.3251231559439,0.6449356755080086,19.963140514897148,3
57.08356447299353,0.44018756481162524,131.7725385608719,27.550787344575916,25.05243853550356,34.06640203032296,0.7366075613027367,8.275361064674138,1
52.43800713771199,0.6462172666081942,113.90804949100597,31.362850814642847,41.365973955887526,25.7807306128755,0.7503652178736631,9.624484759416223,1
44.359213692632714,0.8024309623286853,77.17982980494523,25.631570997416002,40.25385277972272,21.28163698801732,0.7011692607329253,9.76539124946547,3
37.19695601329106,0.4636825995407189,97.76982345714113,22.654345728947956,32.834265115758946,30.784115080490967,0.656778664733214,18.38984985448264,3
58.724573282801444,0.6189706167610396,83.90067038294879,20.035669994572274,48.09594435971886,31.406152461093022,0.7794761518051931,8.576361167912664,0
56.50201177958661,0.533801782220339,92.24600167182878,17.773973677938873,45.30894314215949,37.447997047238246,0.6624794936122671,13.344878328959597,0
49.00824136220617,0.6425887206193035,91.72768668740714,28.331348360217618,48.581390709340155,23.648189768374568,0.591898385003628,17.27352198208387,3
68.46636996047665,0.6019147777415752,90.4470883479199,27.889892618197784,38.76863564647732,35.7734688335836,0.7229194504978533,14.669170327267826,3
39.29915233673847,0.535851309095569,74.8972925605321,27.886817625533308,46.02580267978341,41.837071820135606,0.6447612663179241,16.294437578563528,3
34.74474829075261,0.6487872284871073,97.4469063696362,24.35670276823972,35.54349696970006,28.111175562387615,0.7494304396749587,9.670986443256208,3
43.080919301187556,0.7804348109786743,88.7878472630538,32.03467372945875,60.53818690086595,23.54528890253388,0.680943115166329,17.97427186698622,3
49.54413983644502,0.5809096208272702,41.41102619995464,22.57940752707591,31.874542298780142,27.965128168133145,0.7301856620272098,11.933940537620018,3
52.43339449322692,0.6719757942148181,141.05944049003327,29.77634618603603,61.05297429458312,30.070024836856902,0.7700750173276079,13.376901628010295,3
47.5876394214367,0.4706727042128836,121.77539308433344,24.806285525052285,40.34887947089408,32.818939375034574,0.6395570567689639,16.18865863952993,1
53.520553965142966,0.5043563623181991,92.47398550150008,21.95824617660331,26.244891104312572,27.04302635080976,0.6717031434553797,15.51539110765424,3
37.48460575809556,0.6472406277880377,100.37638099481197,27.962651536588808,53.68079350488601,37.77599267073671,0.6962164463671467,15.119900095077965,3
64.4376460407326,0.7484116028535965,76.56691305364876,27.048180593419968,41.25901388394959,24.427338424959693,0.7768775659517171,11.246865890116222,3
49.178488216074314,0.635561334878566,133.91445755621731,26.78486379633463,48.51124098380238,21.303974239136,0.6670808641029777,13.50225294400404,3
61.172958315881274,0.5686941969476845,137.94577389546222,25.406392110280994,52.238559185425935,35.533552121436585,0.6702748152025496,15.01091795418518,0
53.42725346377704,0.5999291405423354,103.1338745649305,24.810534591415845,43.37955554145025,18.626894843969,0.7239070287777903,8.124573834164575,3
54.567532191537836,0.47495922660302825,120.47061288370689,36.94185996435219,34.077591551871855,28.97935115563642,0.6711385637144714,12.687335168433105,1
55.69767280232204,0.6604515326355367,103.50573557867848,30.921283225980865,49.7571337766925,45.588405646040236,0.7076262941448808,16.938399395164232,0
54.47708560017315,0.6882333062323409,73.26549122248139,28.61413447492756,40.007555074545955,29.939782235200344,0.6224231289515936,8.612816980773287,3
56.42722759867544,0.5547909667166919,91.76353262072685,25.55899579101694,46.85857818608419,24.39616174651875,0.8107164971278298,20.7829082579712,0
63.29152530132431,0.5529957852240498,102.63855933543914,30.035786002983347,18.462694262085385,29.713012681066033,0.6326145384845298,21.348066312999215,3
51.9652116970147,0.6265878229652049,90.90904562513111,27.58997388195726,44.46981717009852,29.74599605690233,0.6839123648004896,8.774247120199572,3
57.09003757588512,0.5563280263959405,95.62693445129928,25.13102376387018,33.6141417485497,30.803249701765584,0.6983759482078952,21.788098165250695,3
49.102643057127736,0.5933867385374177,98.17200884981771,23.482178373670425,56.533096371785305,33.311314910798096,0.7956344067178398,14.282092056439328,3
64.40117215449473,0.8099721789166515,98.38243004269077,24.59541331168656,46.23087347889095,24.804444158161303,0.633757710953363,17.092572795785273,0
43.2360769794073,0.5752974299254003,101.04516980994967,9.147871320609722,42.398577458492966,38.437740276183966,0.7991852067739376,12.516744739358767,3
68.00940432910815,0.5641659847978777,78.78789867206798,26.05300419648821,44.86309993350221,31.22557142186309,0.7378588410551011,19.61522413613381,3
49.59842049355657,0.5352458194364841,85.65967701744128,22.557619599448202,30.015591471232817,33.63397023200902,0.7208547662211623,17.030470094243334,3
35.69224897881952,0.6744191971499937,74.30831468600061,32.96334999141442,56.232566905280535,26.859253001221788,0.6507683156491022,10.929233717011982,3
51.28104414910789,0.5818775826781897,119.55631099372401,25.09672035405877,59.91370418416905,36.431910684977666,0.7285570621019036,9.173990000173557,3
43.18948342525119,0.5350626961678574,57.88706116319351,19.055182902325193,43.92913510548216,28.714737955934677,0.66382566887901,7.6984878239538865,3
58.406435489887244,0.7321304032273012,123.0718068663385,24.750599229359413,55.90403568573639,31.387762567467657,0.7633330626599206,15.939708882163782,0
43.47376020697609,0.7419603004513637,127.72698794525687,19.769394574687478,34.308518013274664,25.334469614064453,0.6514468985446134,17.86235705889868,1
45.538165667852205,0.5399576434261295,93.95638826034757,27.367037078562333,32.02886433775019,25.015341867989367,0.6943420752771957,18.254828393897206,3
31.104592690544692,0.41334600486393835,47.937258243454025,26.454736821697427,40.40924748728923,33.44102653226442,0.6722363455993414,14.41009452696311,3
45.47693680750923,0.7007513689836922,92.77378876065418,29.78919815554134,44.349410383678986,27.78196584896307,0.6506238518786502,9.21501772167818,3
25.761206733710434,0.5315370174239996,98.71631677422361,21.045591041527175,36.060133187568795,25.730884562478114,0.7370659908453957,11.589626009881085,3
34.16097176514277,0.6790625599162768,79.78803560142174,25.170040481140735,45.37768190368484,26.78408328986485,0.7267729373704817,20.76174319480963,3
57.604146561442974,0.4029896182288164,89.69563212383514,18.174891022866824,43.06389482073414,33.4947653585871,0.7604505099450498,12.576857176999592,3
57.85800158650832,0.6892597338299309,130.60390397726704,28.507473909623574,30.01693224708945,26.854810693981946,0.6110062445895916,15.717088153407381,1
54.254575617849646,0.4788828070719219,113.29854324603482,27.59435590220061,45.18793017451721,29.41172534198918,0.7532085351170521,9.621747582125563,3
40.33023856870787,0.6730764119066525,81.508717712438,27.479025105137854,48.63528242521521,30.075138751435485,0.8252724452678446,16.682915227295176,3
49.5228864385802,0.6014273067836434,68.04801660809136,25.008095156784705,41.71469317590391,20.413255569948504,0.6774179455411526,12.711577191604611,3
49.963974609094315,0.5046060580603355,93.45965364780457,27.073864453943955,51.52648103261693,22.64436797313241,0.7947574306054485,20.233563568878818,3
38.416353108074574,0.5592963687073219,95.73086441299124,33.02169554154298,27.82596206503048,31.681389446237812,0.6868419363970086,18.867788531034066,3
65.0339830176715,0.66863184569567,109.92398374726633,23.57452871478993,44.67950422131852,26.314853194236512,0.6313795131219346,12.521470267125501,3
58.77362290575671,0.6105894453115234,89.29366574864682,25.69322591855042,28.297192936032253,35.28362455640209,0.6847183778796602,14.366679863261684,3
47.79035826170336,0.6584412980472484,110.22999150723723,19.56936850409295,28.859186417669125,34.83403552125272,0.7524101983837638,12.244418799796856,1
50.26885838994531,0.7976440584515485,138.70308080120458,20.658695192008338,33.6906916626221,33.59584333177719,0.6580911758834234,7.902834017274952,1
52.08382807947552,0.44357583882889484,116.31002044888525,25.489066465466536,30.57939816425755,39.09885893656299,0.6699830670496756,10.712787852263917,1
29.582651315757094,0.7617212574968624,99.03822985338455,30.519667733509536,34.52004181258862,29.584553361284083,0.7296769716146595,15.9910866386041,3
47.52822617479403,0.6104355937523213,96.3369905789341,23.71859587874214,37.85849689288811,33.2444096295192,0.7001530058369286,16.62629749114791,3
43.180157520022014,0.5101215951676872,92.86653731640257,23.82041735343938,48.371544863313844,27.077995117019846,0.7292311476243369,15.742739517963194,3
39.983799901050844,0.46696863742610095,123.61281824904289,22.965573777478127,36.78840961294298,42.26184956434362,0.7118914770379168,13.491334730206821,1
47.18899707114045,0.5810879609222966,87.45373108097394,22.326216645778384,24.14374293230407,39.918168262180096,0.7239812659775786,19.665333028604927,3
67.97686526849523,0.6921650111924459,100.90445417999965,26.474857278544107,51.4006784649516,30.05940217258896,0.6783849407095229,15.317709522804687,0
56.4084286126701,0.5872450879622465,101.02395803762171,17.513711774106778,31.629098663849604,31.93293114952596,0.7115865471015196,18.516269140479736,3
44.28821010217203,0.7511154930247348,89.96431614376937,31.40469788333364,39.41279572895371,36.79648799682403,0.6536313497152033,6.131124338987407,3
55.72582781356159,0.45488243099484404,72.55068904231798,21.672888509352696,44.46536506940711,29.264302475929465,0.7644216811251694,-4.612001258091713,3
63.99355436586002,0.5987911052153945,106.45949007235336,28.609517427190706,41.99610418402783,26.716879646001477,0.6682862641591343,16.4189401391904,3
59.246336829127685,0.47476065555868807,98.77992056289233,18.65000701303062,50.941795475214754,34.369948755034414,0.7564423743774694,7.876171731392553,0
50.59630369920174,0.6363631882624967,110.0048093887314,28.34420065273109,44.79003143392759,30.39219623041835,0.6883196519508566,13.93774148643472,1
43.53063222294426,0.68868873900973,89.32799387121666,28.359723039072488,31.38690420302892,30.914972248226302,0.710099950537866,13.489514794876971,3
56.982233136135896,0.5579238206318946,124.41642597626095,26.921010360029484,61.78562173991662,25.828643284660174,0.675251772455465,22.937003012077685,0
53.934853854217494,0.33957861433728653,82.4645243757631,20.02785739100104,41.943334633382335,21.41163925818302,0.6492002284415985,16.999982764718034,2
58.95193220027733,0.6198948146796495,134.24080568035785,26.247740947990387,38.52659773378494,31.180712049395506,0.6127619806197349,15.829295133993364,1
56.351718016819696,0.643673855173351,65.04726980343477,19.084719076328057,49.63925423055571,34.524810207471,0.647233792070377,19.18495577316837,0
60.49552715319335,0.6404294754961697,108.69540129113783,23.736183724519073,42.49450945930072,28.87096625461979,0.6838045573392039,16.842487934195194,3
44.64764788439432,0.7235782191822154,109.50861365053247,30.14706550477663,43.99228192939327,37.182147597794334,0.7105939589414442,12.711615035057834,3
63.173940656343255,0.4928946320350951,84.08885864118236,28.98350963535371,64.92183998600687,26.480418372922276,0.7505189656641631,20.3573796512728,0
51.975996046923996,0.6680216105450449,108.48787875722024,25.075914712702165,37.248785717449536,24.7264777251704,0.6777121270101575,9.451249360558629,3
70.75260872625265,0.7192507512477975,125.59037339520317,20.12596712038579,36.82239105982604,29.663848464019345,0.6559019617866413,16.61623593766781,1
43.10812181910432,0.4221412415993483,55.66362321291871,28.227938560870967,41.16578512012464,29.587037123243547,0.6278642606998643,7.262151029318444,3
67.3596380316525,0.6319651825918977,110.05489614981629,25.096906188490127,50.715159355810385,33.849843656676114,0.7240031808952051,16.019719287579974,0
51.979107834626475,0.5495820168992328,50.134583593398446,13.398422008847884,24.93465969809601,26.125185879680075,0.7691597257664671,15.964948208864648,3
43.48581996385552,0.5918477326898354,80.68670392953584,28.913149131582593,20.344441085234948,36.84047118407449,0.7633165133978144,23.382274809573314,3
45.16114165945678,0.6347676483538336,132.5833272980189,24.87883583065154,34.12884729379852,39.834584812541266,0.7354966374073618,7.175130532791103,1
46.7965269180568,0.5512771435886448,88.36435933215893,31.01225623991536,23.660770409407128,29.80427986515829,0.7319271658633799,11.995564120730936,3
54.241659464019165,0.5324291920838388,76.52240071182055,19.523647405785976,35.75168652474362,36.24855210092159,0.784881188985467,19.11341213287072,3
55.228354880355,0.6034152417488025,96.04124542030637,9.116480934019997,45.0249969612929,24.7175146468737,0.7166040730708405,16.676586281986538,0
44.26299996061421,0.4912754061137197,141.35812676327106,26.395419291725926,31.092511364477364,35.37610770590958,0.7323064838012086,15.901525256687515,1
49.756454077390174,0.4914174871114814,63.36635505587948,26.457818383409865,25.731734232186575,35.23638204279732,0.6839608069074,10.219321485207303,3
71.42270358611864,0.6679373282956503,78.9738017672131,16.546641861967743,40.69337161715348,34.317186400949396,0.6318978314572621,12.045908259542854,3
67.27543170100711,0.48512059648413436,129.94863366359252,20.10750227066697,48.625434846151705,29.92218455564853,0.6658075549750211,21.225205041116283,0
54.36323669674032,0.6666312500909212,137.15404687075466,38.77608871859951,23.050265614833872,15.228755293789844,0.6995420480732671,14.742454031230361,1
50.380034781682,0.6462591292853951,97.93137551419431,23.471946929230985,48.20232398305984,26.791364281739355,0.703039268625065,16.876798480722368,3
51.200313267182615,0.42741932712094033,75.21894594946716,28.65479488188108,48.17306203738326,26.870419911576988,0.7963142927427697,14.424058356117605,2
56.13517972730416,0.5322435347664345,141.91687003618318,21.746700863158082,49.54085102156628,25.10872530969761,0.7040638583795534,9.084572423751174,0
39.77207434801595,0.7194109403047373,131.88884783498395,14.548485505734217,52.18480214871686,30.61121502273533,0.7589421722012821,19.669052130374983,3
47.42623462576655,0.5018834468860318,113.57893975524466,24.148708766020473,62.02013924659616,27.905182772393825,0.6782461379211842,17.51616192266248,3
33.314159261224106,0.5535595737690612,83.7519530212516,23.671977198569476,36.439079513809446,25.87693995117489,0.6844162057117382,26.528184186835944,3
53.992231226052795,0.6462060893251896,99.01941318323927,23.000608806658143,41.09571580077858,24.7059992587609,0.6335496181388276,9.922093101747276,3
56.47195939702741,0.6783390509282595,96.79279837910339,24.426795822468037,35.83561566751975,26.422435072573855,0.6628835993561714,19.112864606002404,3
45.16813537700626,0.5748461113955504,106.61702609231156,26.32134135822818,40.01976844755811,35.60749605924964,0.7263490695681876,8.442280169814994,3
65.73986763290033,0.5402489805308358,129.02002876262674,24.24941524373097,55.32873355636312,26.69487472686253,0.7003780090197066,15.786732838365388,0
37.74234336997659,0.7422369861698508,117.58834082274807,18.67996916026318,26.549855160693312,27.425306467833636,0.7471469309948616,19.882532945315823,1
35.3562511979018,0.7738899663797578,78.45247846030483,27.430923957809696,31.389503278344243,27.71651192488377,0.7090626974172525,4.639324419517566,3
52.24451818559972,0.6978858050781795,127.52992900039075,15.253141223387884,53.77180936504561,31.694967569047098,0.6823773134181129,13.97533762879196,3
60.470983026121544,0.6085318142565024,106.26264280026311,14.748212713578999,50.2003650690209,32.281247442642666,0.807414843189348,12.183951329786899,0
66.83927691457869,0.5191734278359074,113.74131591717833,28.69590247350784,36.36868353182922,14.77671730378419,0.6953048215643476,11.490213508524391,1
45.4111573713106,0.5169555593443435,129.33081718557207,27.535101360676784,48.544020011207195,35.10817606913804,0.7581500484852651,16.926063261296772,3
60.78680833431296,0.6522514105265758,77.76839500972898,24.71302317462982,43.412158424920335,37.18184017121877,0.6799395396727661,20.603428532112975,3
49.61491530499293,0.6418398220888684,99.28348842587074,18.02275747622464,55.00274609000988,24.749067313191652,0.7354799739691783,14.333606423854222,3
48.273727000591805,0.7401598592946429,89.3709089728157,21.460445296629622,40.745095938267724,25.13850877632583,0.7464007829575843,16.0274321378001,3
58.83659937486672,0.6650450092536139,68.64281149269088,23.68626626156748,50.25632113872582,27.74873306110864,0.710424598528779,15.571543765296239,0
56.5232287841342,0.44969196982401816,106.93419955209839,17.020530157129432,66.4201191049262,26.219979902716975,0.5822758538651698,15.00901753178207,0
34.236078430157505,0.7051947617722918,150.23113103168848,21.304856709883836,45.98099155047466,31.11963436973303,0.7009126230428055,9.553286811439468,3
64.76540349725896,0.5001939372685587,63.19844510988494,28.261651690883397,40.49328165794844,20.267373568205677,0.7615230023879987,20.542223008614464,3
63.800913541474515,0.5616028728047648,99.3543877790106,32.13652682144608,47.22446985220979,24.4103619598163,0.7263740416513865,16.47597684079418,0
43.74437298490471,0.6250200206251695,112.81085870149548,22.90282623670725,36.34719141796115,37.69598600087454,0.7222919437614623,16.974407450012887,1
53.95803533437409,0.7995667489783964,102.46156403312362,28.78244177158049,63.87967705524732,25.35890016325991,0.613887153302124,10.967451854872088,3
54.94030186282739,0.9109918556005361,97.73743894968518,15.429699647062664,41.80071037695981,36.21714139051463,0.663977246466247,12.703898010053797,3
52.60673765823907,0.6606723059136183,74.01567273108351,28.297256205568058,37.27066679774487,31.776690977950686,0.7205678815575719,14.119329011446109,3
44.4969484615458,0.5816803381279612,104.65573485880327,20.980257926362594,31.643109949799637,20.95366142705871,0.7205191638393446,7.3293765327557425,3
43.283766320619485,0.653450564848055,84.86472045968148,26.53672808353985,50.972201916064385,33.17664597608103,0.7607333390066451,6.559828374011609,3
49.744459290085544,0.6887655425873835,56.20156590042893,23.761237908801455,48.67187412827739,29.411663489035732,0.6927566622426953,11.996260346807162,3
61.72729019259364,0.5679332374442808,123.89184441027462,31.60207004891917,35.02645628585907,27.722664718751297,0.7202912043336906,17.61260383221195,1
55.43600154594432,0.7795211355912322,119.16771639684085,20.62782175830041,45.764513451224225,31.22478546586002,0.7008187120965647,11.734313050350295,0
46.29385667913894,0.6230070759191402,101.0332195370216,28.138031487809155,24.914440317871435,32.37316742783396,0.6506528631749221,9.905974012046432,3
57.716987106483444,0.6497743089091395,104.58149376411406,23.60246268351733,41.849705750731566,33.5379591098731,0.5872104334452626,10.926571733811649,3
21.514573793699245,0.6665924252054461,121.48636025431122,24.20847260995168,44.52756352076695,35.89126423774001,0.7215504846065038,12.723287884273438,1
61.48765700372103,0.6421586610614456,104.48679313556165,24.08073053420395,57.07329809559223,32.040679563891786,0.7086973604206406,13.230705185899481,0
32.60286221221901,0.6838940500469612,118.08035109522629,20.771634477529435,32.291811972713106,23.121829556068192,0.6690912478949915,25.82760726103278,1
46.37559058596868,0.5382746813453076,94.050355982523,24.92950517046664,27.216473711976757,27.631772711744045,0.6190413471742067,20.27310314243659,3
38.803301053738565,0.544169824605397,126.23967477147893,24.68675888939089,31.045720390749583,44.715241676343105,0.7314869757204369,20.12387056140864,1
37.053185242790946,0.48998457670283047,106.41571451865367,26.206201242033647,26.6343149968508,33.62245530190864,0.6867039962902224,20.842901821366908,3
61.608267873785195,0.6439501230620226,103.88103887211749,25.42252572846431,53.36657357758983,41.846436504057486,0.7278437361184072,10.005895653329752,0
45.32298798688109,0.6778936503512114,74.59877822575936,28.98997274806118,55.486392950240365,36.977170410995924,0.7932024265205879,8.888176925063805,3
53.46503881730716,0.6457772866151885,105.73911708603417,29.617543080236842,43.20216577948829,31.209010357778745,0.5929284559840147,9.465648542329717,3
49.53079421120816,0.7674492433347537,83.36090165011097,19.746883390860994,52.21294945685148,31.50703534890559,0.6650199595648818,21.67253066668919,3
54.770408272231215,0.5994403981170954,87.23434546943011,29.343862502953854,41.339583805802356,29.81709980061577,0.6895312193344043,12.264041055587544,3
50.768218910602556,0.6668741655592513,83.69248743367757,19.068317864450727,39.04888352299234,21.3109769207675,0.7727413087073325,8.743219088803565,3
37.1700777581143,0.49082991238606855,78.6753013620155,27.939279440688676,36.66962380946239,30.090236262341122,0.6181798490396757,12.845018998900935,3
59.9626681944714,0.5612900297525598,142.49542806033924,28.098693923514343,36.89609008622435,36.053372762710985,0.7967930512840302,13.806972341426864,1
45.06243416838687,0.6695537757565777,126.62678123976806,15.443415541687479,24.521984436909687,27.00180002589398,0.7067927950783145,16.34206636847281,1
34.434181013402494,0.6849102110743144,138.40735004288524,25.46489623264705,42.64254763607339,32.059764995309045,0.6951999669133071,16.254755103560214,1
45.718848390340874,0.5706033052335817,75.54209960888872,22.65751943319842,39.596660897859564,34.257955229465985,0.6900970118390546,10.85909718063246,3
65.00759790634311,0.5928400748141933,101.42507499821785,21.206173710323124,47.45360724077876,25.451597803437622,0.6781868483909985,18.428281962568555,0
58.50221742113493,0.448212625331919,74.12984749591809,31.75426165349503,40.9352349643861,27.743485678281676,0.7524058379634577,11.80403233124921,2
46.51347865592141,0.5642970799193391,86.08610245605873,21.731604296812904,38.37296298430908,24.910442547614203,0.646573962295878,14.218618316474785,3
46.50742295681571,0.6890383163519787,81.6374603316685,20.96811535440975,31.288069699923692,25.889171966552965,0.7172707090821926,18.433870352516774,3
46.783649487826175,0.6575205016106566,124.79168012883123,25.378474700025468,40.721532368217616,23.561973581734694,0.6807909167146512,11.790892980278294,1
70.76747983560841,0.6500665721381209,92.0754064379648,28.42794873149208,47.38237230816162,25.497757693109868,0.6618933275742951,12.153242882094313,0
53.819354522315535,0.6049773687180959,121.36758667388033,24.291757069949366,28.566610089161394,37.09727840398919,0.8292987587841948,17.958340248465653,1
54.300416471910694,0.6007063158628176,112.08241779177035,30.831852728346263,40.874737536807395,25.422614854548538,0.720952536737673,10.711334116974903,1
60.30283454031842,0.5339678860526553,146.07277504209577,27.654878309820454,42.33042951529484,30.63229609530345,0.7306632772330571,13.076039881979646,1
52.387891590265134,0.6698828420202535,70.41111553720552,14.108943401342849,32.819352163817356,27.485656231645223,0.7568888390334331,17.778710890214462,3
47.40957854179297,0.6420972944389389,125.18466479573598,22.35266518246496,34.12143695092,35.894329685184694,0.6289325027340726,25.270462207179875,1
48.03650150915022,0.6492018847992799,122.92881740801455,22.190789503241504,42.306108487662144,36.55581148301808,0.7876145954561016,18.027022523813734,1
49.283987405859364,0.5473965157332419,80.5324232394593,27.39680476714711,28.665789817073772,34.32034991069474,0.5745521410752461,17.36319881495006,3
49.627777634901584,0.38466570801287553,120.1426667294632,11.87591471812944,43.499237152493926,31.530672765513778,0.6615616794980739,17.654007918363646,1
57.2762954363698,0.7097152711753696,106.72289926052457,37.74504854358861,31.046456263408,28.84470231579551,0.677048416341055,9.634048629664754,3
50.519458858072994,0.5521162543991596,95.45047480093184,27.65513047447105,50.62853693033216,24.040626479043752,0.7290861682485252,15.57798369339954,3
57.32640077215579,0.5137224235956879,83.52129026056001,25.744384019588455,63.378277453883,39.71764440561098,0.7109359133070744,14.851167558317991,0
49.19283419891418,0.6693478911913994,85.61781097101628,30.90783858209573,31.392431982981805,26.20163491123723,0.6916592629650803,16.60792270186378,3
50.786351903160906,0.560798736008087,140.9962419157185,36.71827026406312,45.342078623746744,33.318231735164204,0.6994001327686138,15.582540262379354,3
30.017993154678923,0.7059936384046621,100.01365637914965,29.353733222942015,32.732580951179806,35.297827863116986,0.6510988488238716,16.898498387085564,3
59.16327674702482,0.6617005949576698,115.64260003062918,29.7440654823581,50.4095417379779,27.22359751547335,0.6251383802757913,13.442664025503992,0
53.46488475897993,0.6683569323200478,84.18201236664893,25.65345012232191,27.34741590914785,35.19006263657981,0.736325581116803,15.293044586858963,3
59.98010109859652,0.46340442887994654,84.40294107556723,24.29237123316526,44.805867584277124,33.821066016694274,0.7346853056268092,8.86085716971504,3
21.037446218063106,0.72119439853864,121.63969618499884,22.621022779975494,31.270110331106473,38.63981917690883,0.7792247187578529,13.400463609985431,1
70.88374704780728,0.6261250531233856,73.00847576896936,20.86944004142729,37.930154109016314,27.653267667866444,0.6604991451592396,21.954167740883218,3
48.604103718448265,0.5630722860753796,91.69572464189457,21.56492950150251,29.689747248526928,23.570679913601424,0.7346407605150461,16.59404169814128,3
61.081828167375164,0.6143388467342251,100.68054822144464,18.247220178285083,48.223504708957535,27.472551222777444,0.6858146635817634,14.895394813084616,0
39.60094072874469,0.422376476710168,102.22745203680105,24.620642746574884,31.63019645560413,31.044267712671658,0.759523749259674,24.480616381271734,3
56.1277390506257,0.6408652811480671,96.41813429967688,16.576662113868068,45.519642593318274,30.29106363542528,0.7510981388339071,8.195825108494605,0
39.46584436826344,0.49706284918179283,107.91639562191847,25.954582620718554,36.55901971737667,28.032810518627247,0.7105604699612228,9.452722222768902,3
43.76231039304195,0.4647329714156465,113.85711511635623,24.81834695978829,38.855276282011374,20.454012705113783,0.6830234921667007,23.563557056381363,1
69.14031353866787,0.4477640813782109,114.6927509091866,25.73467649193344,41.477559074001285,32.352414980645534,0.748046608930413,15.22980468024467,1
48.09317599236653,0.7112688374989925,80.28392382664347,22.38934214990004,32.38175328341151,39.861722395411,0.7323452261628283,13.787084818551032,3
52.17432873179723,0.5370736606307212,94.31689804142405,40.38430185090252,42.10367113540887,32.32125619061502,0.6657779798956909,9.003978374521784,3
58.70067730688754,0.7533727709916499,123.89525723753876,31.800579500901563,55.30334564354411,33.04567759526757,0.6336100663260285,17.23848133197506,0
54.95681887972604,0.5464198536947702,117.89294375147745,18.777287499576385,32.219052141672854,32.86222653077551,0.6855733549659101,17.72229934763731,1
51.504189051435766,0.4292642042407053,72.54281097037872,26.16434043713449,51.71810143273845,31.985233349412,0.7757706907674105,9.527528195825518,3
53.64961002466225,0.4883475560051341,107.02959800704403,21.95996928531338,54.980976334877845,34.65832983434048,0.7573243579366519,14.29862207224786,3
74.03415585238275,0.7235811620006939,60.43549501250379,19.92760136646293,31.83845010971956,31.97686840592833,0.644383626516471,13.32242083983467,3
49.42381202966415,0.5844101822063332,100.93869804120739,18.299639644380328,25.44945394909448,28.43661415173362,0.6416121292050039,16.279885732093856,3
52.010990467149675,0.5451712703509399,137.95534033491953,27.16108345379627,43.01960900171765,26.02005544995623,0.7637341924839742,9.403748788896781,1
60.50654396007612,0.6160018225852788,81.04214565462027,21.59309882465213,34.52592477233127,28.755131723596623,0.6432182047621084,21.259737272565786,3
61.05525932957984,0.6501782736167545,83.31353909016836,29.839130120126022,58.68603219163002,31.570647482253328,0.7254647661821003,19.579118907988022,0
61.8703030556038,0.711739881590246,115.28059563145719,29.968911072652194,40.34807540499832,28.41958519438513,0.6691964392331837,13.18412220633592,1
56.38730222029184,0.7448499229892926,69.14396969580707,31.869571926057247,31.978005919648208,31.57169341565715,0.7808522462260841,13.917906441808144,3
38.569950872695166,0.5640231354210914,87.34489940229922,20.738066169629484,28.528404889882886,32.195750668502086,0.661478760043106,14.31788924861192,3
66.33431532301096,0.4673952313917962,111.92882275163505,27.376828053460052,50.899049590908305,34.16589715635091,0.7571680765102914,11.108457234967483,0
38.53654606981312,0.5586534838876723,87.31428304621194,28.162271083211504,34.28816025915813,36.413974844194904,0.7092429327030182,12.782852908824822,3
53.02635465239033,0.6260280506582886,95.28060025578057,22.629109124480177,40.43828799460428,30.390037092394287,0.7126097427117143,13.648648161626955,3
42.45724149980642,0.5036241073789389,114.8837142063007,21.141140213035627,49.55802745112481,23.461117174261695,0.6014845709324299,23.06434185353564,3
49.35861653407007,0.5042849085104957,108.43092167073122,33.047603328879866,35.157416480691694,28.274479515904048,0.5898543323397141,19.733091541652183,3
53.2876241030348,0.6343787881549885,105.33636792590804,26.13747937866027,39.540711712598394,30.220312837032996,0.6889717029866342,19.67327353668312,3
53.21357215450273,0.5951347648429549,93.21755441459922,28.17983875355869,39.8343159017748,20.82115621911455,0.7123453031708306,16.849628065021953,3
54.21920754235285,0.6032796995411587,107.40122230537911,20.889619940860364,46.83324511516092,36.94332260051241,0.6437401086131138,9.413364955343827,3
66.13711269058646,0.524150466529993,97.52534639800487,18.90357766738903,45.907443355103254,30.711889562552333,0.6455653294761828,14.792544477113104,0
54.5353430151398,0.5769599285794232,109.1561121985157,22.152751127539446,37.79886268745172,31.906764172901426,0.7280736314913065,19.8524422980669,3
47.558433647093516,0.5075766855731696,90.06135949764044,24.379893063050016,40.636490614965176,36.82763231263133,0.7281427240228565,8.70867685316356,3
59.64087168288357,0.6890198411124786,96.34862051240918,19.678899965913256,36.282209884765116,26.849285849288265,0.6931129469806036,18.18276603436632,3
61.894704889246405,0.7035249334723752,80.20084414895972,24.950775956748085,25.223875930805555,32.87020965442015,0.7390100860593037,26.613046126313833,3
37.72392184863008,0.4153812137761906,99.29984779987528,16.5574740596575,42.57600857398129,29.45067938449032,0.6412898852139927,20.30908322994866,3
55.97400069849858,0.507048913980759,83.7799827274231,19.39976288765064,58.92191760833067,29.079565664920402,0.6822032541456514,22.070145677809936,0
57.01172742310898,0.4503470744909921,77.71907099676014,28.354556241384376,31.162808593089373,26.139038060978102,0.7823938802891837,16.091693752210805,2
47.02436496640008,0.5349976065593102,105.17322295710777,28.018952601389472,32.26970290397297,38.32801606843264,0.7034161064969908,19.83965974382495,3
63.75706813311619,0.5916562030209639,104.25479551715321,23.04061617306567,31.292722283562586,28.122499799622144,0.7063156257293499,11.410733928229822,3
48.499444129674735,0.455035478030147,115.65747469897146,19.911178454615236,47.24591778723123,33.49732123447851,0.8152973292983869,18.979319061706132,3
51.255764534715425,0.5078140186874687,91.37748860849803,19.862982242369945,44.4848545419644,20.62496306264032,0.6300328917075614,18.271940670303817,3
48.2692817571613,0.4996042627918501,108.16105693673512,23.13365877029343,38.414623075835436,35.899942648448935,0.7398215183321055,16.449555870188316,3
50.155790475814676,0.6207267329398943,111.01595144547326,28.22259245822646,30.819809383610348,35.261055779785295,0.783199313990405,21.58003709859249,1
39.037249131047986,0.606934433703625,108.8954761566319,29.641228456721624,40.92376791639924,30.487170551486514,0.6837571036750727,12.306075810763057,3
35.59949117405706,0.5278262446662747,83.48692634395715,22.517341322590156,24.353778726641956,28.865287669310376,0.7429815393427422,14.064712417631688,3
65.94505063224972,0.6176820872139398,102.98726964542378,19.23253787007608,41.43426566857493,32.00000002806783,0.6508990251394547,15.477310206791483,3
41.53038651681672,0.5453319915412734,107.28280592109323,26.339218189331667,48.71524386087934,41.44395330440145,0.6656633802216324,9.851945144552996,3
40.08607650543693,0.5728344889673946,100.14356933815884,20.882325146870752,27.48800863366322,21.183816505482575,0.7192483208023817,16.134659719001238,3
28.466098863962852,0.7673452090298537,58.27044683257831,22.408736805693987,24.674817231703365,33.91013693787064,0.7399283336555295,6.405347935230765,3
43.610382523104974,0.7340461051790348,103.2097924794696,31.626380452185188,55.794378916948595,25.441913489230487,0.7560468256203122,20.234772672141048,3
36.76910206592502,0.4700418763072402,144.25062078794485,29.13557714282884,33.88240360495415,29.900408018501345,0.7784814293469746,15.233186832829828,1
66.4201516013637,0.6829732417879174,92.79921462486034,25.789871561257257,51.35947845943822,28.760599404606683,0.6966276720722409,12.395535480481183,0
60.09817089342634,0.6811396554491592,85.43845804289357,18.640404994436388,38.460023348021686,27.858408711011222,0.7596805877586293,10.828131938524393,3
43.118496548222765,0.48517367112473814,107.46697119422797,26.056982837353296,38.38045183058672,29.947674354736353,0.6828847578275425,13.827104851904062,3
72.52435805344308,0.6818777643754861,106.24756420933143,30.313286453937632,44.38412699496645,24.32914427361105,0.7451045655794134,18.44129855386207,3
59.81765486991594,0.7537931918412553,123.85470330832828,23.121831671172323,31.160011432535594,35.14590218063984,0.7103744398926091,17.738694893687803,1
46.75168616491378,0.4877455193755586,74.84263688182224,31.755570449933575,41.32497143495645,21.029282444007,0.7222838953540962,11.472310263607696,2
25.00594285126427,0.5082497178985736,114.62760505149984,31.463726447591036,36.185105851759076,32.69882256414171,0.7211753937011018,10.769801636861828,1
72.90942572590743,0.7017661466843502,111.80844122502927,33.31866416071737,26.795065565949685,28.367320737327145,0.6197647495101093,18.284493531598237,1
36.10427533236404,0.6271495310825648,97.15706926118908,26.526215632656765,43.37482074726399,24.14537553096273,0.6437939070569613,11.388262976924853,3
33.546012530431085,0.6551476275239523,106.7737463584338,27.936958499030062,37.36692193122084,31.011916852993476,0.7051270719908761,15.299548870397517,3
60.225704320096405,0.6340589216400496,120.58914963196715,32.07093644165545,38.429751715552925,22.21524456646761,0.6156360460179415,15.618773212621385,1
74.39752406339272,0.6390695920928144,117.44630760056901,27.236969685344878,27.89839056585842,30.198569108598175,0.7415605551599878,16.560310658633693,1
63.84272818510518,0.46735278716889167,77.13961375852543,22.493829461048936,55.914003677628045,22.885615460942226,0.7435777983144071,19.291352150909358,0
55.639091200523595,0.7047317706621448,116.40316373510969,22.757285817360692,48.76714186386116,32.306360421589154,0.7163585276438895,8.685185315663386,0
55.94754341665286,0.7169589992427774,98.70622789934963,26.192774768868695,49.641558841719785,25.378213331848123,0.6439432993621038,5.444203373697562,0
58.53415558780308,0.5770609255931972,101.4574819603103,18.547192890268906,36.94555297558318,27.745029914853454,0.7690069469434258,12.16276359385824,3
57.589285897867654,0.5956523050186138,101.46393982003389,24.283705423179036,22.708171104965796,31.46974693971581,0.8018605319859179,24.00764203916093,3
52.811914239693756,0.4468892497444278,96.9951402240348,30.48273559115127,59.52917382489511,26.13728944078882,0.7073538413722986,25.110870500436892,2
51.04201103951876,0.6514254756017834,123.8341499421413,14.043730744173594,39.38902491994132,29.710180001658486,0.7255267689225617,24.15588567782944,1
49.374068721004775,0.6572057441714144,98.32564080301576,32.672410508972575,32.51200203979946,22.43084749377573,0.7100869327398022,14.035093161196553,3
42.46035411133324,0.5937808983000689,77.60907743233662,30.6118710935158,44.16801574483114,33.154378017980775,0.7265184594499399,6.089424590075856,3
47.19324923133226,0.7124353359870502,92.12940288060543,22.70117692084762,51.67120788003297,38.82456902775385,0.6940220621686801,3.284804491740797,3
33.07043185804615,0.566592276902006,103.5738943362095,27.716954139359046,39.76949443914534,43.96104433954981,0.6982717880078098,11.929809192252945,3
49.0166037320525,0.65646059258936,124.58429568594102,25.015738634531633,52.78575167939374,30.455840733332195,0.7452858800248683,14.0096318492532,3
40.11408892849083,0.4980335661307884,112.06189369897668,31.149951842193417,50.82999938516868,33.941020703985934,0.817281208094822,21.503127005279794,3
38.964106827842286,0.5976447849125761,82.98929442505911,29.913415713849705,29.236188125979417,21.096871635462556,0.629996438279913,19.339027297712228,3
51.798941511534785,0.5825645742097164,149.70379833357782,17.999646384084954,33.262098943405235,37.51367163152794,0.6948093757798516,16.1370253949581,1
63.92002286344599,0.6225307922040941,105.2955062195596,27.936312067320884,49.575371632797676,33.88114252362053,0.6409769757383958,10.550776145294291,0
59.183166060023126,0.5630473071166642,125.50781475998029,23.97186073178376,12.87387436189562,27.580332775243836,0.7796012449288041,10.19610220877555,1
34.29499396376823,0.5868527404328332,96.96571132845541,25.4141628525905,38.50544306835011,36.185904001445046,0.670613101534005,16.270638435357178,3
40.10371863429663,0.6826047171441506,110.66718489410898,21.35914049515092,25.691687983753283,28.727619616773293,0.6278399603107102,18.485254894198633,1
59.40771187988216,0.5563235762761782,116.7893700903681,33.74068534560418,35.23446198566475,27.70987408492722,0.7319093499424286,16.959406311227923,1
40.175126064616904,0.439342289926132,124.36389423508513,30.20030909951288,37.01179910970796,32.376674627137454,0.7872155557371555,9.827010201966726,1
47.753668500029754,0.774958390420542,121.1473661075645,21.301144180135164,36.41755622092492,24.683227500848407,0.7331798934280381,18.25333814396043,1
55.50052099024552,0.7381454078690486,117.44394000145955,18.326946965448837,34.477387478873915,35.10812382199974,0.7102398938640958,17.129554835507058,1
40.31655545136365,0.4707737304894381,93.69826537611783,23.07163684511076,29.028563503711858,24.720050940365784,0.7204570461387997,9.646667969049108,2
51.0537550614596,0.6689707805245194,88.56507916087877,27.17251323045653,62.91911266818686,24.74972605088407,0.7707420331412776,11.078395148498721,3
36.65974505081795,0.5497025229448657,106.65215020648395,26.201029219731115,58.67462004161351,25.451551057958326,0.6562900364992925,18.442479872807834,3
43.98632356048786,0.626348721533106,118.66256144682139,31.26566412384122,28.37934179743717,33.79750018758061,0.6944076447956843,13.827462324270545,1
53.19781934142537,0.6294224129013494,95.54558598446786,28.94959861090426,55.821167513035675,26.91612319240146,0.6773654925745233,22.945736508182286,3
34.070062664683306,0.5765592199683678,121.30343931428773,29.847845128764533,36.00534509527147,23.260021078164158,0.6416067346354144,17.505646380322883,1
54.40474737960399,0.5216234334413603,129.05233490972358,26.634277003052187,41.2918747333171,26.97160000032101,0.6835812370291598,12.566844059053654,1
49.803622010733186,0.5309458947683741,81.67358161853161,18.05350634894505,39.36726040103084,29.839788146597567,0.7553860547991224,14.948971998045337,3
55.524899544171475,0.5083808084518757,83.26158592407441,24.021507344265494,33.40251358746034,24.095137581678074,0.7283301074196362,15.316916963188591,3
52.23914134064661,0.5168177791769555,97.19249882189327,30.300448699543328,49.838523436061465,24.24159445482828,0.73221552500541,11.35804843379145,3
63.64140429973844,0.5932821709950644,106.15225336378393,24.74238535737677,41.25886530576658,40.556481670497924,0.7073237805826659,10.437059009111866,3
51.25224502647907,0.5284240010889248,89.50865972465898,27.515451843118733,35.234485767807584,25.697172980930567,0.7261661891364294,18.5069494690475,3
45.70594458874747,0.6682052065712619,127.04405357734288,23.406258423769334,26.954105561995274,28.384788156134967,0.6599704828825946,19.226366485210477,1
51.222975030322836,0.7487246155335927,108.48133723036902,19.850940757290775,31.064049862808794,28.16381499600357,0.6845245057036385,18.018907347764795,3
55.43298029036388,0.5419946758629957,100.78894096481478,24.383279679769448,23.58619884397903,27.893215961147792,0.7096002118484338,22.57659047161901,3
50.48860070325704,0.6239404500535377,71.28180952262944,26.54523721516327,40.122235484151695,33.10673369984551,0.7138757929440944,12.29113381994199,3
50.405916912038826,0.6499685110302934,73.68368367144986,21.72156140269278,28.03334407715604,34.74071475236025,0.7160093927460937,23.371353830355652,3
42.980083121932445,0.6472002270919274,105.62018500563613,23.82144377571666,37.34439487481459,28.47022784234204,0.6930832358991811,10.495394407229236,3
43.37099082449052,0.6075955267916087,57.348087476903274,20.302683790070088,53.70101853610371,23.817608567038256,0.6811288299434834,9.936572183157537,3
35.97394728200307,0.6742682418359722,120.25274819288143,30.59622458782048,51.992995729215856,36.37220113924452,0.8578885641522149,6.200205589253748,3
67.4957674318694,0.6482248952680657,96.83692311255359,23.52772121205983,39.677231058973824,29.523294544016586,0.7453393636466199,12.771023430865915,3
37.56136764608715,0.47623375776727017,164.86185939189465,32.263777725630916,39.1291527385685,38.651609074285844,0.7206573737976311,12.481388315852731,1
43.07094802204092,0.6869156064389272,146.15832501232222,32.64373925270454,58.79874549421008,18.772070512174185,0.6883395750896802,17.629686401273254,3
42.81592734430802,0.6887290837266742,96.37101861504966,24.594770176391282,45.20756120358711,30.977016106416603,0.6774390586528061,16.219454708102255,3
58.949243769444415,0.5236713895821419,97.8732599493737,19.957756337263252,36.721935401234774,39.59303166938104,0.6934599703136521,9.035133144904316,3
47.05050321707972,0.6037937835447602,119.9116302800406,14.570510611333313,25.739818828795478,28.23367932280921,0.7146414421793341,13.036368807870913,1
62.477420726737336,0.668332899281107,134.06345219836075,17.639814634866042,43.93873218164743,28.87253288332682,0.6059782227968459,13.142689894561572,1
43.26509375756132,0.5790686180420638,67.23941885127967,18.1308258755067,48.293237725828625,31.477558457951694,0.6215305202312658,6.120088765190538,3
52.78994162223802,0.7072978047766012,64.27249069290627,31.892348137307522,33.683484754863564,27.206020905575215,0.6681558805530521,10.095266364933153,3
41.64652946740243,0.8363872494619361,87.55930388891237,25.57912293613473,42.912027551380326,28.439640339736336,0.7103569718389284,11.145931846929553,3
71.45149127773388,0.5214013967365018,111.65475166347728,26.948022620459938,36.36426705084971,28.310924529042985,0.6880363426424074,22.16812509910473,1
38.12401580970487,0.4618955396846225,109.93747181015195,13.89789495532437,38.159676008009974,26.862896327868135,0.7739060613049742,15.957253579786762,2
53.09820710227027,0.6303818595604875,121.395429099677,19.010167853913693,15.121779424376687,36.1442827510028,0.6258801606502116,18.3108437697375,1
56.337768809320984,0.6721562505126143,76.00604943269383,29.435398882231436,37.782185962838646,32.30539016148217,0.6624327265198314,7.50682251425394,3
54.137990974514985,0.5769133626155231,53.677122740622465,26.433870561912933,49.693693024080545,31.25314116051651,0.776004587049555,20.97107241506996,3
48.147123411222914,0.7453260663321034,117.1602839060429,24.263973606572012,33.68597444433442,34.04285503445058,0.7065559662337573,21.505510315120464,1
48.70179300266574,0.46613942002767506,83.4360745406953,27.824211793000615,40.52526368215316,28.678220833982664,0.7442421291400578,5.008275164276871,3
50.438114719791095,0.6692918623031611,59.63024271222724,33.17898903067908,32.4404929330808,26.128980908235498,0.8025623471634731,11.473416380420758,3
48.529979983715116,0.5394139179241106,102.90127491918763,23.894787682314746,43.60441676292773,26.986878476927213,0.6653097791049088,17.47882786507755,3
59.638791167949094,0.7719377906207296,115.86351376437355,25.346849013290345,37.834768024638265,30.008915205523046,0.6950342831103984,18.22194226769091,1
72.10523001591352,0.7992515353168118,97.55885735757445,25.962984593656525,30.60758459317993,24.70394145813549,0.6863786549534564,11.60752634756389,3
44.425082149921664,0.5233343412216652,90.84303227635021,36.96054817636996,53.32551467665128,27.498694917066622,0.6022703497758362,13.472502684731735,3
36.301970204209226,0.5450442864091419,96.81275535708187,14.503218677904872,49.28932013532215,27.419416790642828,0.6844801598122014,12.013094694774285,3
49.117179516487454,0.6859587886979802,92.58834475198434,28.41611507394404,33.950932360718255,40.62278114914507,0.7440531093690332,15.552090234730597,3
75.79709337654319,0.5612869350210485,73.03905776119666,24.42598875620468,44.97788309417778,16.130925300330418,0.727029477090612,20.985892657309563,3
41.963254320302696,0.5954588782067761,85.70638646019137,27.833858630920897,45.374120028203805,29.101901392971833,0.7309541584694005,11.144789214293978,3
66.39116805444067,0.602538842054241,110.42559810027629,21.713137230026376,46.42301235011176,38.62846896407385,0.681224550968025,20.004102488842072,0
66.77700814076441,0.4080326843802343,106.43357082753,24.75517484570775,23.057441040049223,30.60922232066227,0.6671951381997179,11.091639638265562,3
44.46411758292005,0.5986162253905762,103.3611961193364,28.557052897327477,50.06606541032628,33.76708736710546,0.763462783594931,10.761863937515578,3
55.689830791852756,0.5310272225935826,80.09703036293241,40.5645510052192,34.30301037074268,30.49913157549884,0.6751341426821165,19.09297309171607,3
66.28396623128538,0.5506877177600228,96.36993675728665,29.040180947010356,36.42172066558733,26.663333093917597,0.7147041019396606,19.609681890038082,3
46.20872259012513,0.7443632003468814,56.4586990711429,20.759672009847456,66.37881752260199,18.790420327455436,0.7081667340338769,19.25704968381327,3
47.964196398976384,0.4743493105720743,103.56953327770779,22.881201589886484,43.01873380721012,31.027278435181515,0.7730858508128559,8.421012958909294,3
44.18319086051356,0.6813205186747977,128.57715415627135,22.73292945808073,36.13677524552824,26.121966976988045,0.7485706178836179,12.670245109639746,1
39.852432693071336,0.5721037069668191,70.51735735915788,16.021784136849924,17.94705627244094,25.99832296917348,0.6352370689666439,19.114942960016606,3
43.50722454933993,0.5720239831504166,88.2814465336449,23.349549041492814,53.897641339463554,27.50506372010444,0.640622341661248,15.207709202819473,3
37.760597332377436,0.6790371896051711,106.5821355742026,28.664145409108727,26.547903291913975,38.72430703311747,0.7289454909034566,9.631535769012679,3
50.34083468259226,0.634005129456889,125.05685268854967,18.628839404616024,29.965610965004963,42.02418771126986,0.6967831176310416,17.29158969562721,1
42.30026768941358,0.657061299721953,91.03550767399702,30.242413255252963,36.68647700912151,31.086039687642003,0.6772414108023117,11.425963705042648,3
52.33785911790748,0.6968184660532861,86.15499341468207,27.43887410542169,54.164117917002926,27.67616388044136,0.7507813941997235,23.97262424196106,3
34.44104353796373,0.5668691616816677,60.62153715167834,21.328833390144812,47.732399866657595,24.11386791274395,0.7093729691044455,22.72420731209129,3
53.30880232214457,0.5387763265492249,102.06876258616212,24.292351813310763,38.4216249015974,32.342700807730346,0.7026228693444722,18.020487131777838,3
58.33528961608925,0.49148494734422016,140.84152080287487,32.99160903820517,43.08292063638821,38.91452800032572,0.7389914320377524,21.80503352384887,1
30.062643574285445,0.5174589470021045,105.54716923929352,28.66773906752933,33.99614307128894,28.763298064874217,0.6812445502528217,15.323956750616906,3
