timestamp_iso,timestamp_unix,soil_now,moisture_mean,moisture_delta,moisture_slope,dry_duration,temp_now,humidity_now,light_now,hour_sin,hour_cos,dow_sin,dow_cos,risk,anomaly,recovering
2026-01-01 08:00:00,1767254400,68.073,68.073,-0.834,0.0,0.0,29.035,67.173,510.926,0.8660254037844387,-0.4999999999999998,0.4338837391175582,-0.900968867902419,0,0,0
2026-01-01 08:10:00,1767255000,66.469,67.271,-1.604,-1.604,0.0,23.12,52.726,608.562,0.8660254037844387,-0.4999999999999998,0.4338837391175582,-0.900968867902419,0,0,0
2026-01-01 08:20:00,1767255600,66.497,67.013,0.028,-0.788,0.0,23.147,59.541,437.114,0.8660254037844387,-0.4999999999999998,0.4338837391175582,-0.900968867902419,0,0,0
2026-01-01 08:30:00,1767256200,65.269,66.577,-1.228,-0.935,0.0,24.743,62.814,550.608,0.8660254037844387,-0.4999999999999998,0.4338837391175582,-0.900968867902419,0,0,0
2026-01-01 08:40:00,1767256800,65.098,65.833,-0.17,-0.457,0.0,23.8,64.62,351.949,0.8660254037844387,-0.4999999999999998,0.4338837391175582,-0.900968867902419,0,0,0
2026-01-01 08:50:00,1767257400,64.282,65.287,-0.816,-0.738,0.0,21.504,61.239,614.9,0.8660254037844387,-0.4999999999999998,0.4338837391175582,-0.900968867902419,0,0,0
2026-01-01 09:00:00,1767258000,61.715,64.091,-2.568,-1.185,0.0,27.603,57.333,784.648,0.7071067811865476,-0.7071067811865475,0.4338837391175582,-0.900968867902419,0,0,0
2026-01-01 09:10:00,1767258600,61.52,63.154,-0.195,-1.193,0.0,24.887,58.698,603.994,0.7071067811865476,-0.7071067811865475,0.4338837391175582,-0.900968867902419,0,0,0
2026-01-01 09:20:00,1767259200,72.951,65.117,11.431,2.89,0.0,26.373,55.777,510.293,0.7071067811865476,-0.7071067811865475,0.4338837391175582,-0.900968867902419,0,0,1
2026-01-01 09:30:00,1767259800,72.067,67.063,-0.884,3.451,0.0,22.298,56.687,736.365,0.7071067811865476,-0.7071067811865475,0.4338837391175582,-0.900968867902419,0,0,0
2026-01-01 09:40:00,1767260400,70.482,69.255,-1.586,2.987,0.0,26.701,64.888,568.424,0.7071067811865476,-0.7071067811865475,0.4338837391175582,-0.900968867902419,0,0,0
2026-01-01 09:50:00,1767261000,68.427,70.982,-2.054,-1.508,0.0,22.044,60.816,730.459,0.7071067811865476,-0.7071067811865475,0.4338837391175582,-0.900968867902419,0,0,0
2026-01-01 22:50:00,1767307800,72.571,72.571,0.039,0.0,0.0,17.082,66.91,35.391,-0.5000000000000004,0.8660254037844384,0.4338837391175582,-0.900968867902419,0,0,0
2026-01-01 23:00:00,1767308400,72.253,72.412,-0.318,-0.318,0.0,14.728,68.626,42.407,-0.2588190451025215,0.965925826289068,0.4338837391175582,-0.900968867902419,0,0,0
2026-01-01 23:10:00,1767309000,71.771,72.198,-0.482,-0.4,0.0,17.953,77.07,92.624,-0.2588190451025215,0.965925826289068,0.4338837391175582,-0.900968867902419,0,0,0
2026-01-01 23:20:00,1767309600,70.269,71.716,-1.503,-0.768,0.0,20.049,74.293,91.135,-0.2588190451025215,0.965925826289068,0.4338837391175582,-0.900968867902419,0,0,0
2026-01-01 23:30:00,1767310200,68.636,70.732,-1.633,-1.206,0.0,21.31,74.081,135.406,-0.2588190451025215,0.965925826289068,0.4338837391175582,-0.900968867902419,0,0,0
2026-01-01 23:40:00,1767310800,66.981,69.414,-1.655,-1.597,0.0,19.379,71.389,49.54,-0.2588190451025215,0.965925826289068,0.4338837391175582,-0.900968867902419,0,0,0
2026-01-01 23:50:00,1767311400,68.081,68.491,1.1,-0.729,0.0,12.761,71.341,20.0,-0.2588190451025215,0.965925826289068,0.4338837391175582,-0.900968867902419,0,0,0
2026-01-02 00:00:00,1767312000,66.275,67.493,-1.806,-0.787,0.0,19.3,64.677,20.0,0.0,1.0,-0.433883739117558,-0.9009688679024191,0,0,0
2026-01-02 00:10:00,1767312600,66.049,66.846,-0.226,-0.311,0.0,18.635,73.264,64.215,0.0,1.0,-0.433883739117558,-0.9009688679024191,0,0,0
2026-01-02 00:20:00,1767313200,64.093,66.124,-1.956,-1.329,0.0,16.812,65.278,82.534,0.0,1.0,-0.433883739117558,-0.9009688679024191,0,0,0
2026-01-02 00:30:00,1767313800,62.338,64.689,-1.755,-1.312,0.0,15.258,71.685,56.346,0.0,1.0,-0.433883739117558,-0.9009688679024191,0,0,0
2026-01-02 00:40:00,1767314400,60.789,63.317,-1.549,-1.753,0.0,20.363,77.445,39.482,0.0,1.0,-0.433883739117558,-0.9009688679024191,0,0,0
2026-01-02 18:00:00,1767376800,46.51,46.51,0.121,0.0,0.0,17.889,74.358,96.252,-1.0,-1.8369701987210294e-16,-0.433883739117558,-0.9009688679024191,0,0,0
2026-01-02 18:10:00,1767377400,45.243,45.877,-1.266,-1.266,0.0,19.106,72.0,104.623,-1.0,-1.8369701987210294e-16,-0.433883739117558,-0.9009688679024191,0,0,0
2026-01-02 18:20:00,1767378000,44.632,45.462,-0.611,-0.939,0.0,23.186,79.867,73.19,-1.0,-1.8369701987210294e-16,-0.433883739117558,-0.9009688679024191,0,0,0
2026-01-02 18:30:00,1767378600,44.227,45.153,-0.405,-0.761,0.0,21.382,73.314,20.0,-1.0,-1.8369701987210294e-16,-0.433883739117558,-0.9009688679024191,0,0,0
2026-01-02 18:40:00,1767379200,43.161,44.316,-1.066,-0.694,0.0,19.909,66.448,144.921,-1.0,-1.8369701987210294e-16,-0.433883739117558,-0.9009688679024191,0,0,0
2026-01-02 18:50:00,1767379800,42.27,43.573,-0.891,-0.787,0.0,18.416,71.483,83.673,-1.0,-1.8369701987210294e-16,-0.433883739117558,-0.9009688679024191,0,0,0
2026-01-02 19:00:00,1767380400,41.722,42.845,-0.548,-0.835,0.0,13.867,70.816,183.004,-0.9659258262890684,0.2588190451025203,-0.433883739117558,-0.9009688679024191,0,0,0
2026-01-02 19:10:00,1767381000,42.415,42.392,0.693,-0.249,0.0,15.487,73.64,53.966,-0.9659258262890684,0.2588190451025203,-0.433883739117558,-0.9009688679024191,0,0,0
2026-01-02 19:20:00,1767381600,66.38,66.38,0.054,0.0,0.0,20.365,76.03,46.605,-0.9659258262890684,0.2588190451025203,-0.433883739117558,-0.9009688679024191,0,0,0
2026-01-02 19:20:00,1767381600,54.944,45.338,12.529,4.225,0.0,18.343,71.693,140.468,-0.9659258262890684,0.2588190451025203,-0.433883739117558,-0.9009688679024191,0,0,1
2026-01-02 19:30:00,1767382200,54.428,48.377,-0.516,4.235,0.0,22.465,77.887,120.786,-0.9659258262890684,0.2588190451025203,-0.433883739117558,-0.9009688679024191,0,0,0
2026-01-02 19:30:00,1767382200,65.455,65.918,-0.925,-0.925,0.0,15.254,78.481,151.001,-0.9659258262890684,0.2588190451025203,-0.433883739117558,-0.9009688679024191,0,0,0
2026-01-02 19:40:00,1767382800,64.209,65.348,-1.246,-1.085,0.0,18.223,78.777,20.0,-0.9659258262890684,0.2588190451025203,-0.433883739117558,-0.9009688679024191,0,0,0
2026-01-02 19:40:00,1767382800,53.745,51.383,-0.683,3.777,0.0,20.656,70.517,110.73,-0.9659258262890684,0.2588190451025203,-0.433883739117558,-0.9009688679024191,0,0,0
2026-01-02 19:50:00,1767383400,52.903,54.005,-0.842,-0.68,0.0,16.643,75.912,149.271,-0.9659258262890684,0.2588190451025203,-0.433883739117558,-0.9009688679024191,0,0,0
2026-01-02 19:50:00,1767383400,62.452,64.624,-1.757,-1.309,0.0,21.125,72.958,82.419,-0.9659258262890684,0.2588190451025203,-0.433883739117558,-0.9009688679024191,0,0,0
2026-01-02 20:00:00,1767384000,63.352,63.867,0.9,-0.701,0.0,19.995,71.418,192.085,-0.8660254037844386,0.5000000000000001,-0.433883739117558,-0.9009688679024191,0,0,0
2026-01-02 20:10:00,1767384600,63.057,63.268,-0.295,-0.384,0.0,19.635,75.651,137.171,-0.8660254037844386,0.5000000000000001,-0.433883739117558,-0.9009688679024191,0,0,0
2026-01-02 20:20:00,1767385200,61.996,62.715,-1.061,-0.152,0.0,18.678,69.501,107.646,-0.8660254037844386,0.5000000000000001,-0.433883739117558,-0.9009688679024191,0,0,0
2026-01-02 20:30:00,1767385800,59.019,61.856,-2.977,-1.444,0.0,21.493,74.311,20.0,-0.8660254037844386,0.5000000000000001,-0.433883739117558,-0.9009688679024191,0,0,0
2026-01-02 20:40:00,1767386400,58.955,60.757,-0.065,-1.368,0.0,18.44,78.225,141.639,-0.8660254037844386,0.5000000000000001,-0.433883739117558,-0.9009688679024191,0,0,0
2026-01-02 20:50:00,1767387000,56.886,59.214,-2.068,-1.703,0.0,18.104,65.054,69.967,-0.8660254037844386,0.5000000000000001,-0.433883739117558,-0.9009688679024191,0,0,0
2026-01-02 21:00:00,1767387600,56.393,57.813,-0.494,-0.876,0.0,19.566,77.221,35.135,-0.7071067811865477,0.7071067811865474,-0.433883739117558,-0.9009688679024191,0,0,0
2026-01-02 21:10:00,1767388200,55.115,56.837,-1.277,-1.28,0.0,20.206,71.258,61.337,-0.7071067811865477,0.7071067811865474,-0.433883739117558,-0.9009688679024191,0,0,0
2026-01-02 23:40:00,1767397200,69.55,69.55,-0.433,0.0,0.0,18.99,71.183,52.378,-0.2588190451025215,0.965925826289068,-0.433883739117558,-0.9009688679024191,0,0,0
2026-01-02 23:50:00,1767397800,68.787,69.168,-0.763,-0.763,0.0,20.288,61.749,86.341,-0.2588190451025215,0.965925826289068,-0.433883739117558,-0.9009688679024191,0,0,0
2026-01-03 00:00:00,1767398400,68.816,69.051,0.03,-0.367,0.0,18.044,70.329,20.0,0.0,1.0,-0.9749279121818236,-0.2225209339563146,0,0,0
2026-01-03 00:10:00,1767399000,68.916,69.017,0.099,-0.211,0.0,18.832,70.362,82.144,0.0,1.0,-0.9749279121818236,-0.2225209339563146,0,0,0
2026-01-03 00:20:00,1767399600,68.034,68.638,-0.882,-0.251,0.0,19.491,68.52,173.618,0.0,1.0,-0.9749279121818236,-0.2225209339563146,0,0,0
2026-01-03 00:30:00,1767400200,67.514,68.32,-0.52,-0.434,0.0,17.631,72.452,92.36,0.0,1.0,-0.9749279121818236,-0.2225209339563146,0,0,0
2026-01-03 00:40:00,1767400800,65.63,67.523,-1.884,-1.095,0.0,18.094,70.563,211.379,0.0,1.0,-0.9749279121818236,-0.2225209339563146,0,0,0
2026-01-03 00:50:00,1767401400,64.241,66.355,-1.389,-1.264,0.0,22.212,68.355,102.092,0.0,1.0,-0.9749279121818236,-0.2225209339563146,0,0,0
2026-01-03 01:00:00,1767402000,62.836,65.055,-1.404,-1.559,0.0,17.675,69.353,68.613,0.2588190451025207,0.9659258262890684,-0.9749279121818236,-0.2225209339563146,0,0,0
2026-01-03 01:10:00,1767402600,61.103,63.453,-1.733,-1.509,0.0,16.866,82.646,20.0,0.2588190451025207,0.9659258262890684,-0.9749279121818236,-0.2225209339563146,0,0,0
2026-01-03 01:20:00,1767403200,59.684,61.966,-1.419,-1.519,0.0,25.61,66.142,208.584,0.2588190451025207,0.9659258262890684,-0.9749279121818236,-0.2225209339563146,0,0,0
2026-01-03 01:30:00,1767403800,59.603,60.807,-0.082,-1.078,0.0,17.826,70.774,201.009,0.2588190451025207,0.9659258262890684,-0.9749279121818236,-0.2225209339563146,0,0,0
2026-01-03 11:00:00,1767438000,35.93,35.93,-3.142,0.0,0.0,29.167,50.394,934.996,0.258819045102521,-0.9659258262890682,-0.9749279121818236,-0.2225209339563146,0,0,0
2026-01-03 11:10:00,1767438600,32.7,34.315,-3.23,-3.23,0.167,30.792,54.39,914.045,0.258819045102521,-0.9659258262890682,-0.9749279121818236,-0.2225209339563146,1,0,0
2026-01-03 11:20:00,1767439200,31.99,33.54,-0.709,-1.97,0.333,29.177,51.376,875.111,0.258819045102521,-0.9659258262890682,-0.9749279121818236,-0.2225209339563146,0,0,0
2026-01-03 11:30:00,1767439800,30.222,32.71,-1.768,-1.903,0.5,28.708,49.152,877.417,0.258819045102521,-0.9659258262890682,-0.9749279121818236,-0.2225209339563146,1,0,0
2026-01-03 11:40:00,1767440400,27.981,30.723,-2.24,-1.573,0.667,29.284,40.866,866.705,0.258819045102521,-0.9659258262890682,-0.9749279121818236,-0.2225209339563146,1,0,0
2026-01-03 11:50:00,1767441000,25.765,28.99,-2.216,-2.075,0.833,30.656,52.982,843.742,0.258819045102521,-0.9659258262890682,-0.9749279121818236,-0.2225209339563146,1,0,0
2026-01-03 12:00:00,1767441600,22.434,26.601,-3.331,-2.596,1.0,26.536,58.805,795.823,1.2246467991473532e-16,-1.0,-0.9749279121818236,-0.2225209339563146,1,0,0
2026-01-03 12:10:00,1767442200,19.838,24.005,-2.596,-2.714,1.167,32.287,57.843,902.02,1.2246467991473532e-16,-1.0,-0.9749279121818236,-0.2225209339563146,1,0,0
2026-01-03 12:20:00,1767442800,18.481,21.63,-1.357,-2.428,1.333,30.818,47.206,878.164,1.2246467991473532e-16,-1.0,-0.9749279121818236,-0.2225209339563146,1,0,0
2026-01-03 12:30:00,1767443400,16.202,19.239,-2.279,-2.077,1.5,28.366,55.387,858.005,1.2246467991473532e-16,-1.0,-0.9749279121818236,-0.2225209339563146,1,0,0
2026-01-03 12:40:00,1767444000,14.141,17.166,-2.061,-1.899,1.667,30.041,56.211,889.19,1.2246467991473532e-16,-1.0,-0.9749279121818236,-0.2225209339563146,1,0,0
2026-01-03 12:50:00,1767444600,12.948,15.443,-1.194,-1.845,1.833,29.901,64.309,940.608,1.2246467991473532e-16,-1.0,-0.9749279121818236,-0.2225209339563146,2,0,0
2026-01-03 14:40:00,1767451200,45.019,45.019,-1.577,0.0,0.0,28.415,57.53,810.132,-0.4999999999999997,-0.8660254037844388,-0.9749279121818236,-0.2225209339563146,0,0,0
2026-01-03 14:50:00,1767451800,42.711,43.865,-2.308,-2.308,0.0,29.957,45.018,819.537,-0.4999999999999997,-0.8660254037844388,-0.9749279121818236,-0.2225209339563146,0,0,0
2026-01-03 15:00:00,1767452400,41.605,43.111,-1.106,-1.707,0.0,26.837,65.409,617.178,-0.7071067811865471,-0.7071067811865479,-0.9749279121818236,-0.2225209339563146,0,0,0
2026-01-03 15:10:00,1767453000,38.854,42.047,-2.75,-2.055,0.0,27.9,58.835,742.343,-0.7071067811865471,-0.7071067811865479,-0.9749279121818236,-0.2225209339563146,0,0,0
2026-01-03 15:20:00,1767453600,35.37,39.635,-3.484,-2.447,0.0,26.08,54.041,739.69,-0.7071067811865471,-0.7071067811865479,-0.9749279121818236,-0.2225209339563146,0,0,0
2026-01-03 15:30:00,1767454200,32.359,37.047,-3.011,-3.082,0.167,26.825,65.471,642.766,-0.7071067811865471,-0.7071067811865479,-0.9749279121818236,-0.2225209339563146,0,0,0
2026-01-03 15:40:00,1767454800,29.294,33.969,-3.065,-3.187,0.333,26.923,65.468,669.092,-0.7071067811865471,-0.7071067811865479,-0.9749279121818236,-0.2225209339563146,1,0,0
2026-01-03 15:50:00,1767455400,27.607,31.158,-1.687,-2.588,0.5,25.791,58.585,753.247,-0.7071067811865471,-0.7071067811865479,-0.9749279121818236,-0.2225209339563146,1,0,0
2026-01-03 16:00:00,1767456000,26.624,28.971,-0.983,-1.912,0.667,25.423,58.09,545.765,-0.8660254037844385,-0.5000000000000004,-0.9749279121818236,-0.2225209339563146,1,0,0
2026-01-03 16:10:00,1767456600,25.452,27.244,-1.173,-1.281,0.833,21.312,62.426,518.026,-0.8660254037844385,-0.5000000000000004,-0.9749279121818236,-0.2225209339563146,0,0,0
2026-01-03 16:20:00,1767457200,24.282,25.991,-1.17,-1.108,1.0,21.481,66.036,479.79,-0.8660254037844385,-0.5000000000000004,-0.9749279121818236,-0.2225209339563146,0,0,0
2026-01-03 16:30:00,1767457800,22.367,24.681,-1.915,-1.419,1.167,24.187,65.582,529.603,-0.8660254037844385,-0.5000000000000004,-0.9749279121818236,-0.2225209339563146,0,0,0
2026-01-04 18:30:00,1767551400,49.71,49.71,-0.365,0.0,0.0,17.637,74.888,44.705,-1.0,-1.8369701987210294e-16,-0.7818314824680299,0.6234898018587334,0,0,0
2026-01-04 18:40:00,1767552000,48.828,49.269,-0.882,-0.882,0.0,23.512,67.096,59.236,-1.0,-1.8369701987210294e-16,-0.7818314824680299,0.6234898018587334,0,0,0
2026-01-04 18:50:00,1767552600,47.952,48.83,-0.877,-0.879,0.0,20.391,69.844,156.502,-1.0,-1.8369701987210294e-16,-0.7818314824680299,0.6234898018587334,0,0,0
2026-01-04 19:00:00,1767553200,47.911,48.6,-0.04,-0.6,0.0,17.162,78.215,73.581,-0.9659258262890684,0.2588190451025203,-0.7818314824680299,0.6234898018587334,0,0,0
2026-01-04 19:10:00,1767553800,45.524,47.554,-2.387,-1.101,0.0,19.35,66.217,58.949,-0.9659258262890684,0.2588190451025203,-0.7818314824680299,0.6234898018587334,0,0,0
2026-01-04 19:20:00,1767554400,45.561,46.737,0.037,-0.797,0.0,16.918,72.885,55.052,-0.9659258262890684,0.2588190451025203,-0.7818314824680299,0.6234898018587334,0,0,0
2026-01-04 19:30:00,1767555000,59.365,49.59,13.804,3.818,0.0,16.119,75.579,71.132,-0.9659258262890684,0.2588190451025203,-0.7818314824680299,0.6234898018587334,0,0,1
2026-01-04 19:40:00,1767555600,58.861,52.328,-0.505,4.445,0.0,14.05,66.733,22.263,-0.9659258262890684,0.2588190451025203,-0.7818314824680299,0.6234898018587334,0,0,0
2026-01-04 19:50:00,1767556200,56.97,55.189,-1.89,3.803,0.0,16.961,70.227,20.0,-0.9659258262890684,0.2588190451025203,-0.7818314824680299,0.6234898018587334,0,0,0
2026-01-04 20:00:00,1767556800,56.287,57.871,-0.683,-1.026,0.0,18.546,68.209,51.2,-0.8660254037844386,0.5000000000000001,-0.7818314824680299,0.6234898018587334,0,0,0
2026-01-04 20:10:00,1767557400,54.552,56.667,-1.735,-1.436,0.0,20.16,71.639,94.137,-0.8660254037844386,0.5000000000000001,-0.7818314824680299,0.6234898018587334,0,0,0
2026-01-04 20:20:00,1767558000,52.954,55.191,-1.598,-1.339,0.0,23.93,65.256,52.373,-0.8660254037844386,0.5000000000000001,-0.7818314824680299,0.6234898018587334,0,0,0
2026-01-04 21:10:00,1767561000,42.61,42.61,-0.722,0.0,0.0,19.198,72.448,30.434,-0.7071067811865477,0.7071067811865474,-0.7818314824680299,0.6234898018587334,0,0,0
2026-01-04 21:20:00,1767561600,42.231,42.421,-0.379,-0.379,0.0,17.046,70.299,79.902,-0.7071067811865477,0.7071067811865474,-0.7818314824680299,0.6234898018587334,0,0,0
2026-01-04 21:30:00,1767562200,42.322,42.388,0.091,-0.144,0.0,19.863,70.911,127.095,-0.7071067811865477,0.7071067811865474,-0.7818314824680299,0.6234898018587334,0,0,0
2026-01-04 21:40:00,1767562800,43.082,42.561,0.759,0.157,0.0,22.265,81.15,32.728,-0.7071067811865477,0.7071067811865474,-0.7818314824680299,0.6234898018587334,0,0,0
2026-01-04 21:50:00,1767563400,45.423,45.423,0.131,0.0,0.0,19.702,79.43,94.346,-0.7071067811865477,0.7071067811865474,-0.7818314824680299,0.6234898018587334,0,0,0
2026-01-04 21:50:00,1767563400,42.338,42.493,-0.744,0.035,0.0,21.435,78.375,112.053,-0.7071067811865477,0.7071067811865474,-0.7818314824680299,0.6234898018587334,0,0,0
2026-01-04 22:00:00,1767564000,44.939,45.181,-0.483,-0.483,0.0,19.275,67.478,166.95,-0.5000000000000004,0.8660254037844384,-0.7818314824680299,0.6234898018587334,0,0,0
2026-01-04 22:00:00,1767564000,41.134,42.219,-1.204,-0.396,0.0,20.844,67.408,112.184,-0.5000000000000004,0.8660254037844384,-0.7818314824680299,0.6234898018587334,0,0,0
2026-01-04 22:10:00,1767564600,44.986,45.116,0.047,-0.218,0.0,20.481,73.028,187.693,-0.5000000000000004,0.8660254037844384,-0.7818314824680299,0.6234898018587334,0,0,0
2026-01-04 22:10:00,1767564600,40.058,41.653,-1.075,-1.008,0.0,16.497,69.882,20.0,-0.5000000000000004,0.8660254037844384,-0.7818314824680299,0.6234898018587334,0,0,0
2026-01-04 22:20:00,1767565200,38.446,40.494,-1.612,-1.297,0.0,20.176,70.715,118.902,-0.5000000000000004,0.8660254037844384,-0.7818314824680299,0.6234898018587334,0,0,0
2026-01-04 22:20:00,1767565200,44.302,44.913,-0.685,-0.374,0.0,22.639,75.043,134.852,-0.5000000000000004,0.8660254037844384,-0.7818314824680299,0.6234898018587334,0,0,0
2026-01-04 22:30:00,1767565800,44.958,44.796,0.656,0.006,0.0,19.866,80.608,73.637,-0.5000000000000004,0.8660254037844384,-0.7818314824680299,0.6234898018587334,0,0,0
2026-01-04 22:30:00,1767565800,36.996,39.158,-1.45,-1.379,0.0,18.932,71.068,72.872,-0.5000000000000004,0.8660254037844384,-0.7818314824680299,0.6234898018587334,0,0,0
2026-01-04 22:40:00,1767566400,36.457,37.989,-0.538,-1.2,0.0,19.225,75.279,40.628,-0.5000000000000004,0.8660254037844384,-0.7818314824680299,0.6234898018587334,0,0,0
2026-01-04 22:40:00,1767566400,44.386,44.658,-0.572,-0.2,0.0,22.726,76.002,48.251,-0.5000000000000004,0.8660254037844384,-0.7818314824680299,0.6234898018587334,0,0,0
2026-01-04 22:50:00,1767567000,43.848,44.373,-0.538,-0.151,0.0,19.757,68.678,103.219,-0.5000000000000004,0.8660254037844384,-0.7818314824680299,0.6234898018587334,0,0,0
2026-01-04 22:50:00,1767567000,35.69,36.897,-0.767,-0.918,0.0,23.713,74.796,164.821,-0.5000000000000004,0.8660254037844384,-0.7818314824680299,0.6234898018587334,0,0,0
2026-01-04 23:00:00,1767567600,36.047,36.298,0.357,-0.316,0.0,18.488,64.648,137.821,-0.2588190451025215,0.965925826289068,-0.7818314824680299,0.6234898018587334,0,0,0
2026-01-04 23:00:00,1767567600,43.875,44.267,0.027,-0.361,0.0,21.608,78.444,53.722,-0.2588190451025215,0.965925826289068,-0.7818314824680299,0.6234898018587334,0,0,0
2026-01-04 23:10:00,1767568200,43.772,43.97,-0.103,-0.205,0.0,19.956,65.821,132.908,-0.2588190451025215,0.965925826289068,-0.7818314824680299,0.6234898018587334,0,0,0
2026-01-04 23:20:00,1767568800,43.098,43.648,-0.674,-0.25,0.0,22.715,75.556,261.548,-0.2588190451025215,0.965925826289068,-0.7818314824680299,0.6234898018587334,0,0,0
2026-01-04 23:30:00,1767569400,42.419,43.291,-0.679,-0.485,0.0,16.322,67.637,20.0,-0.2588190451025215,0.965925826289068,-0.7818314824680299,0.6234898018587334,0,0,0
2026-01-04 23:40:00,1767570000,41.248,42.634,-1.17,-0.841,0.0,19.305,70.923,41.897,-0.2588190451025215,0.965925826289068,-0.7818314824680299,0.6234898018587334,0,0,0
2026-01-05 08:40:00,1767602400,51.157,51.157,-0.857,0.0,0.0,20.458,67.442,528.907,0.8660254037844387,-0.4999999999999998,0.0,1.0,0,0,0
2026-01-05 08:50:00,1767603000,50.853,51.005,-0.304,-0.304,0.0,22.841,59.911,583.737,0.8660254037844387,-0.4999999999999998,0.0,1.0,0,0,0
2026-01-05 09:00:00,1767603600,49.153,50.388,-1.701,-1.002,0.0,25.136,64.497,632.5,0.7071067811865476,-0.7071067811865475,0.0,1.0,0,0,0
2026-01-05 09:10:00,1767604200,47.482,49.661,-1.67,-1.225,0.0,24.239,61.368,735.669,0.7071067811865476,-0.7071067811865475,0.0,1.0,0,0,0
2026-01-05 09:10:00,1767604200,67.282,67.282,-1.975,0.0,0.0,23.815,56.177,743.541,0.7071067811865476,-0.7071067811865475,0.0,1.0,0,0,0
2026-01-05 09:20:00,1767604800,46.723,48.553,-0.76,-1.377,0.0,24.059,63.915,611.765,0.7071067811865476,-0.7071067811865475,0.0,1.0,0,0,0
2026-01-05 09:20:00,1767604800,67.505,67.393,0.223,0.223,0.0,26.622,67.822,757.984,0.7071067811865476,-0.7071067811865475,0.0,1.0,0,0,0
2026-01-05 09:30:00,1767605400,65.641,66.809,-1.864,-0.82,0.0,23.012,55.384,685.97,0.7071067811865476,-0.7071067811865475,0.0,1.0,0,0,0
2026-01-05 09:30:00,1767605400,45.245,47.151,-1.477,-1.302,0.0,26.19,60.66,711.849,0.7071067811865476,-0.7071067811865475,0.0,1.0,0,0,0
2026-01-05 09:40:00,1767606000,44.533,45.996,-0.713,-0.983,0.0,23.783,54.127,582.731,0.7071067811865476,-0.7071067811865475,0.0,1.0,0,0,0
2026-01-05 09:40:00,1767606000,64.838,66.316,-0.803,-0.814,0.0,25.075,53.188,607.409,0.7071067811865476,-0.7071067811865475,0.0,1.0,0,0,0
2026-01-05 09:40:00,1767606000,40.06,40.06,0.018,0.0,0.0,25.262,58.873,589.855,0.7071067811865476,-0.7071067811865475,0.0,1.0,0,0,0
2026-01-05 09:50:00,1767606600,62.256,65.06,-2.582,-1.75,0.0,24.461,59.632,877.711,0.7071067811865476,-0.7071067811865475,0.0,1.0,0,0,0
2026-01-05 09:50:00,1767606600,38.367,39.213,-1.693,-1.693,0.0,25.862,59.493,681.842,0.7071067811865476,-0.7071067811865475,0.0,1.0,0,0,0
2026-01-05 09:50:00,1767606600,43.523,45.006,-1.01,-1.067,0.0,28.494,59.706,529.207,0.7071067811865476,-0.7071067811865475,0.0,1.0,0,0,0
2026-01-05 10:00:00,1767607200,41.15,43.613,-2.373,-1.365,0.0,27.214,49.594,916.949,0.4999999999999999,-0.8660254037844387,0.0,1.0,0,0,0
2026-01-05 10:00:00,1767607200,60.487,63.305,-1.769,-1.718,0.0,27.388,49.678,894.487,0.4999999999999999,-0.8660254037844387,0.0,1.0,0,0,0
2026-01-05 10:00:00,1767607200,37.011,38.479,-1.355,-1.524,0.0,25.302,50.16,805.548,0.4999999999999999,-0.8660254037844387,0.0,1.0,0,0,0
2026-01-05 10:10:00,1767607800,56.649,61.057,-3.837,-2.73,0.0,28.413,56.889,918.486,0.4999999999999999,-0.8660254037844387,0.0,1.0,0,0,0
2026-01-05 10:10:00,1767607800,36.28,37.929,-0.731,-1.26,0.0,26.549,61.39,691.052,0.4999999999999999,-0.8660254037844387,0.0,1.0,0,0,0
2026-01-05 10:10:00,1767607800,38.542,41.937,-2.607,-1.997,0.0,28.11,56.083,801.004,0.4999999999999999,-0.8660254037844387,0.0,1.0,0,0,0
2026-01-05 10:20:00,1767608400,35.679,39.723,-2.864,-2.615,0.0,27.203,46.615,788.695,0.4999999999999999,-0.8660254037844387,0.0,1.0,0,0,0
2026-01-05 10:20:00,1767608400,34.809,36.617,-1.471,-1.186,0.167,25.104,50.993,818.846,0.4999999999999999,-0.8660254037844387,0.0,1.0,0,0,0
2026-01-05 10:20:00,1767608400,53.515,58.227,-3.134,-2.914,0.0,29.22,61.957,864.265,0.4999999999999999,-0.8660254037844387,0.0,1.0,0,0,0
2026-01-05 10:30:00,1767609000,33.933,37.326,-1.746,-2.405,0.167,29.189,50.481,772.926,0.4999999999999999,-0.8660254037844387,0.0,1.0,1,0,0
2026-01-05 10:30:00,1767609000,52.192,55.711,-1.323,-2.765,0.0,23.478,56.372,887.208,0.4999999999999999,-0.8660254037844387,0.0,1.0,0,0,0
2026-01-05 10:30:00,1767609000,31.803,34.976,-3.006,-1.736,0.333,28.994,55.75,906.235,0.4999999999999999,-0.8660254037844387,0.0,1.0,0,0,0
2026-01-05 10:40:00,1767609600,30.201,33.273,-1.602,-2.026,0.5,26.39,53.522,831.328,0.4999999999999999,-0.8660254037844387,0.0,1.0,0,0,0
2026-01-05 10:40:00,1767609600,50.484,53.21,-1.708,-2.055,0.0,26.143,54.775,686.47,0.4999999999999999,-0.8660254037844387,0.0,1.0,0,0,0
2026-01-05 10:50:00,1767610200,48.597,51.197,-1.887,-1.639,0.0,26.715,58.624,785.111,0.4999999999999999,-0.8660254037844387,0.0,1.0,0,0,0
2026-01-05 10:50:00,1767610200,28.585,31.35,-1.616,-2.075,0.667,27.417,54.402,772.157,0.4999999999999999,-0.8660254037844387,0.0,1.0,1,0,0
2026-01-05 11:00:00,1767610800,25.952,29.135,-2.633,-1.951,0.833,26.731,61.802,821.277,0.258819045102521,-0.9659258262890682,0.0,1.0,0,0,0
2026-01-05 11:00:00,1767610800,47.028,49.575,-1.568,-1.721,0.0,23.852,56.999,907.502,0.258819045102521,-0.9659258262890682,0.0,1.0,0,0,0
2026-01-05 11:10:00,1767611400,24.03,27.192,-1.922,-2.057,1.0,27.752,54.768,770.708,0.258819045102521,-0.9659258262890682,0.0,1.0,1,0,0
2026-01-05 11:20:00,1767612000,21.39,24.989,-2.64,-2.398,1.167,28.485,62.421,713.939,0.258819045102521,-0.9659258262890682,0.0,1.0,1,0,0
2026-01-05 11:30:00,1767612600,48.032,48.032,-1.886,0.0,0.0,27.588,56.368,855.993,0.258819045102521,-0.9659258262890682,0.0,1.0,0,0,0
2026-01-05 11:30:00,1767612600,20.738,23.027,-0.652,-1.738,1.333,25.905,52.982,848.335,0.258819045102521,-0.9659258262890682,0.0,1.0,1,0,0
2026-01-05 11:40:00,1767613200,45.942,46.987,-2.089,-2.089,0.0,27.934,56.839,845.097,0.258819045102521,-0.9659258262890682,0.0,1.0,0,0,0
2026-01-05 11:50:00,1767613800,44.317,46.097,-1.625,-1.857,0.0,29.271,55.584,911.464,0.258819045102521,-0.9659258262890682,0.0,1.0,0,0,0
2026-01-05 12:00:00,1767614400,41.53,44.955,-2.787,-2.167,0.0,30.449,57.178,885.846,1.2246467991473532e-16,-1.0,0.0,1.0,0,0,0
2026-01-05 12:10:00,1767615000,39.834,42.906,-1.696,-2.036,0.0,26.852,58.805,763.836,1.2246467991473532e-16,-1.0,0.0,1.0,0,0,0
2026-01-05 12:20:00,1767615600,38.569,41.063,-1.265,-1.916,0.0,27.215,55.691,718.853,1.2246467991473532e-16,-1.0,0.0,1.0,0,0,0
2026-01-05 12:30:00,1767616200,36.448,39.095,-2.121,-1.694,0.0,27.669,47.339,915.282,1.2246467991473532e-16,-1.0,0.0,1.0,0,0,0
2026-01-05 12:40:00,1767616800,34.696,37.387,-1.752,-1.713,0.167,25.83,61.543,800.649,1.2246467991473532e-16,-1.0,0.0,1.0,0,0,0
2026-01-05 12:40:00,1767616800,61.142,61.142,-3.247,0.0,0.0,27.177,52.182,1056.122,1.2246467991473532e-16,-1.0,0.0,1.0,0,0,0
2026-01-05 12:50:00,1767617400,57.666,59.404,-3.476,-3.476,0.0,26.004,53.576,921.818,1.2246467991473532e-16,-1.0,0.0,1.0,0,0,0
2026-01-05 12:50:00,1767617400,31.42,35.283,-3.276,-2.383,0.333,24.419,58.681,894.055,1.2246467991473532e-16,-1.0,0.0,1.0,0,0,0
2026-01-05 13:00:00,1767618000,28.023,32.647,-3.397,-2.808,0.5,28.154,50.981,897.214,-0.2588190451025208,-0.9659258262890684,0.0,1.0,1,0,0
2026-01-05 13:00:00,1767618000,54.272,57.694,-3.394,-3.435,0.0,28.426,56.701,911.441,-0.2588190451025208,-0.9659258262890684,0.0,1.0,0,0,0
2026-01-05 13:10:00,1767618600,50.798,55.97,-3.474,-3.448,0.0,28.959,54.56,845.022,-0.2588190451025208,-0.9659258262890684,0.0,1.0,0,0,0
2026-01-05 13:10:00,1767618600,25.447,29.896,-2.576,-3.083,0.667,26.147,59.464,848.624,-0.2588190451025208,-0.9659258262890684,0.0,1.0,1,0,0
2026-01-05 13:20:00,1767619200,71.733,71.733,-3.17,0.0,0.0,27.345,62.953,1030.385,-0.2588190451025208,-0.9659258262890684,0.0,1.0,0,0,0
2026-01-05 13:20:00,1767619200,49.583,53.08,-1.215,-2.694,0.0,28.919,53.908,926.612,-0.2588190451025208,-0.9659258262890684,0.0,1.0,0,0,0
2026-01-05 13:20:00,1767619200,24.102,27.248,-1.345,-2.439,0.833,29.614,53.948,912.118,-0.2588190451025208,-0.9659258262890684,0.0,1.0,1,0,0
2026-01-05 13:30:00,1767619800,70.44,71.087,-1.293,-1.293,0.0,25.955,55.5,923.395,-0.2588190451025208,-0.9659258262890684,0.0,1.0,0,0,0
2026-01-05 13:30:00,1767619800,48.836,50.872,-0.747,-1.812,0.0,29.194,64.282,883.071,-0.2588190451025208,-0.9659258262890684,0.0,1.0,0,0,0
2026-01-05 13:40:00,1767620400,45.154,48.593,-3.682,-1.881,0.0,30.663,49.322,836.18,-0.2588190451025208,-0.9659258262890684,0.0,1.0,0,0,0
2026-01-05 13:40:00,1767620400,67.753,69.975,-2.687,-1.99,0.0,27.658,50.101,782.6,-0.2588190451025208,-0.9659258262890684,0.0,1.0,0,0,0
2026-01-05 13:50:00,1767621000,42.243,46.454,-2.911,-2.447,0.0,27.489,51.361,930.453,-0.2588190451025208,-0.9659258262890684,0.0,1.0,0,0,0
2026-01-05 13:50:00,1767621000,65.37,68.824,-2.383,-2.121,0.0,24.462,57.024,781.641,-0.2588190451025208,-0.9659258262890684,0.0,1.0,0,0,0
2026-01-05 14:00:00,1767621600,40.537,44.192,-1.706,-2.766,0.0,31.357,57.899,754.556,-0.4999999999999997,-0.8660254037844388,0.0,1.0,0,0,0
2026-01-05 14:00:00,1767621600,61.899,66.365,-3.471,-2.847,0.0,27.339,52.842,871.061,-0.4999999999999997,-0.8660254037844388,0.0,1.0,0,0,0
2026-01-05 14:10:00,1767622200,59.57,63.648,-2.329,-2.728,0.0,31.559,58.512,840.576,-0.4999999999999997,-0.8660254037844388,0.0,1.0,0,0,0
2026-01-05 14:10:00,1767622200,37.168,41.276,-3.369,-2.662,0.0,25.367,43.153,803.105,-0.4999999999999997,-0.8660254037844388,0.0,1.0,0,0,0
2026-01-05 14:20:00,1767622800,56.831,60.917,-2.739,-2.846,0.0,28.044,62.67,873.296,-0.4999999999999997,-0.8660254037844388,0.0,1.0,0,0,0
2026-01-05 14:20:00,1767622800,35.461,38.852,-1.707,-2.261,0.0,24.404,63.036,658.637,-0.4999999999999997,-0.8660254037844388,0.0,1.0,0,0,0
2026-01-05 14:30:00,1767623400,33.501,36.667,-1.959,-2.345,0.167,28.359,51.907,844.89,-0.4999999999999997,-0.8660254037844388,0.0,1.0,0,0,0
2026-01-05 14:30:00,1767623400,54.21,58.127,-2.621,-2.563,0.0,28.376,63.903,782.584,-0.4999999999999997,-0.8660254037844388,0.0,1.0,0,0,0
2026-01-05 14:40:00,1767624000,50.283,55.223,-3.927,-3.096,0.0,26.303,61.172,838.107,-0.4999999999999997,-0.8660254037844388,0.0,1.0,0,0,0
2026-01-05 14:50:00,1767624600,47.694,52.254,-2.589,-3.046,0.0,22.154,51.593,761.352,-0.4999999999999997,-0.8660254037844388,0.0,1.0,0,0,0
2026-01-05 15:00:00,1767625200,45.604,49.448,-2.089,-2.869,0.0,24.874,54.118,758.948,-0.7071067811865471,-0.7071067811865479,0.0,1.0,0,0,0
2026-01-05 15:10:00,1767625800,43.796,46.844,-1.809,-2.162,0.0,23.543,62.065,612.724,-0.7071067811865471,-0.7071067811865479,0.0,1.0,0,0,0
2026-01-06 06:40:00,1767681600,59.117,59.117,-1.049,0.0,0.0,18.575,68.697,91.496,1.0,6.123233995736766e-17,0.7818314824680298,0.6234898018587336,0,0,0
2026-01-06 06:50:00,1767682200,57.955,58.536,-1.162,-1.162,0.0,19.014,70.609,26.251,1.0,6.123233995736766e-17,0.7818314824680298,0.6234898018587336,0,0,0
2026-01-06 07:00:00,1767682800,56.313,57.795,-1.643,-1.402,0.0,20.564,68.071,329.063,0.9659258262890684,-0.2588190451025206,0.7818314824680298,0.6234898018587336,0,0,0
2026-01-06 07:10:00,1767683400,55.17,57.139,-1.143,-1.316,0.0,18.836,69.278,277.591,0.9659258262890684,-0.2588190451025206,0.7818314824680298,0.6234898018587336,0,0,0
2026-01-06 07:20:00,1767684000,52.279,55.429,-2.891,-1.892,0.0,27.248,64.028,260.186,0.9659258262890684,-0.2588190451025206,0.7818314824680298,0.6234898018587336,0,0,0
2026-01-06 07:30:00,1767684600,52.218,53.995,-0.061,-1.365,0.0,24.002,63.932,353.147,0.9659258262890684,-0.2588190451025206,0.7818314824680298,0.6234898018587336,0,0,0
2026-01-06 07:40:00,1767685200,52.117,52.946,-0.101,-1.018,0.0,20.808,68.246,286.733,0.9659258262890684,-0.2588190451025206,0.7818314824680298,0.6234898018587336,0,0,0
2026-01-06 07:50:00,1767685800,51.531,52.036,-0.586,-0.249,0.0,20.981,77.248,252.62,0.9659258262890684,-0.2588190451025206,0.7818314824680298,0.6234898018587336,0,0,0
2026-01-06 08:00:00,1767686400,51.002,51.717,-0.529,-0.405,0.0,24.047,63.543,542.792,0.8660254037844387,-0.4999999999999998,0.7818314824680298,0.6234898018587336,0,0,0
2026-01-06 08:10:00,1767687000,49.854,51.126,-1.148,-0.754,0.0,22.112,64.928,523.473,0.8660254037844387,-0.4999999999999998,0.7818314824680298,0.6234898018587336,0,0,0
2026-01-06 08:20:00,1767687600,62.401,53.697,12.547,3.623,0.0,20.422,67.793,692.514,0.8660254037844387,-0.4999999999999998,0.7818314824680298,0.6234898018587336,0,0,1
2026-01-06 08:30:00,1767688200,60.705,55.99,-1.696,3.235,0.0,22.052,62.912,437.634,0.8660254037844387,-0.4999999999999998,0.7818314824680298,0.6234898018587336,0,0,0
2026-01-06 19:40:00,1767728400,58.787,58.787,-0.325,0.0,0.0,19.66,70.466,116.755,-0.9659258262890684,0.2588190451025203,0.7818314824680298,0.6234898018587336,0,0,0
2026-01-06 19:50:00,1767729000,57.26,58.023,-1.527,-1.527,0.0,20.392,71.28,54.155,-0.9659258262890684,0.2588190451025203,0.7818314824680298,0.6234898018587336,0,0,0
2026-01-06 20:00:00,1767729600,55.439,57.162,-1.821,-1.674,0.0,19.978,69.731,75.521,-0.8660254037844386,0.5000000000000001,0.7818314824680298,0.6234898018587336,0,0,0
2026-01-06 20:10:00,1767730200,54.277,56.44,-1.162,-1.503,0.0,20.768,70.061,188.263,-0.8660254037844386,0.5000000000000001,0.7818314824680298,0.6234898018587336,0,0,0
2026-01-06 20:20:00,1767730800,53.385,55.09,-0.891,-1.291,0.0,17.735,81.361,55.232,-0.8660254037844386,0.5000000000000001,0.7818314824680298,0.6234898018587336,0,0,0
2026-01-06 20:30:00,1767731400,52.552,53.913,-0.833,-0.962,0.0,20.036,82.355,20.0,-0.8660254037844386,0.5000000000000001,0.7818314824680298,0.6234898018587336,0,0,0
2026-01-06 20:40:00,1767732000,51.519,52.933,-1.034,-0.919,0.0,21.165,68.149,20.0,-0.8660254037844386,0.5000000000000001,0.7818314824680298,0.6234898018587336,0,0,0
2026-01-06 20:50:00,1767732600,49.625,51.77,-1.894,-1.253,0.0,21.31,71.842,188.983,-0.8660254037844386,0.5000000000000001,0.7818314824680298,0.6234898018587336,0,0,0
2026-01-06 21:00:00,1767733200,48.255,50.488,-1.37,-1.433,0.0,16.79,63.189,54.385,-0.7071067811865477,0.7071067811865474,0.7818314824680298,0.6234898018587336,0,0,0
2026-01-06 21:10:00,1767733800,47.642,49.26,-0.613,-1.292,0.0,20.489,70.123,36.403,-0.7071067811865477,0.7071067811865474,0.7818314824680298,0.6234898018587336,0,0,0
2026-01-06 21:20:00,1767734400,46.842,48.091,-0.8,-0.928,0.0,22.842,70.258,84.562,-0.7071067811865477,0.7071067811865474,0.7818314824680298,0.6234898018587336,0,0,0
2026-01-06 21:30:00,1767735000,45.89,47.157,-0.952,-0.788,0.0,18.046,77.253,186.407,-0.7071067811865477,0.7071067811865474,0.7818314824680298,0.6234898018587336,0,0,0
2026-01-06 23:30:00,1767742200,41.081,41.081,-0.715,0.0,0.0,18.605,74.899,74.676,-0.2588190451025215,0.965925826289068,0.7818314824680298,0.6234898018587336,0,0,0
2026-01-06 23:40:00,1767742800,40.659,40.87,-0.422,-0.422,0.0,18.979,65.295,20.0,-0.2588190451025215,0.965925826289068,0.7818314824680298,0.6234898018587336,0,0,0
2026-01-06 23:50:00,1767743400,40.644,40.795,-0.015,-0.218,0.0,16.062,70.082,104.382,-0.2588190451025215,0.965925826289068,0.7818314824680298,0.6234898018587336,0,0,0
2026-01-07 00:00:00,1767744000,38.557,40.235,-2.087,-0.841,0.0,17.655,64.493,20.0,0.0,1.0,0.9749279121818236,-0.2225209339563143,0,0,0
2026-01-07 00:10:00,1767744600,37.816,39.419,-0.741,-0.948,0.0,19.881,75.013,119.221,0.0,1.0,0.9749279121818236,-0.2225209339563143,0,0,0
2026-01-07 00:20:00,1767745200,36.409,38.357,-1.407,-1.412,0.0,18.12,65.393,20.0,0.0,1.0,0.9749279121818236,-0.2225209339563143,0,0,0
2026-01-07 00:30:00,1767745800,35.184,36.992,-1.225,-1.124,0.0,25.129,65.271,71.754,0.0,1.0,0.9749279121818236,-0.2225209339563143,0,0,0
2026-01-07 00:40:00,1767746400,34.093,35.876,-1.091,-1.241,0.167,18.306,76.224,52.855,0.0,1.0,0.9749279121818236,-0.2225209339563143,0,0,0
2026-01-07 00:50:00,1767747000,33.057,34.686,-1.037,-1.117,0.333,16.198,68.739,49.878,0.0,1.0,0.9749279121818236,-0.2225209339563143,0,0,0
2026-01-07 01:00:00,1767747600,30.949,33.321,-2.108,-1.412,0.5,18.531,70.739,119.126,0.2588190451025207,0.9659258262890684,0.9749279121818236,-0.2225209339563143,0,0,0
2026-01-07 01:10:00,1767748200,30.029,32.032,-0.919,-1.355,0.667,20.494,78.582,31.287,0.2588190451025207,0.9659258262890684,0.9749279121818236,-0.2225209339563143,0,0,0
2026-01-07 01:20:00,1767748800,28.847,30.72,-1.182,-1.403,0.833,19.697,70.422,78.831,0.2588190451025207,0.9659258262890684,0.9749279121818236,-0.2225209339563143,0,0,0
2026-01-07 08:00:00,1767772800,57.965,57.965,-1.521,0.0,0.0,22.813,66.903,580.423,0.8660254037844387,-0.4999999999999998,0.9749279121818236,-0.2225209339563143,0,0,0
2026-01-07 08:10:00,1767773400,56.832,57.399,-1.134,-1.134,0.0,22.901,59.517,486.943,0.8660254037844387,-0.4999999999999998,0.9749279121818236,-0.2225209339563143,0,0,0
2026-01-07 08:20:00,1767774000,55.067,56.621,-1.765,-1.449,0.0,20.197,65.123,393.655,0.8660254037844387,-0.4999999999999998,0.9749279121818236,-0.2225209339563143,0,0,0
2026-01-07 08:30:00,1767774600,54.947,56.203,-0.12,-1.006,0.0,20.958,55.942,559.665,0.8660254037844387,-0.4999999999999998,0.9749279121818236,-0.2225209339563143,0,0,0
2026-01-07 08:40:00,1767775200,52.659,54.876,-2.288,-1.391,0.0,21.632,60.448,475.653,0.8660254037844387,-0.4999999999999998,0.9749279121818236,-0.2225209339563143,0,0,0
2026-01-07 08:50:00,1767775800,50.141,53.203,-2.518,-1.642,0.0,25.687,60.997,450.627,0.8660254037844387,-0.4999999999999998,0.9749279121818236,-0.2225209339563143,0,0,0
2026-01-07 09:00:00,1767776400,49.081,51.707,-1.059,-1.955,0.0,25.122,58.421,497.349,0.7071067811865476,-0.7071067811865475,0.9749279121818236,-0.2225209339563143,0,0,0
2026-01-07 09:10:00,1767777000,46.891,49.693,-2.191,-1.923,0.0,27.005,65.532,762.371,0.7071067811865476,-0.7071067811865475,0.9749279121818236,-0.2225209339563143,0,0,0
2026-01-07 09:20:00,1767777600,46.341,46.341,-0.771,0.0,0.0,26.987,62.479,649.672,0.7071067811865476,-0.7071067811865475,0.9749279121818236,-0.2225209339563143,0,0,0
2026-01-07 09:20:00,1767777600,43.538,47.413,-3.353,-2.201,0.0,26.79,55.416,578.054,0.7071067811865476,-0.7071067811865475,0.9749279121818236,-0.2225209339563143,0,0,0
2026-01-07 09:30:00,1767778200,43.748,45.045,-2.593,-2.593,0.0,22.636,52.33,765.218,0.7071067811865476,-0.7071067811865475,0.9749279121818236,-0.2225209339563143,0,0,0
2026-01-07 09:30:00,1767778200,40.336,44.962,-3.202,-2.915,0.0,23.715,61.152,681.428,0.7071067811865476,-0.7071067811865475,0.9749279121818236,-0.2225209339563143,0,0,0
2026-01-07 09:40:00,1767778800,41.924,44.005,-1.824,-2.208,0.0,24.16,56.889,765.207,0.7071067811865476,-0.7071067811865475,0.9749279121818236,-0.2225209339563143,0,0,0
2026-01-07 09:40:00,1767778800,38.016,42.195,-2.321,-2.958,0.0,27.172,54.026,777.108,0.7071067811865476,-0.7071067811865475,0.9749279121818236,-0.2225209339563143,0,0,0
2026-01-07 09:50:00,1767779400,35.464,39.339,-2.551,-2.691,0.0,25.66,64.748,710.385,0.7071067811865476,-0.7071067811865475,0.9749279121818236,-0.2225209339563143,0,0,0
2026-01-07 09:50:00,1767779400,39.829,42.961,-2.095,-2.171,0.0,24.297,52.545,647.607,0.7071067811865476,-0.7071067811865475,0.9749279121818236,-0.2225209339563143,0,0,0
2026-01-07 10:00:00,1767780000,37.627,40.782,-2.202,-2.04,0.0,25.315,62.592,822.486,0.4999999999999999,-0.8660254037844387,0.9749279121818236,-0.2225209339563143,0,0,0
2026-01-07 10:10:00,1767780600,37.313,39.173,-0.314,-1.537,0.0,26.906,48.919,914.374,0.4999999999999999,-0.8660254037844387,0.9749279121818236,-0.2225209339563143,0,0,0
2026-01-07 10:20:00,1767781200,50.478,41.312,13.165,3.55,0.0,28.706,59.923,793.45,0.4999999999999999,-0.8660254037844387,0.9749279121818236,-0.2225209339563143,0,0,1
2026-01-07 10:30:00,1767781800,48.761,43.545,-1.718,3.711,0.0,28.127,56.297,733.111,0.4999999999999999,-0.8660254037844387,0.9749279121818236,-0.2225209339563143,0,0,0
2026-01-07 10:40:00,1767782400,48.261,46.203,-0.5,3.649,0.0,25.058,60.364,798.552,0.4999999999999999,-0.8660254037844387,0.9749279121818236,-0.2225209339563143,0,0,0
2026-01-07 10:50:00,1767783000,45.024,48.131,-3.237,-1.818,0.0,27.659,56.452,854.869,0.4999999999999999,-0.8660254037844387,0.9749279121818236,-0.2225209339563143,0,0,0
2026-01-07 11:00:00,1767783600,43.71,46.439,-1.314,-1.684,0.0,23.415,61.653,846.368,0.258819045102521,-0.9659258262890682,0.9749279121818236,-0.2225209339563143,0,0,0
2026-01-07 11:10:00,1767784200,43.615,45.152,-0.094,-1.548,0.0,24.046,54.602,747.72,0.258819045102521,-0.9659258262890682,0.9749279121818236,-0.2225209339563143,0,0,0
2026-01-07 13:00:00,1767790800,54.473,54.473,-2.69,0.0,0.0,26.338,53.17,846.521,-0.2588190451025208,-0.9659258262890684,0.9749279121818236,-0.2225209339563143,0,0,0
2026-01-07 13:10:00,1767791400,51.819,53.146,-2.653,-2.653,0.0,28.386,47.917,948.354,-0.2588190451025208,-0.9659258262890684,0.9749279121818236,-0.2225209339563143,0,0,0
2026-01-07 13:20:00,1767792000,50.013,52.102,-1.806,-2.23,0.0,25.529,47.843,913.773,-0.2588190451025208,-0.9659258262890684,0.9749279121818236,-0.2225209339563143,0,0,0
2026-01-07 13:30:00,1767792600,48.011,51.079,-2.002,-2.154,0.0,27.041,53.997,884.751,-0.2588190451025208,-0.9659258262890684,0.9749279121818236,-0.2225209339563143,0,0,0
2026-01-07 13:40:00,1767793200,46.564,49.102,-1.447,-1.752,0.0,29.446,42.053,789.072,-0.2588190451025208,-0.9659258262890684,0.9749279121818236,-0.2225209339563143,0,0,0
2026-01-07 13:50:00,1767793800,45.348,47.484,-1.216,-1.555,0.0,26.914,61.065,1071.585,-0.2588190451025208,-0.9659258262890684,0.9749279121818236,-0.2225209339563143,0,0,0
2026-01-07 14:00:00,1767794400,43.187,45.777,-2.162,-1.608,0.0,25.12,60.348,790.939,-0.4999999999999997,-0.8660254037844388,0.9749279121818236,-0.2225209339563143,0,0,0
2026-01-07 14:10:00,1767795000,53.843,47.235,10.656,2.426,0.0,25.0,54.767,853.731,-0.4999999999999997,-0.8660254037844388,0.9749279121818236,-0.2225209339563143,0,0,1
2026-01-07 14:20:00,1767795600,51.551,48.482,-2.292,2.068,0.0,26.386,54.613,923.57,-0.4999999999999997,-0.8660254037844388,0.9749279121818236,-0.2225209339563143,0,0,0
2026-01-07 14:30:00,1767796200,48.083,49.166,-3.468,1.632,0.0,27.649,57.691,743.751,-0.4999999999999997,-0.8660254037844388,0.9749279121818236,-0.2225209339563143,0,0,0
2026-01-07 14:40:00,1767796800,46.134,49.903,-1.949,-2.57,0.0,25.193,50.799,918.379,-0.4999999999999997,-0.8660254037844388,0.9749279121818236,-0.2225209339563143,0,0,0
2026-01-07 14:50:00,1767797400,43.481,47.312,-2.654,-2.69,0.0,25.857,64.521,911.621,-0.4999999999999997,-0.8660254037844388,0.9749279121818236,-0.2225209339563143,0,0,0
2026-01-07 16:30:00,1767803400,45.81,45.81,-1.614,0.0,0.0,22.667,58.283,546.714,-0.8660254037844385,-0.5000000000000004,0.9749279121818236,-0.2225209339563143,0,0,0
2026-01-07 16:40:00,1767804000,44.446,45.128,-1.364,-1.364,0.0,23.14,57.587,511.707,-0.8660254037844385,-0.5000000000000004,0.9749279121818236,-0.2225209339563143,0,0,0
2026-01-07 16:50:00,1767804600,42.238,44.165,-2.208,-1.786,0.0,23.722,71.396,519.058,-0.8660254037844385,-0.5000000000000004,0.9749279121818236,-0.2225209339563143,0,0,0
2026-01-07 17:00:00,1767805200,40.636,43.283,-1.603,-1.725,0.0,23.547,73.508,248.614,-0.9659258262890684,-0.2588190451025206,0.9749279121818236,-0.2225209339563143,0,0,0
2026-01-07 17:10:00,1767805800,40.429,41.937,-0.207,-1.339,0.0,19.575,65.47,332.829,-0.9659258262890684,-0.2588190451025206,0.9749279121818236,-0.2225209339563143,0,0,0
2026-01-07 17:20:00,1767806400,38.932,40.559,-1.497,-1.102,0.0,21.051,68.359,225.933,-0.9659258262890684,-0.2588190451025206,0.9749279121818236,-0.2225209339563143,0,0,0
2026-01-07 17:30:00,1767807000,37.426,39.356,-1.506,-1.07,0.0,21.206,73.296,316.353,-0.9659258262890684,-0.2588190451025206,0.9749279121818236,-0.2225209339563143,0,0,0
2026-01-07 17:40:00,1767807600,37.685,38.618,0.259,-0.915,0.0,20.422,72.587,183.255,-0.9659258262890684,-0.2588190451025206,0.9749279121818236,-0.2225209339563143,0,0,0
2026-01-07 17:50:00,1767808200,36.223,37.566,-1.461,-0.903,0.0,22.464,64.226,237.709,-0.9659258262890684,-0.2588190451025206,0.9749279121818236,-0.2225209339563143,0,0,0
2026-01-07 18:00:00,1767808800,35.277,36.653,-0.947,-0.716,0.0,15.069,65.495,41.913,-1.0,-1.8369701987210294e-16,0.9749279121818236,-0.2225209339563143,0,0,0
2026-01-07 18:10:00,1767809400,36.054,36.31,0.778,-0.543,0.0,16.216,80.2,59.199,-1.0,-1.8369701987210294e-16,0.9749279121818236,-0.2225209339563143,0,0,0
2026-01-07 18:10:00,1767809400,65.164,65.164,-0.794,0.0,0.0,19.256,70.419,20.0,-1.0,-1.8369701987210294e-16,0.9749279121818236,-0.2225209339563143,0,0,0
2026-01-07 18:20:00,1767810000,65.24,65.202,0.076,0.076,0.0,20.556,72.33,141.558,-1.0,-1.8369701987210294e-16,0.9749279121818236,-0.2225209339563143,0,0,0
2026-01-07 18:20:00,1767810000,36.543,36.024,0.488,0.106,0.0,17.079,70.453,97.973,-1.0,-1.8369701987210294e-16,0.9749279121818236,-0.2225209339563143,0,0,0
2026-01-07 18:30:00,1767810600,65.163,65.189,-0.078,-0.001,0.0,19.738,67.206,20.0,-1.0,-1.8369701987210294e-16,0.9749279121818236,-0.2225209339563143,0,0,0
2026-01-07 18:40:00,1767811200,64.258,64.956,-0.904,-0.302,0.0,17.638,78.113,67.06,-1.0,-1.8369701987210294e-16,0.9749279121818236,-0.2225209339563143,0,0,0
2026-01-07 18:50:00,1767811800,63.803,64.616,-0.456,-0.479,0.0,20.065,73.827,55.351,-1.0,-1.8369701987210294e-16,0.9749279121818236,-0.2225209339563143,0,0,0
2026-01-07 19:00:00,1767812400,62.342,63.892,-1.461,-0.94,0.0,18.187,69.439,229.915,-0.9659258262890684,0.2588190451025203,0.9749279121818236,-0.2225209339563143,0,0,0
2026-01-07 19:10:00,1767813000,60.902,62.826,-1.44,-1.119,0.0,18.772,67.799,159.028,-0.9659258262890684,0.2588190451025203,0.9749279121818236,-0.2225209339563143,0,0,0
2026-01-07 19:20:00,1767813600,60.3,61.837,-0.602,-1.167,0.0,20.086,68.672,132.028,-0.9659258262890684,0.2588190451025203,0.9749279121818236,-0.2225209339563143,0,0,0
2026-01-07 19:30:00,1767814200,60.002,60.887,-0.298,-0.78,0.0,20.743,73.118,95.308,-0.9659258262890684,0.2588190451025203,0.9749279121818236,-0.2225209339563143,0,0,0
2026-01-07 19:40:00,1767814800,58.945,60.037,-1.058,-0.653,0.0,20.263,64.714,100.238,-0.9659258262890684,0.2588190451025203,0.9749279121818236,-0.2225209339563143,0,0,0
2026-01-07 19:50:00,1767815400,57.471,59.18,-1.473,-0.943,0.0,18.45,79.475,35.279,-0.9659258262890684,0.2588190451025203,0.9749279121818236,-0.2225209339563143,0,0,0
2026-01-07 20:00:00,1767816000,57.16,58.395,-0.311,-0.947,0.0,18.33,72.814,20.0,-0.8660254037844386,0.5000000000000001,0.9749279121818236,-0.2225209339563143,0,0,0
2026-01-07 21:20:00,1767820800,56.718,56.718,0.809,0.0,0.0,18.577,70.563,117.604,-0.7071067811865477,0.7071067811865474,0.9749279121818236,-0.2225209339563143,0,0,0
2026-01-07 21:30:00,1767821400,56.571,56.645,-0.147,-0.147,0.0,16.691,75.274,155.629,-0.7071067811865477,0.7071067811865474,0.9749279121818236,-0.2225209339563143,0,0,0
2026-01-07 21:40:00,1767822000,56.278,56.522,-0.293,-0.22,0.0,15.059,68.924,20.0,-0.7071067811865477,0.7071067811865474,0.9749279121818236,-0.2225209339563143,0,0,0
2026-01-07 21:50:00,1767822600,54.647,56.053,-1.632,-0.691,0.0,16.047,70.831,86.786,-0.7071067811865477,0.7071067811865474,0.9749279121818236,-0.2225209339563143,0,0,0
2026-01-07 22:00:00,1767823200,53.185,55.17,-1.461,-1.129,0.0,16.619,68.706,44.924,-0.5000000000000004,0.8660254037844384,0.9749279121818236,-0.2225209339563143,0,0,0
2026-01-07 22:10:00,1767823800,51.973,54.021,-1.213,-1.435,0.0,18.28,60.989,155.792,-0.5000000000000004,0.8660254037844384,0.9749279121818236,-0.2225209339563143,0,0,0
2026-01-07 22:20:00,1767824400,51.512,52.829,-0.461,-1.045,0.0,21.995,67.717,26.705,-0.5000000000000004,0.8660254037844384,0.9749279121818236,-0.2225209339563143,0,0,0
2026-01-07 22:30:00,1767825000,51.734,52.101,0.222,-0.484,0.0,16.251,67.288,111.514,-0.5000000000000004,0.8660254037844384,0.9749279121818236,-0.2225209339563143,0,0,0
2026-01-07 22:40:00,1767825600,49.911,51.283,-1.823,-0.687,0.0,18.139,72.707,148.297,-0.5000000000000004,0.8660254037844384,0.9749279121818236,-0.2225209339563143,0,0,0
2026-01-07 22:50:00,1767826200,49.568,50.681,-0.344,-0.648,0.0,19.451,72.466,20.0,-0.5000000000000004,0.8660254037844384,0.9749279121818236,-0.2225209339563143,0,0,0
2026-01-07 23:00:00,1767826800,49.717,50.232,0.149,-0.673,0.0,19.365,66.852,20.0,-0.2588190451025215,0.965925826289068,0.9749279121818236,-0.2225209339563143,0,0,0
2026-01-07 23:10:00,1767827400,47.676,49.218,-2.04,-0.745,0.0,19.924,71.618,57.171,-0.2588190451025215,0.965925826289068,0.9749279121818236,-0.2225209339563143,0,0,0
2026-01-08 12:10:00,1767874200,34.266,34.266,-2.497,0.0,0.167,29.742,57.792,969.856,1.2246467991473532e-16,-1.0,0.4338837391175582,-0.900968867902419,0,0,0
2026-01-08 12:20:00,1767874800,32.46,33.363,-1.807,-1.807,0.333,28.256,46.311,930.033,1.2246467991473532e-16,-1.0,0.4338837391175582,-0.900968867902419,0,0,0
2026-01-08 12:30:00,1767875400,30.253,32.326,-2.207,-2.007,0.5,28.47,54.905,962.535,1.2246467991473532e-16,-1.0,0.4338837391175582,-0.900968867902419,1,0,0
2026-01-08 12:40:00,1767876000,27.74,31.18,-2.514,-2.176,0.667,25.09,56.845,916.078,1.2246467991473532e-16,-1.0,0.4338837391175582,-0.900968867902419,0,0,0
2026-01-08 12:50:00,1767876600,23.867,28.58,-3.872,-2.864,0.833,28.567,53.517,858.443,1.2246467991473532e-16,-1.0,0.4338837391175582,-0.900968867902419,1,0,0
2026-01-08 13:00:00,1767877200,22.641,26.125,-1.226,-2.537,1.0,26.791,53.786,982.883,-0.2588190451025208,-0.9659258262890684,0.4338837391175582,-0.900968867902419,1,0,0
2026-01-08 13:10:00,1767877800,21.578,23.956,-1.064,-2.054,1.167,22.148,63.281,972.56,-0.2588190451025208,-0.9659258262890684,0.4338837391175582,-0.900968867902419,1,0,0
2026-01-08 13:20:00,1767878400,41.978,41.978,-3.714,0.0,0.0,26.172,55.846,909.935,-0.2588190451025208,-0.9659258262890684,0.4338837391175582,-0.900968867902419,0,0,0
2026-01-08 13:20:00,1767878400,19.571,21.914,-2.007,-1.432,1.333,24.166,54.649,846.274,-0.2588190451025208,-0.9659258262890684,0.4338837391175582,-0.900968867902419,1,0,0
2026-01-08 13:30:00,1767879000,17.864,20.413,-1.707,-1.592,1.5,27.519,53.41,976.282,-0.2588190451025208,-0.9659258262890684,0.4338837391175582,-0.900968867902419,1,0,0
2026-01-08 13:30:00,1767879000,40.793,41.386,-1.186,-1.186,0.0,27.786,52.922,826.825,-0.2588190451025208,-0.9659258262890684,0.4338837391175582,-0.900968867902419,0,0,0
2026-01-08 13:40:00,1767879600,38.053,40.275,-2.74,-1.963,0.0,28.815,61.74,1037.22,-0.2588190451025208,-0.9659258262890684,0.4338837391175582,-0.900968867902419,0,0,0
2026-01-08 13:40:00,1767879600,16.58,18.898,-1.284,-1.666,1.667,29.768,60.912,877.238,-0.2588190451025208,-0.9659258262890684,0.4338837391175582,-0.900968867902419,1,0,0
2026-01-08 13:50:00,1767880200,14.45,17.116,-2.131,-1.707,1.833,27.397,50.823,751.252,-0.2588190451025208,-0.9659258262890684,0.4338837391175582,-0.900968867902419,1,0,0
2026-01-08 13:50:00,1767880200,35.085,38.977,-2.968,-2.298,0.0,29.503,57.268,986.342,-0.2588190451025208,-0.9659258262890684,0.4338837391175582,-0.900968867902419,0,0,0
2026-01-08 14:00:00,1767880800,13.536,15.608,-0.913,-1.443,2.0,24.716,50.008,814.67,-0.4999999999999997,-0.8660254037844388,0.4338837391175582,-0.900968867902419,1,0,0
2026-01-08 14:00:00,1767880800,31.699,36.408,-3.386,-3.031,0.167,29.486,53.447,895.758,-0.4999999999999997,-0.8660254037844388,0.4338837391175582,-0.900968867902419,0,0,0
2026-01-08 14:10:00,1767881400,29.967,33.701,-1.733,-2.695,0.333,24.935,60.5,874.201,-0.4999999999999997,-0.8660254037844388,0.4338837391175582,-0.900968867902419,0,0,0
2026-01-08 14:20:00,1767882000,35.314,33.016,5.347,0.076,0.167,23.87,64.709,925.592,-0.4999999999999997,-0.8660254037844388,0.4338837391175582,-0.900968867902419,0,0,0
2026-01-08 14:30:00,1767882600,31.578,32.14,-3.735,-0.04,0.333,25.938,51.588,884.176,-0.4999999999999997,-0.8660254037844388,0.4338837391175582,-0.900968867902419,0,0,0
2026-01-08 14:40:00,1767883200,28.25,31.277,-3.328,-0.572,0.5,24.267,57.751,751.485,-0.4999999999999997,-0.8660254037844388,0.4338837391175582,-0.900968867902419,0,0,0
2026-01-08 14:50:00,1767883800,25.68,30.206,-2.57,-3.211,0.667,27.723,54.48,885.769,-0.4999999999999997,-0.8660254037844388,0.4338837391175582,-0.900968867902419,1,0,0
2026-01-08 15:00:00,1767884400,23.268,27.194,-2.413,-2.77,0.833,23.84,56.371,676.701,-0.7071067811865471,-0.7071067811865479,0.4338837391175582,-0.900968867902419,1,0,0
2026-01-08 15:10:00,1767885000,19.961,24.29,-3.307,-2.763,1.0,26.904,54.61,754.115,-0.7071067811865471,-0.7071067811865479,0.4338837391175582,-0.900968867902419,1,0,0
2026-01-08 23:10:00,1767913800,45.773,45.773,-1.385,0.0,0.0,16.449,66.334,66.609,-0.2588190451025215,0.965925826289068,0.4338837391175582,-0.900968867902419,0,0,0
2026-01-08 23:20:00,1767914400,45.224,45.498,-0.549,-0.549,0.0,20.381,69.864,89.97,-0.2588190451025215,0.965925826289068,0.4338837391175582,-0.900968867902419,0,0,0
2026-01-08 23:30:00,1767915000,44.283,45.093,-0.94,-0.745,0.0,19.914,68.69,58.346,-0.2588190451025215,0.965925826289068,0.4338837391175582,-0.900968867902419,0,0,0
2026-01-08 23:40:00,1767915600,43.643,44.731,-0.64,-0.71,0.0,19.974,69.653,20.0,-0.2588190451025215,0.965925826289068,0.4338837391175582,-0.900968867902419,0,0,0
2026-01-08 23:50:00,1767916200,42.632,43.946,-1.011,-0.864,0.0,20.331,71.508,111.257,-0.2588190451025215,0.965925826289068,0.4338837391175582,-0.900968867902419,0,0,0
2026-01-09 00:00:00,1767916800,41.185,42.936,-1.448,-1.033,0.0,16.106,65.387,20.0,0.0,1.0,-0.433883739117558,-0.9009688679024191,0,0,0
2026-01-09 00:10:00,1767917400,40.25,41.928,-0.935,-1.131,0.0,18.244,78.496,20.0,0.0,1.0,-0.433883739117558,-0.9009688679024191,0,0,0
2026-01-09 00:20:00,1767918000,39.329,40.849,-0.921,-1.101,0.0,18.589,67.25,20.0,0.0,1.0,-0.433883739117558,-0.9009688679024191,0,0,0
2026-01-09 00:30:00,1767918600,38.204,39.742,-1.125,-0.994,0.0,19.869,73.189,20.0,0.0,1.0,-0.433883739117558,-0.9009688679024191,0,0,0
2026-01-09 00:40:00,1767919200,37.571,38.838,-0.632,-0.893,0.0,17.941,73.163,85.049,0.0,1.0,-0.433883739117558,-0.9009688679024191,0,0,0
2026-01-09 00:50:00,1767919800,37.097,38.05,-0.474,-0.744,0.0,16.953,72.896,63.245,0.0,1.0,-0.433883739117558,-0.9009688679024191,0,0,0
2026-01-09 01:00:00,1767920400,35.496,37.092,-1.601,-0.902,0.0,19.714,79.317,138.458,0.2588190451025207,0.9659258262890684,-0.433883739117558,-0.9009688679024191,0,0,0
2026-01-09 11:50:00,1767959400,59.742,59.742,-2.716,0.0,0.0,26.737,49.171,859.915,0.258819045102521,-0.9659258262890682,-0.433883739117558,-0.9009688679024191,0,0,0
2026-01-09 12:00:00,1767960000,58.469,59.106,-1.274,-1.274,0.0,27.533,51.46,759.806,1.2246467991473532e-16,-1.0,-0.433883739117558,-0.9009688679024191,0,0,0
2026-01-09 12:10:00,1767960600,57.704,58.638,-0.764,-1.019,0.0,27.083,52.827,880.465,1.2246467991473532e-16,-1.0,-0.433883739117558,-0.9009688679024191,0,0,0
2026-01-09 12:20:00,1767961200,55.981,57.974,-1.723,-1.254,0.0,25.743,46.59,879.617,1.2246467991473532e-16,-1.0,-0.433883739117558,-0.9009688679024191,0,0,0
2026-01-09 12:30:00,1767961800,53.863,56.504,-2.118,-1.535,0.0,30.083,65.986,1019.793,1.2246467991473532e-16,-1.0,-0.433883739117558,-0.9009688679024191,0,0,0
2026-01-09 12:40:00,1767962400,52.33,54.97,-1.533,-1.792,0.0,29.393,54.593,838.984,1.2246467991473532e-16,-1.0,-0.433883739117558,-0.9009688679024191,0,0,0
2026-01-09 12:50:00,1767963000,49.749,52.981,-2.58,-2.077,0.0,28.41,54.695,954.612,1.2246467991473532e-16,-1.0,-0.433883739117558,-0.9009688679024191,0,0,0
2026-01-09 13:00:00,1767963600,45.695,50.409,-4.055,-2.723,0.0,25.473,58.216,1044.558,-0.2588190451025208,-0.9659258262890684,-0.433883739117558,-0.9009688679024191,0,0,0
2026-01-09 13:10:00,1767964200,43.61,47.846,-2.084,-2.906,0.0,26.643,48.048,770.126,-0.2588190451025208,-0.9659258262890684,-0.433883739117558,-0.9009688679024191,0,0,0
2026-01-09 13:20:00,1767964800,43.012,45.516,-0.599,-2.246,0.0,26.974,52.046,771.025,-0.2588190451025208,-0.9659258262890684,-0.433883739117558,-0.9009688679024191,0,0,0
2026-01-09 13:30:00,1767965400,41.841,43.539,-1.171,-1.285,0.0,26.751,62.394,818.632,-0.2588190451025208,-0.9659258262890684,-0.433883739117558,-0.9009688679024191,0,0,0
2026-01-09 13:40:00,1767966000,38.491,41.738,-3.35,-1.706,0.0,27.223,51.923,882.342,-0.2588190451025208,-0.9659258262890684,-0.433883739117558,-0.9009688679024191,0,0,0
2026-01-09 17:50:00,1767981000,48.032,48.032,0.069,0.0,0.0,22.591,74.424,314.331,-0.9659258262890684,-0.2588190451025206,-0.433883739117558,-0.9009688679024191,0,0,0
2026-01-09 18:00:00,1767981600,48.165,48.098,0.133,0.133,0.0,16.141,73.033,58.814,-1.0,-1.8369701987210294e-16,-0.433883739117558,-0.9009688679024191,0,0,0
2026-01-09 18:10:00,1767982200,47.123,47.773,-1.041,-0.454,0.0,20.74,76.657,20.0,-1.0,-1.8369701987210294e-16,-0.433883739117558,-0.9009688679024191,0,0,0
2026-01-09 18:20:00,1767982800,45.366,47.171,-1.757,-0.888,0.0,17.629,78.357,123.958,-1.0,-1.8369701987210294e-16,-0.433883739117558,-0.9009688679024191,0,0,0
2026-01-09 18:30:00,1767983400,45.672,46.581,0.306,-0.831,0.0,17.349,73.519,69.01,-1.0,-1.8369701987210294e-16,-0.433883739117558,-0.9009688679024191,0,0,0
2026-01-09 18:40:00,1767984000,45.062,45.806,-0.61,-0.687,0.0,15.608,65.32,130.656,-1.0,-1.8369701987210294e-16,-0.433883739117558,-0.9009688679024191,0,0,0
2026-01-09 18:50:00,1767984600,44.534,45.159,-0.528,-0.277,0.0,22.811,72.529,45.134,-1.0,-1.8369701987210294e-16,-0.433883739117558,-0.9009688679024191,0,0,0
2026-01-09 19:00:00,1767985200,42.98,44.562,-1.554,-0.897,0.0,24.182,67.298,83.847,-0.9659258262890684,0.2588190451025203,-0.433883739117558,-0.9009688679024191,0,0,0
2026-01-09 19:10:00,1767985800,41.499,43.519,-1.481,-1.188,0.0,20.604,69.279,189.386,-0.9659258262890684,0.2588190451025203,-0.433883739117558,-0.9009688679024191,0,0,0
2026-01-09 19:20:00,1767986400,41.024,42.509,-0.476,-1.17,0.0,21.821,71.699,105.318,-0.9659258262890684,0.2588190451025203,-0.433883739117558,-0.9009688679024191,0,0,0
2026-01-09 19:30:00,1767987000,40.676,41.545,-0.347,-0.768,0.0,18.712,66.078,36.312,-0.9659258262890684,0.2588190451025203,-0.433883739117558,-0.9009688679024191,0,0,0
2026-01-09 19:40:00,1767987600,41.149,41.087,0.473,-0.117,0.0,20.333,71.359,149.311,-0.9659258262890684,0.2588190451025203,-0.433883739117558,-0.9009688679024191,0,0,0
2026-01-09 20:50:00,1767991800,60.137,60.137,-1.484,0.0,0.0,19.425,65.958,48.525,-0.8660254037844386,0.5000000000000001,-0.433883739117558,-0.9009688679024191,0,0,0
2026-01-09 21:00:00,1767992400,58.517,59.327,-1.62,-1.62,0.0,17.066,68.42,82.198,-0.7071067811865477,0.7071067811865474,-0.433883739117558,-0.9009688679024191,0,0,0
2026-01-09 21:10:00,1767993000,58.085,58.913,-0.432,-1.026,0.0,16.977,62.685,20.0,-0.7071067811865477,0.7071067811865474,-0.433883739117558,-0.9009688679024191,0,0,0
2026-01-09 21:20:00,1767993600,55.689,58.107,-2.396,-1.483,0.0,22.279,80.367,82.221,-0.7071067811865477,0.7071067811865474,-0.433883739117558,-0.9009688679024191,0,0,0
2026-01-09 21:30:00,1767994200,55.904,57.049,0.215,-0.871,0.0,16.614,71.433,20.0,-0.7071067811865477,0.7071067811865474,-0.433883739117558,-0.9009688679024191,0,0,0
2026-01-09 21:40:00,1767994800,54.501,56.045,-1.403,-1.195,0.0,20.41,60.781,29.94,-0.7071067811865477,0.7071067811865474,-0.433883739117558,-0.9009688679024191,0,0,0
2026-01-09 21:50:00,1767995400,53.594,54.922,-0.907,-0.698,0.0,18.594,71.293,85.482,-0.7071067811865477,0.7071067811865474,-0.433883739117558,-0.9009688679024191,0,0,0
2026-01-09 22:00:00,1767996000,53.148,54.287,-0.446,-0.919,0.0,19.299,70.578,117.809,-0.5000000000000004,0.8660254037844384,-0.433883739117558,-0.9009688679024191,0,0,0
2026-01-09 22:10:00,1767996600,51.498,53.185,-1.65,-1.001,0.0,18.881,77.81,41.078,-0.5000000000000004,0.8660254037844384,-0.433883739117558,-0.9009688679024191,0,0,0
2026-01-09 22:20:00,1767997200,52.481,52.68,0.983,-0.371,0.0,18.309,67.249,20.0,-0.5000000000000004,0.8660254037844384,-0.433883739117558,-0.9009688679024191,0,0,0
2026-01-09 22:30:00,1767997800,51.451,52.144,-1.03,-0.566,0.0,18.259,72.478,44.941,-0.5000000000000004,0.8660254037844384,-0.433883739117558,-0.9009688679024191,0,0,0
2026-01-09 22:40:00,1767998400,51.514,51.736,0.063,0.005,0.0,19.114,72.089,20.0,-0.5000000000000004,0.8660254037844384,-0.433883739117558,-0.9009688679024191,0,0,0
2026-01-11 06:20:00,1768112400,41.59,41.59,0.638,0.0,0.0,19.059,67.196,110.873,1.0,6.123233995736766e-17,-0.7818314824680299,0.6234898018587334,0,0,0
2026-01-11 06:30:00,1768113000,40.655,41.122,-0.935,-0.935,0.0,19.426,68.157,20.0,1.0,6.123233995736766e-17,-0.7818314824680299,0.6234898018587334,0,0,0
2026-01-11 06:40:00,1768113600,40.23,40.825,-0.425,-0.68,0.0,19.552,68.489,96.426,1.0,6.123233995736766e-17,-0.7818314824680299,0.6234898018587334,0,0,0
2026-01-11 06:50:00,1768114200,39.892,40.592,-0.338,-0.566,0.0,22.76,71.393,45.307,1.0,6.123233995736766e-17,-0.7818314824680299,0.6234898018587334,0,0,0
2026-01-11 07:00:00,1768114800,38.331,39.777,-1.561,-0.775,0.0,23.512,67.338,390.133,0.9659258262890684,-0.2588190451025206,-0.7818314824680299,0.6234898018587334,0,0,0
2026-01-11 07:10:00,1768115400,37.7,39.038,-0.631,-0.843,0.0,23.567,68.564,148.313,0.9659258262890684,-0.2588190451025206,-0.7818314824680299,0.6234898018587334,0,0,0
2026-01-11 07:20:00,1768116000,34.607,37.633,-3.093,-1.762,0.167,19.374,61.495,346.534,0.9659258262890684,-0.2588190451025206,-0.7818314824680299,0.6234898018587334,0,0,0
2026-01-11 07:30:00,1768116600,33.241,35.97,-1.366,-1.697,0.333,20.323,69.015,245.919,0.9659258262890684,-0.2588190451025206,-0.7818314824680299,0.6234898018587334,0,0,0
2026-01-11 07:40:00,1768117200,31.236,34.196,-2.005,-2.155,0.5,22.055,61.925,478.13,0.9659258262890684,-0.2588190451025206,-0.7818314824680299,0.6234898018587334,0,0,0
2026-01-11 07:50:00,1768117800,31.211,32.574,-0.026,-1.132,0.667,24.734,66.944,287.729,0.9659258262890684,-0.2588190451025206,-0.7818314824680299,0.6234898018587334,0,0,0
2026-01-11 08:00:00,1768118400,30.301,31.497,-0.909,-0.98,0.833,26.344,68.976,534.851,0.8660254037844387,-0.4999999999999998,-0.7818314824680299,0.6234898018587334,0,0,0
2026-01-11 08:10:00,1768119000,29.877,30.656,-0.424,-0.453,1.0,19.341,62.02,504.616,0.8660254037844387,-0.4999999999999998,-0.7818314824680299,0.6234898018587334,0,0,0
2026-01-12 18:00:00,1768240800,68.208,68.208,-0.63,0.0,0.0,22.228,74.735,46.581,-1.0,-1.8369701987210294e-16,0.0,1.0,0,0,0
2026-01-12 18:10:00,1768241400,65.472,66.84,-2.736,-2.736,0.0,23.166,78.631,75.325,-1.0,-1.8369701987210294e-16,0.0,1.0,0,0,0
2026-01-12 18:20:00,1768242000,63.673,65.784,-1.799,-2.268,0.0,22.422,73.221,20.0,-1.0,-1.8369701987210294e-16,0.0,1.0,0,0,0
2026-01-12 18:30:00,1768242600,63.404,65.189,-0.268,-1.601,0.0,16.83,72.182,20.0,-1.0,-1.8369701987210294e-16,0.0,1.0,0,0,0
2026-01-12 18:40:00,1768243200,62.542,63.773,-0.862,-0.977,0.0,21.019,64.743,53.319,-1.0,-1.8369701987210294e-16,0.0,1.0,0,0,0
2026-01-12 18:50:00,1768243800,62.281,62.975,-0.261,-0.464,0.0,18.54,71.142,200.007,-1.0,-1.8369701987210294e-16,0.0,1.0,0,0,0
2026-01-12 19:00:00,1768244400,62.015,62.561,-0.266,-0.463,0.0,18.089,71.305,64.538,-0.9659258262890684,0.2588190451025203,0.0,1.0,0,0,0
2026-01-12 19:10:00,1768245000,60.406,61.811,-1.61,-0.712,0.0,19.273,79.452,27.592,-0.9659258262890684,0.2588190451025203,0.0,1.0,0,0,0
2026-01-12 19:20:00,1768245600,60.59,61.323,0.184,-0.564,0.0,18.874,63.847,66.479,-0.9659258262890684,0.2588190451025203,0.0,1.0,0,0,0
2026-01-12 19:30:00,1768246200,60.616,60.907,0.026,-0.467,0.0,17.757,68.872,151.825,-0.9659258262890684,0.2588190451025203,0.0,1.0,0,0,0
2026-01-12 19:40:00,1768246800,74.096,63.927,13.48,4.563,0.0,20.522,70.557,94.607,-0.9659258262890684,0.2588190451025203,0.0,1.0,0,0,1
2026-01-12 19:50:00,1768247400,72.972,67.068,-1.124,4.127,0.0,21.97,70.421,31.461,-0.9659258262890684,0.2588190451025203,0.0,1.0,0,0,0
2026-01-12 22:20:00,1768256400,72.813,72.813,-0.002,0.0,0.0,17.251,66.276,40.852,-0.5000000000000004,0.8660254037844384,0.0,1.0,0,0,0
2026-01-12 22:30:00,1768257000,72.454,72.634,-0.359,-0.359,0.0,19.24,79.892,21.373,-0.5000000000000004,0.8660254037844384,0.0,1.0,0,0,0
2026-01-12 22:40:00,1768257600,72.042,72.437,-0.412,-0.386,0.0,16.29,73.327,187.055,-0.5000000000000004,0.8660254037844384,0.0,1.0,0,0,0
2026-01-12 22:50:00,1768258200,69.768,71.77,-2.274,-1.015,0.0,17.972,75.476,128.832,-0.5000000000000004,0.8660254037844384,0.0,1.0,0,0,0
2026-01-12 23:00:00,1768258800,69.856,71.03,0.088,-0.866,0.0,21.299,71.78,51.153,-0.2588190451025215,0.965925826289068,0.0,1.0,0,0,0
2026-01-12 23:10:00,1768259400,69.383,70.262,-0.473,-0.886,0.0,20.575,75.97,71.074,-0.2588190451025215,0.965925826289068,0.0,1.0,0,0,0
2026-01-12 23:20:00,1768260000,69.138,69.536,-0.245,-0.21,0.0,21.768,65.72,20.0,-0.2588190451025215,0.965925826289068,0.0,1.0,0,0,0
2026-01-12 23:30:00,1768260600,69.998,69.594,0.86,0.047,0.0,15.01,69.155,29.197,-0.2588190451025215,0.965925826289068,0.0,1.0,0,0,0
2026-01-12 23:40:00,1768261200,69.001,69.38,-0.997,-0.127,0.0,17.005,78.074,24.402,-0.2588190451025215,0.965925826289068,0.0,1.0,0,0,0
2026-01-12 23:50:00,1768261800,67.207,68.836,-1.795,-0.644,0.0,20.159,67.404,178.943,-0.2588190451025215,0.965925826289068,0.0,1.0,0,0,0
2026-01-13 00:00:00,1768262400,65.512,67.929,-1.695,-1.495,0.0,15.902,63.084,81.175,0.0,1.0,0.7818314824680298,0.6234898018587336,0,0,0
2026-01-13 00:10:00,1768263000,64.339,66.515,-1.172,-1.554,0.0,16.801,67.405,20.0,0.0,1.0,0.7818314824680298,0.6234898018587336,0,0,0
2026-01-13 11:10:00,1768302600,63.113,63.113,-2.084,0.0,0.0,30.545,54.677,875.638,0.258819045102521,-0.9659258262890682,0.7818314824680298,0.6234898018587336,0,0,0
2026-01-13 11:20:00,1768303200,61.05,62.082,-2.063,-2.063,0.0,28.428,64.255,843.338,0.258819045102521,-0.9659258262890682,0.7818314824680298,0.6234898018587336,0,0,0
2026-01-13 11:30:00,1768303800,59.077,61.08,-1.974,-2.018,0.0,28.307,55.546,949.566,0.258819045102521,-0.9659258262890682,0.7818314824680298,0.6234898018587336,0,0,0
2026-01-13 11:40:00,1768304400,56.42,59.915,-2.657,-2.231,0.0,28.188,53.693,806.385,0.258819045102521,-0.9659258262890682,0.7818314824680298,0.6234898018587336,0,0,0
2026-01-13 11:50:00,1768305000,53.294,57.46,-3.127,-2.586,0.0,24.904,58.592,849.717,0.258819045102521,-0.9659258262890682,0.7818314824680298,0.6234898018587336,0,0,0
2026-01-13 12:00:00,1768305600,50.545,54.834,-2.748,-2.844,0.0,28.317,56.364,993.579,1.2246467991473532e-16,-1.0,0.7818314824680298,0.6234898018587336,0,0,0
2026-01-13 12:10:00,1768306200,48.336,52.149,-2.209,-2.695,0.0,27.456,47.638,846.995,1.2246467991473532e-16,-1.0,0.7818314824680298,0.6234898018587336,0,0,0
2026-01-13 12:20:00,1768306800,46.332,49.627,-2.004,-2.32,0.0,28.31,55.934,942.953,1.2246467991473532e-16,-1.0,0.7818314824680298,0.6234898018587336,0,0,0
2026-01-13 12:30:00,1768307400,44.121,47.334,-2.211,-2.141,0.0,28.472,41.856,942.878,1.2246467991473532e-16,-1.0,0.7818314824680298,0.6234898018587336,0,0,0
2026-01-13 12:40:00,1768308000,41.022,44.953,-3.099,-2.438,0.0,25.426,52.421,969.483,1.2246467991473532e-16,-1.0,0.7818314824680298,0.6234898018587336,0,0,0
2026-01-13 12:50:00,1768308600,38.395,42.468,-2.627,-2.646,0.0,26.143,56.672,831.642,1.2246467991473532e-16,-1.0,0.7818314824680298,0.6234898018587336,0,0,0
2026-01-13 13:00:00,1768309200,36.609,40.037,-1.787,-2.504,0.0,29.589,58.224,964.507,-0.2588190451025208,-0.9659258262890684,0.7818314824680298,0.6234898018587336,0,0,0
2026-01-13 14:30:00,1768314600,64.994,64.994,-1.319,0.0,0.0,29.966,57.521,830.859,-0.4999999999999997,-0.8660254037844388,0.7818314824680298,0.6234898018587336,0,0,0
2026-01-13 14:40:00,1768315200,62.45,63.722,-2.544,-2.544,0.0,26.676,68.363,930.04,-0.4999999999999997,-0.8660254037844388,0.7818314824680298,0.6234898018587336,0,0,0
2026-01-13 14:50:00,1768315800,59.784,62.41,-2.666,-2.605,0.0,31.456,60.509,731.418,-0.4999999999999997,-0.8660254037844388,0.7818314824680298,0.6234898018587336,0,0,0
2026-01-13 15:00:00,1768316400,57.179,61.102,-2.605,-2.605,0.0,29.296,51.533,729.179,-0.7071067811865471,-0.7071067811865479,0.7818314824680298,0.6234898018587336,0,0,0
2026-01-13 15:10:00,1768317000,55.872,58.822,-1.307,-2.193,0.0,27.485,57.92,542.883,-0.7071067811865471,-0.7071067811865479,0.7818314824680298,0.6234898018587336,0,0,0
2026-01-13 15:20:00,1768317600,54.948,56.946,-0.924,-1.612,0.0,24.522,59.865,656.314,-0.7071067811865471,-0.7071067811865479,0.7818314824680298,0.6234898018587336,0,0,0
2026-01-13 15:30:00,1768318200,51.362,54.84,-3.586,-1.939,0.0,27.478,61.165,636.873,-0.7071067811865471,-0.7071067811865479,0.7818314824680298,0.6234898018587336,0,0,0
2026-01-13 15:40:00,1768318800,49.134,52.829,-2.228,-2.246,0.0,26.168,55.461,786.127,-0.7071067811865471,-0.7071067811865479,0.7818314824680298,0.6234898018587336,0,0,0
2026-01-13 15:50:00,1768319400,47.618,50.766,-1.516,-2.443,0.0,22.647,55.067,732.542,-0.7071067811865471,-0.7071067811865479,0.7818314824680298,0.6234898018587336,0,0,0
2026-01-13 16:00:00,1768320000,47.202,48.829,-0.416,-1.386,0.0,21.041,64.786,545.03,-0.8660254037844385,-0.5000000000000004,0.7818314824680298,0.6234898018587336,0,0,0
2026-01-13 16:10:00,1768320600,45.663,47.404,-1.54,-1.157,0.0,23.308,58.826,514.738,-0.8660254037844385,-0.5000000000000004,0.7818314824680298,0.6234898018587336,0,0,0
2026-01-13 16:20:00,1768321200,44.525,46.252,-1.137,-1.031,0.0,21.72,60.539,496.668,-0.8660254037844385,-0.5000000000000004,0.7818314824680298,0.6234898018587336,0,0,0
2026-01-13 21:20:00,1768339200,42.292,42.292,-0.621,0.0,0.0,21.639,78.083,150.664,-0.7071067811865477,0.7071067811865474,0.7818314824680298,0.6234898018587336,0,0,0
2026-01-13 21:30:00,1768339800,41.923,42.107,-0.369,-0.369,0.0,20.472,68.292,117.79,-0.7071067811865477,0.7071067811865474,0.7818314824680298,0.6234898018587336,0,0,0
2026-01-13 21:40:00,1768340400,40.493,41.569,-1.429,-0.899,0.0,18.374,74.383,65.554,-0.7071067811865477,0.7071067811865474,0.7818314824680298,0.6234898018587336,0,0,0
2026-01-13 21:50:00,1768341000,39.096,40.951,-1.398,-1.065,0.0,18.098,72.092,160.34,-0.7071067811865477,0.7071067811865474,0.7818314824680298,0.6234898018587336,0,0,0
2026-01-13 22:00:00,1768341600,37.908,39.855,-1.187,-1.338,0.0,18.519,66.101,139.722,-0.5000000000000004,0.8660254037844384,0.7818314824680298,0.6234898018587336,0,0,0
2026-01-13 22:10:00,1768342200,37.606,38.776,-0.303,-0.963,0.0,19.218,73.058,93.204,-0.5000000000000004,0.8660254037844384,0.7818314824680298,0.6234898018587336,0,0,0
2026-01-13 22:20:00,1768342800,36.469,37.77,-1.137,-0.876,0.0,17.026,84.769,111.501,-0.5000000000000004,0.8660254037844384,0.7818314824680298,0.6234898018587336,0,0,0
2026-01-13 22:30:00,1768343400,35.556,36.885,-0.913,-0.784,0.0,18.178,72.039,119.653,-0.5000000000000004,0.8660254037844384,0.7818314824680298,0.6234898018587336,0,0,0
2026-01-13 22:40:00,1768344000,35.28,36.228,-0.275,-0.775,0.0,15.702,80.764,110.701,-0.5000000000000004,0.8660254037844384,0.7818314824680298,0.6234898018587336,0,0,0
2026-01-13 22:50:00,1768344600,37.692,36.249,2.411,0.408,0.0,17.415,78.947,20.0,-0.5000000000000004,0.8660254037844384,0.7818314824680298,0.6234898018587336,0,0,0
2026-01-13 23:00:00,1768345200,37.573,36.525,-0.118,0.673,0.0,20.05,67.763,152.586,-0.2588190451025215,0.965925826289068,0.7818314824680298,0.6234898018587336,0,0,0
2026-01-13 23:10:00,1768345800,36.618,36.791,-0.956,0.446,0.0,16.453,76.879,20.0,-0.2588190451025215,0.965925826289068,0.7818314824680298,0.6234898018587336,0,0,0
2026-01-14 09:30:00,1768383000,60.961,60.961,-2.643,0.0,0.0,25.002,69.196,624.237,0.7071067811865476,-0.7071067811865475,0.9749279121818236,-0.2225209339563143,0,0,0
2026-01-14 09:40:00,1768383600,58.193,59.577,-2.768,-2.768,0.0,26.635,59.065,601.721,0.7071067811865476,-0.7071067811865475,0.9749279121818236,-0.2225209339563143,0,0,0
2026-01-14 09:50:00,1768384200,56.644,58.599,-1.549,-2.159,0.0,25.956,72.694,625.635,0.7071067811865476,-0.7071067811865475,0.9749279121818236,-0.2225209339563143,0,0,0
2026-01-14 10:00:00,1768384800,55.21,57.752,-1.434,-1.917,0.0,24.107,60.08,769.573,0.4999999999999999,-0.8660254037844387,0.9749279121818236,-0.2225209339563143,0,0,0
2026-01-14 10:10:00,1768385400,53.055,55.775,-2.155,-1.713,0.0,26.836,60.285,901.055,0.4999999999999999,-0.8660254037844387,0.9749279121818236,-0.2225209339563143,0,0,0
2026-01-14 10:20:00,1768386000,50.463,53.843,-2.592,-2.06,0.0,26.503,60.622,749.28,0.4999999999999999,-0.8660254037844387,0.9749279121818236,-0.2225209339563143,0,0,0
2026-01-14 10:30:00,1768386600,47.097,51.456,-3.365,-2.704,0.0,28.354,57.976,740.33,0.4999999999999999,-0.8660254037844387,0.9749279121818236,-0.2225209339563143,0,0,0
2026-01-14 10:40:00,1768387200,58.502,52.279,11.405,1.816,0.0,24.276,51.057,881.322,0.4999999999999999,-0.8660254037844387,0.9749279121818236,-0.2225209339563143,0,0,1
2026-01-14 10:50:00,1768387800,56.091,53.038,-2.411,1.876,0.0,27.314,53.464,850.791,0.4999999999999999,-0.8660254037844387,0.9749279121818236,-0.2225209339563143,0,0,0
2026-01-14 11:00:00,1768388400,54.552,54.061,-1.539,2.485,0.0,24.371,54.491,875.991,0.258819045102521,-0.9659258262890682,0.9749279121818236,-0.2225209339563143,0,0,0
2026-01-14 11:10:00,1768389000,51.325,55.117,-3.227,-2.392,0.0,28.854,54.316,977.372,0.258819045102521,-0.9659258262890682,0.9749279121818236,-0.2225209339563143,0,0,0
2026-01-14 11:20:00,1768389600,50.279,53.062,-1.046,-1.938,0.0,27.159,55.343,798.101,0.258819045102521,-0.9659258262890682,0.9749279121818236,-0.2225209339563143,0,0,0
2026-01-14 13:10:00,1768396200,34.992,34.992,-2.912,0.0,0.167,26.991,67.152,871.405,-0.2588190451025208,-0.9659258262890684,0.9749279121818236,-0.2225209339563143,0,0,0
2026-01-14 13:20:00,1768396800,32.907,33.95,-2.085,-2.085,0.333,28.535,47.713,1100.0,-0.2588190451025208,-0.9659258262890684,0.9749279121818236,-0.2225209339563143,0,0,0
2026-01-14 13:30:00,1768397400,31.664,33.188,-1.243,-1.664,0.5,27.271,52.414,964.671,-0.2588190451025208,-0.9659258262890684,0.9749279121818236,-0.2225209339563143,0,0,0
2026-01-14 13:40:00,1768398000,29.5,32.266,-2.163,-1.831,0.667,28.563,52.391,969.146,-0.2588190451025208,-0.9659258262890684,0.9749279121818236,-0.2225209339563143,1,0,0
2026-01-14 13:50:00,1768398600,26.913,30.246,-2.587,-1.998,0.833,31.297,58.866,910.469,-0.2588190451025208,-0.9659258262890684,0.9749279121818236,-0.2225209339563143,1,0,0
2026-01-14 14:00:00,1768399200,25.004,28.27,-1.909,-2.22,1.0,24.292,55.961,825.728,-0.4999999999999997,-0.8660254037844388,0.9749279121818236,-0.2225209339563143,1,0,0
2026-01-14 14:10:00,1768399800,23.29,26.177,-1.715,-2.07,1.167,26.837,60.28,839.759,-0.4999999999999997,-0.8660254037844388,0.9749279121818236,-0.2225209339563143,1,0,0
2026-01-14 14:20:00,1768400400,20.681,23.972,-2.609,-2.078,1.333,30.376,55.702,720.417,-0.4999999999999997,-0.8660254037844388,0.9749279121818236,-0.2225209339563143,1,0,0
2026-01-14 14:30:00,1768401000,18.57,21.886,-2.111,-2.145,1.5,29.882,63.342,781.933,-0.4999999999999997,-0.8660254037844388,0.9749279121818236,-0.2225209339563143,1,0,0
2026-01-14 14:40:00,1768401600,16.457,19.749,-2.113,-2.277,1.667,26.942,55.46,859.46,-0.4999999999999997,-0.8660254037844388,0.9749279121818236,-0.2225209339563143,1,0,0
2026-01-14 14:50:00,1768402200,24.213,19.98,7.755,1.177,1.833,27.203,59.426,833.78,-0.4999999999999997,-0.8660254037844388,0.9749279121818236,-0.2225209339563143,0,0,1
2026-01-14 15:00:00,1768402800,23.096,20.584,-1.117,1.509,2.0,24.306,53.912,640.961,-0.7071067811865471,-0.7071067811865479,0.9749279121818236,-0.2225209339563143,0,0,0
2026-01-15 08:20:00,1768465200,43.682,43.682,-0.509,0.0,0.0,21.483,71.86,453.062,0.8660254037844387,-0.4999999999999998,0.4338837391175582,-0.900968867902419,0,0,0
2026-01-15 08:30:00,1768465800,42.145,42.913,-1.537,-1.537,0.0,26.008,58.758,522.373,0.8660254037844387,-0.4999999999999998,0.4338837391175582,-0.900968867902419,0,0,0
2026-01-15 08:40:00,1768466400,40.631,42.153,-1.514,-1.525,0.0,24.138,59.872,601.771,0.8660254037844387,-0.4999999999999998,0.4338837391175582,-0.900968867902419,0,0,0
2026-01-15 08:50:00,1768467000,39.034,41.373,-1.597,-1.549,0.0,25.163,61.126,342.532,0.8660254037844387,-0.4999999999999998,0.4338837391175582,-0.900968867902419,0,0,0
2026-01-15 09:00:00,1768467600,37.501,39.828,-1.533,-1.548,0.0,26.433,68.912,778.831,0.7071067811865476,-0.7071067811865475,0.4338837391175582,-0.900968867902419,0,0,0
2026-01-15 09:10:00,1768468200,33.999,37.791,-3.502,-2.211,0.167,22.793,64.052,697.868,0.7071067811865476,-0.7071067811865475,0.4338837391175582,-0.900968867902419,0,0,0
2026-01-15 09:20:00,1768468800,33.794,36.082,-0.206,-1.747,0.333,23.784,57.013,682.646,0.7071067811865476,-0.7071067811865475,0.4338837391175582,-0.900968867902419,0,0,0
2026-01-15 09:30:00,1768469400,32.589,34.471,-1.205,-1.637,0.5,24.425,52.887,633.033,0.7071067811865476,-0.7071067811865475,0.4338837391175582,-0.900968867902419,0,0,0
2026-01-15 09:40:00,1768470000,31.735,33.029,-0.854,-0.755,0.667,25.566,61.467,543.388,0.7071067811865476,-0.7071067811865475,0.4338837391175582,-0.900968867902419,0,0,0
2026-01-15 09:50:00,1768470600,30.239,32.089,-1.495,-1.185,0.833,29.336,59.305,654.954,0.7071067811865476,-0.7071067811865475,0.4338837391175582,-0.900968867902419,0,0,0
2026-01-15 10:00:00,1768471200,27.342,30.476,-2.897,-1.749,1.0,23.883,54.101,864.415,0.4999999999999999,-0.8660254037844387,0.4338837391175582,-0.900968867902419,0,0,0
2026-01-15 10:10:00,1768471800,26.572,28.972,-0.771,-1.721,1.167,25.57,60.003,903.654,0.4999999999999999,-0.8660254037844387,0.4338837391175582,-0.900968867902419,1,0,0
2026-01-15 13:10:00,1768482600,71.126,71.126,-2.941,0.0,0.0,25.499,58.117,937.413,-0.2588190451025208,-0.9659258262890684,0.4338837391175582,-0.900968867902419,0,0,0
2026-01-15 13:20:00,1768483200,68.787,69.957,-2.339,-2.339,0.0,29.374,62.05,992.287,-0.2588190451025208,-0.9659258262890684,0.4338837391175582,-0.900968867902419,0,0,0
2026-01-15 13:30:00,1768483800,67.606,69.173,-1.182,-1.76,0.0,27.897,55.008,884.206,-0.2588190451025208,-0.9659258262890684,0.4338837391175582,-0.900968867902419,0,0,0
2026-01-15 13:40:00,1768484400,65.711,68.307,-1.895,-1.805,0.0,25.716,56.865,925.679,-0.2588190451025208,-0.9659258262890684,0.4338837391175582,-0.900968867902419,0,0,0
2026-01-15 13:50:00,1768485000,65.049,66.788,-0.661,-1.246,0.0,27.325,53.263,884.529,-0.2588190451025208,-0.9659258262890684,0.4338837391175582,-0.900968867902419,0,0,0
2026-01-15 14:00:00,1768485600,63.182,65.387,-1.867,-1.474,0.0,22.599,51.941,799.049,-0.4999999999999997,-0.8660254037844388,0.4338837391175582,-0.900968867902419,0,0,0
2026-01-15 14:10:00,1768486200,61.337,63.82,-1.845,-1.458,0.0,26.464,62.854,912.841,-0.4999999999999997,-0.8660254037844388,0.4338837391175582,-0.900968867902419,0,0,0
2026-01-15 14:20:00,1768486800,57.644,61.803,-3.693,-2.468,0.0,26.802,65.006,809.906,-0.4999999999999997,-0.8660254037844388,0.4338837391175582,-0.900968867902419,0,0,0
2026-01-15 14:30:00,1768487400,56.21,59.593,-1.434,-2.324,0.0,26.823,59.862,778.1,-0.4999999999999997,-0.8660254037844388,0.4338837391175582,-0.900968867902419,0,0,0
2026-01-15 14:40:00,1768488000,54.859,57.513,-1.351,-2.159,0.0,28.855,57.332,887.455,-0.4999999999999997,-0.8660254037844388,0.4338837391175582,-0.900968867902419,0,0,0
2026-01-15 14:50:00,1768488600,52.887,55.4,-1.973,-1.586,0.0,28.19,56.965,776.818,-0.4999999999999997,-0.8660254037844388,0.4338837391175582,-0.900968867902419,0,0,0
2026-01-15 15:00:00,1768489200,51.24,53.799,-1.646,-1.657,0.0,22.529,53.337,509.48,-0.7071067811865471,-0.7071067811865479,0.4338837391175582,-0.900968867902419,0,0,0
2026-01-15 22:50:00,1768517400,53.738,53.738,-0.929,0.0,0.0,20.444,69.03,44.631,-0.5000000000000004,0.8660254037844384,0.4338837391175582,-0.900968867902419,0,0,0
2026-01-15 23:00:00,1768518000,54.761,54.25,1.023,1.023,0.0,20.79,72.375,157.91,-0.2588190451025215,0.965925826289068,0.4338837391175582,-0.900968867902419,0,0,0
2026-01-15 23:10:00,1768518600,53.81,54.103,-0.951,0.036,0.0,16.171,79.37,20.0,-0.2588190451025215,0.965925826289068,0.4338837391175582,-0.900968867902419,0,0,0
2026-01-15 23:20:00,1768519200,53.296,53.901,-0.513,-0.147,0.0,18.095,68.065,42.023,-0.2588190451025215,0.965925826289068,0.4338837391175582,-0.900968867902419,0,0,0
2026-01-15 23:30:00,1768519800,51.239,53.277,-2.057,-1.174,0.0,19.679,69.871,110.45,-0.2588190451025215,0.965925826289068,0.4338837391175582,-0.900968867902419,0,0,0
2026-01-15 23:40:00,1768520400,49.524,51.967,-1.715,-1.428,0.0,21.956,78.701,291.866,-0.2588190451025215,0.965925826289068,0.4338837391175582,-0.900968867902419,0,0,0
2026-01-15 23:50:00,1768521000,49.695,50.939,0.171,-1.2,0.0,16.376,69.056,22.925,-0.2588190451025215,0.965925826289068,0.4338837391175582,-0.900968867902419,0,0,0
2026-01-16 00:00:00,1768521600,48.348,49.702,-1.347,-0.964,0.0,18.37,75.746,20.0,0.0,1.0,-0.433883739117558,-0.9009688679024191,0,0,0
2026-01-16 00:10:00,1768522200,46.935,48.626,-1.413,-0.863,0.0,19.782,73.271,108.129,0.0,1.0,-0.433883739117558,-0.9009688679024191,0,0,0
2026-01-16 00:20:00,1768522800,46.698,47.919,-0.237,-0.999,0.0,15.877,71.426,20.0,0.0,1.0,-0.433883739117558,-0.9009688679024191,0,0,0
2026-01-16 00:30:00,1768523400,45.538,46.88,-1.16,-0.937,0.0,20.569,62.816,99.108,0.0,1.0,-0.433883739117558,-0.9009688679024191,0,0,0
2026-01-16 00:40:00,1768524000,44.05,45.805,-1.488,-0.962,0.0,15.259,75.292,118.636,0.0,1.0,-0.433883739117558,-0.9009688679024191,0,0,0
2026-01-16 08:00:00,1768550400,36.101,36.101,-2.12,0.0,0.0,22.166,62.234,557.417,0.8660254037844387,-0.4999999999999998,-0.433883739117558,-0.9009688679024191,0,0,0
2026-01-16 08:10:00,1768551000,34.953,35.527,-1.149,-1.149,0.167,23.871,66.438,528.348,0.8660254037844387,-0.4999999999999998,-0.433883739117558,-0.9009688679024191,0,0,0
2026-01-16 08:20:00,1768551600,32.811,34.622,-2.142,-1.645,0.333,23.415,65.064,543.963,0.8660254037844387,-0.4999999999999998,-0.433883739117558,-0.9009688679024191,0,0,0
2026-01-16 08:30:00,1768552200,30.858,33.681,-1.953,-1.748,0.5,22.161,63.259,551.789,0.8660254037844387,-0.4999999999999998,-0.433883739117558,-0.9009688679024191,0,0,0
2026-01-16 08:40:00,1768552800,29.616,32.059,-1.242,-1.779,0.667,26.032,68.328,426.255,0.8660254037844387,-0.4999999999999998,-0.433883739117558,-0.9009688679024191,1,0,0
2026-01-16 08:50:00,1768553400,27.753,30.259,-1.863,-1.686,0.833,29.564,61.862,491.753,0.8660254037844387,-0.4999999999999998,-0.433883739117558,-0.9009688679024191,0,0,0
2026-01-16 09:00:00,1768554000,27.074,28.825,-0.679,-1.261,1.0,27.035,58.702,707.104,0.7071067811865476,-0.7071067811865475,-0.433883739117558,-0.9009688679024191,0,0,0
2026-01-16 09:10:00,1768554600,25.224,27.417,-1.85,-1.464,1.167,23.546,61.365,699.975,0.7071067811865476,-0.7071067811865475,-0.433883739117558,-0.9009688679024191,0,0,0
2026-01-16 09:20:00,1768555200,21.692,25.436,-3.532,-2.02,1.333,30.707,57.955,626.688,0.7071067811865476,-0.7071067811865475,-0.433883739117558,-0.9009688679024191,1,0,0
2026-01-16 09:30:00,1768555800,20.248,23.56,-1.444,-2.275,1.5,26.457,62.046,677.431,0.7071067811865476,-0.7071067811865475,-0.433883739117558,-0.9009688679024191,1,0,0
2026-01-16 09:40:00,1768556400,17.672,21.209,-2.576,-2.517,1.667,23.612,56.174,704.872,0.7071067811865476,-0.7071067811865475,-0.433883739117558,-0.9009688679024191,1,0,0
2026-01-16 09:50:00,1768557000,15.608,18.805,-2.065,-2.028,1.833,26.741,64.155,755.535,0.7071067811865476,-0.7071067811865475,-0.433883739117558,-0.9009688679024191,1,0,0
2026-01-16 22:50:00,1768603800,65.418,65.418,-1.446,0.0,0.0,17.864,69.309,31.963,-0.5000000000000004,0.8660254037844384,-0.433883739117558,-0.9009688679024191,0,0,0
2026-01-16 23:00:00,1768604400,65.957,65.688,0.539,0.539,0.0,20.747,72.985,47.594,-0.2588190451025215,0.965925826289068,-0.433883739117558,-0.9009688679024191,0,0,0
2026-01-16 23:10:00,1768605000,65.159,65.512,-0.798,-0.13,0.0,22.765,71.514,116.678,-0.2588190451025215,0.965925826289068,-0.433883739117558,-0.9009688679024191,0,0,0
2026-01-16 23:20:00,1768605600,64.972,65.377,-0.188,-0.149,0.0,19.005,68.759,188.065,-0.2588190451025215,0.965925826289068,-0.433883739117558,-0.9009688679024191,0,0,0
2026-01-16 23:30:00,1768606200,64.767,65.214,-0.205,-0.397,0.0,19.828,71.053,117.343,-0.2588190451025215,0.965925826289068,-0.433883739117558,-0.9009688679024191,0,0,0
2026-01-16 23:40:00,1768606800,64.233,64.783,-0.533,-0.309,0.0,18.074,86.311,91.407,-0.2588190451025215,0.965925826289068,-0.433883739117558,-0.9009688679024191,0,0,0
2026-01-16 23:50:00,1768607400,62.831,64.201,-1.402,-0.713,0.0,21.611,70.25,20.0,-0.2588190451025215,0.965925826289068,-0.433883739117558,-0.9009688679024191,0,0,0
2026-01-17 00:00:00,1768608000,62.227,63.515,-0.604,-0.846,0.0,21.068,72.099,125.48,0.0,1.0,-0.9749279121818236,-0.2225209339563146,0,0,0
2026-01-17 00:10:00,1768608600,61.57,62.716,-0.657,-0.888,0.0,20.65,77.472,103.548,0.0,1.0,-0.9749279121818236,-0.2225209339563146,0,0,0
2026-01-17 00:20:00,1768609200,59.397,61.506,-2.173,-1.145,0.0,21.308,63.067,69.9,0.0,1.0,-0.9749279121818236,-0.2225209339563146,0,0,0
2026-01-17 00:30:00,1768609800,58.42,60.404,-0.977,-1.269,0.0,17.27,72.502,186.409,0.0,1.0,-0.9749279121818236,-0.2225209339563146,0,0,0
2026-01-17 00:40:00,1768610400,57.521,59.227,-0.899,-1.35,0.0,17.214,66.464,101.387,0.0,1.0,-0.9749279121818236,-0.2225209339563146,0,0,0
2026-01-17 09:30:00,1768642200,47.872,47.872,-1.628,0.0,0.0,28.568,66.174,761.429,0.7071067811865476,-0.7071067811865475,-0.9749279121818236,-0.2225209339563146,0,0,0
2026-01-17 09:40:00,1768642800,46.919,47.396,-0.953,-0.953,0.0,30.412,63.114,637.971,0.7071067811865476,-0.7071067811865475,-0.9749279121818236,-0.2225209339563146,0,0,0
2026-01-17 09:50:00,1768643400,44.653,46.481,-2.266,-1.609,0.0,29.018,53.835,740.154,0.7071067811865476,-0.7071067811865475,-0.9749279121818236,-0.2225209339563146,0,0,0
2026-01-17 10:00:00,1768644000,45.072,46.129,0.419,-0.933,0.0,25.962,55.323,803.638,0.4999999999999999,-0.8660254037844387,-0.9749279121818236,-0.2225209339563146,0,0,0
2026-01-17 10:10:00,1768644600,42.84,44.871,-2.232,-1.36,0.0,28.706,60.406,715.36,0.4999999999999999,-0.8660254037844387,-0.9749279121818236,-0.2225209339563146,0,0,0
2026-01-17 10:20:00,1768645200,41.031,43.399,-1.809,-1.207,0.0,24.901,51.255,835.44,0.4999999999999999,-0.8660254037844387,-0.9749279121818236,-0.2225209339563146,0,0,0
2026-01-17 10:30:00,1768645800,39.865,42.202,-1.166,-1.736,0.0,26.005,55.963,766.522,0.4999999999999999,-0.8660254037844387,-0.9749279121818236,-0.2225209339563146,0,0,0
2026-01-17 10:40:00,1768646400,44.616,44.616,-1.77,0.0,0.0,23.851,50.155,735.956,0.4999999999999999,-0.8660254037844387,-0.9749279121818236,-0.2225209339563146,0,0,0
2026-01-17 10:40:00,1768646400,37.591,40.332,-2.274,-1.75,0.0,26.203,57.377,929.713,0.4999999999999999,-0.8660254037844387,-0.9749279121818236,-0.2225209339563146,0,0,0
2026-01-17 10:50:00,1768647000,42.005,43.311,-2.611,-2.611,0.0,30.735,52.824,776.897,0.4999999999999999,-0.8660254037844387,-0.9749279121818236,-0.2225209339563146,0,0,0
2026-01-17 10:50:00,1768647000,36.494,38.745,-1.097,-1.512,0.0,31.449,47.958,761.41,0.4999999999999999,-0.8660254037844387,-0.9749279121818236,-0.2225209339563146,0,0,0
2026-01-17 11:00:00,1768647600,33.551,36.875,-2.943,-2.105,0.167,31.162,58.902,939.707,0.258819045102521,-0.9659258262890682,-0.9749279121818236,-0.2225209339563146,0,0,0
2026-01-17 11:00:00,1768647600,38.875,41.832,-3.13,-2.871,0.0,32.688,45.804,970.39,0.258819045102521,-0.9659258262890682,-0.9749279121818236,-0.2225209339563146,1,0,0
2026-01-17 11:10:00,1768648200,36.737,40.559,-2.138,-2.626,0.0,29.627,60.721,799.751,0.258819045102521,-0.9659258262890682,-0.9749279121818236,-0.2225209339563146,0,0,0
2026-01-17 11:10:00,1768648200,31.881,34.879,-1.67,-1.904,0.333,26.719,65.205,1031.76,0.258819045102521,-0.9659258262890682,-0.9749279121818236,-0.2225209339563146,0,0,0
2026-01-17 11:20:00,1768648800,33.661,37.82,-3.077,-2.782,0.167,32.39,54.303,1024.3,0.258819045102521,-0.9659258262890682,-0.9749279121818236,-0.2225209339563146,0,0,0
2026-01-17 11:20:00,1768648800,29.216,32.786,-2.664,-2.426,0.5,28.047,44.837,838.507,0.258819045102521,-0.9659258262890682,-0.9749279121818236,-0.2225209339563146,1,0,0
2026-01-17 11:30:00,1768649400,31.628,35.225,-2.033,-2.416,0.333,25.75,53.35,969.424,0.258819045102521,-0.9659258262890682,-0.9749279121818236,-0.2225209339563146,0,0,0
2026-01-17 11:40:00,1768650000,28.52,32.636,-3.108,-2.739,0.5,33.622,54.005,920.624,0.258819045102521,-0.9659258262890682,-0.9749279121818236,-0.2225209339563146,1,0,0
2026-01-17 11:50:00,1768650600,25.779,29.897,-2.74,-2.627,0.667,31.372,55.437,917.808,0.258819045102521,-0.9659258262890682,-0.9749279121818236,-0.2225209339563146,1,0,0
2026-01-17 12:00:00,1768651200,22.763,27.173,-3.016,-2.955,0.833,25.129,55.897,816.619,1.2246467991473532e-16,-1.0,-0.9749279121818236,-0.2225209339563146,1,0,0
2026-01-17 12:10:00,1768651800,20.857,24.48,-1.906,-2.554,1.0,28.312,49.781,932.117,1.2246467991473532e-16,-1.0,-0.9749279121818236,-0.2225209339563146,1,0,0
2026-01-17 12:20:00,1768652400,18.189,21.897,-2.667,-2.53,1.167,31.177,55.773,861.024,1.2246467991473532e-16,-1.0,-0.9749279121818236,-0.2225209339563146,1,0,0
2026-01-17 12:30:00,1768653000,17.34,19.787,-0.85,-1.808,1.333,29.566,49.916,930.625,1.2246467991473532e-16,-1.0,-0.9749279121818236,-0.2225209339563146,1,0,0
2026-01-17 14:00:00,1768658400,51.602,51.602,-1.208,0.0,0.0,27.885,55.537,833.249,-0.4999999999999997,-0.8660254037844388,-0.9749279121818236,-0.2225209339563146,0,0,0
2026-01-17 14:10:00,1768659000,50.07,50.836,-1.533,-1.533,0.0,28.823,59.568,702.587,-0.4999999999999997,-0.8660254037844388,-0.9749279121818236,-0.2225209339563146,0,0,0
2026-01-17 14:20:00,1768659600,47.585,49.752,-2.485,-2.009,0.0,29.169,56.184,793.684,-0.4999999999999997,-0.8660254037844388,-0.9749279121818236,-0.2225209339563146,0,0,0
2026-01-17 14:30:00,1768660200,44.496,48.438,-3.089,-2.369,0.0,24.124,58.91,957.566,-0.4999999999999997,-0.8660254037844388,-0.9749279121818236,-0.2225209339563146,0,0,0
2026-01-17 14:40:00,1768660800,42.597,46.187,-1.899,-2.491,0.0,23.424,58.357,785.768,-0.4999999999999997,-0.8660254037844388,-0.9749279121818236,-0.2225209339563146,0,0,0
2026-01-17 14:50:00,1768661400,40.687,43.841,-1.911,-2.299,0.0,30.464,63.862,874.891,-0.4999999999999997,-0.8660254037844388,-0.9749279121818236,-0.2225209339563146,0,0,0
2026-01-17 15:00:00,1768662000,37.903,41.421,-2.784,-2.198,0.0,29.529,64.94,774.012,-0.7071067811865471,-0.7071067811865479,-0.9749279121818236,-0.2225209339563146,0,0,0
2026-01-17 15:10:00,1768662600,46.921,42.027,9.018,1.441,0.0,22.545,61.619,711.807,-0.7071067811865471,-0.7071067811865479,-0.9749279121818236,-0.2225209339563146,0,0,1
2026-01-17 15:20:00,1768663200,44.588,42.525,-2.333,1.301,0.0,26.018,61.178,693.845,-0.7071067811865471,-0.7071067811865479,-0.9749279121818236,-0.2225209339563146,0,0,0
2026-01-17 15:30:00,1768663800,43.273,43.171,-1.315,1.79,0.0,28.909,54.317,769.682,-0.7071067811865471,-0.7071067811865479,-0.9749279121818236,-0.2225209339563146,0,0,0
2026-01-17 15:40:00,1768664400,41.566,44.087,-1.708,-1.785,0.0,27.084,64.244,704.827,-0.7071067811865471,-0.7071067811865479,-0.9749279121818236,-0.2225209339563146,0,0,0
2026-01-17 15:50:00,1768665000,41.399,42.707,-0.167,-1.063,0.0,27.412,55.106,702.7,-0.7071067811865471,-0.7071067811865479,-0.9749279121818236,-0.2225209339563146,0,0,0
2026-01-17 20:40:00,1768682400,68.68,68.68,-0.251,0.0,0.0,17.225,68.043,20.0,-0.8660254037844386,0.5000000000000001,-0.9749279121818236,-0.2225209339563146,0,0,0
2026-01-17 20:50:00,1768683000,67.69,68.185,-0.99,-0.99,0.0,21.233,76.782,29.312,-0.8660254037844386,0.5000000000000001,-0.9749279121818236,-0.2225209339563146,0,0,0
2026-01-17 20:50:00,1768683000,40.178,40.178,-0.945,0.0,0.0,19.562,81.222,66.065,-0.8660254037844386,0.5000000000000001,-0.9749279121818236,-0.2225209339563146,0,0,0
2026-01-17 21:00:00,1768683600,39.036,39.607,-1.141,-1.141,0.0,20.699,71.345,177.656,-0.7071067811865477,0.7071067811865474,-0.9749279121818236,-0.2225209339563146,0,0,0
2026-01-17 21:00:00,1768683600,66.417,67.595,-1.273,-1.132,0.0,19.333,70.795,98.92,-0.7071067811865477,0.7071067811865474,-0.9749279121818236,-0.2225209339563146,0,0,0
2026-01-17 21:10:00,1768684200,38.547,39.254,-0.49,-0.816,0.0,19.904,63.311,215.663,-0.7071067811865477,0.7071067811865474,-0.9749279121818236,-0.2225209339563146,0,0,0
2026-01-17 21:10:00,1768684200,65.751,67.134,-0.666,-0.976,0.0,21.871,78.682,97.492,-0.7071067811865477,0.7071067811865474,-0.9749279121818236,-0.2225209339563146,0,0,0
2026-01-17 21:20:00,1768684800,65.069,66.232,-0.682,-0.874,0.0,20.731,85.017,152.823,-0.7071067811865477,0.7071067811865474,-0.9749279121818236,-0.2225209339563146,0,0,0
2026-01-17 21:20:00,1768684800,37.075,38.709,-1.471,-1.034,0.0,17.997,67.045,90.95,-0.7071067811865477,0.7071067811865474,-0.9749279121818236,-0.2225209339563146,0,0,0
2026-01-17 21:30:00,1768685400,36.451,37.777,-0.625,-0.862,0.0,16.443,73.921,74.984,-0.7071067811865477,0.7071067811865474,-0.9749279121818236,-0.2225209339563146,0,0,0
2026-01-17 21:30:00,1768685400,64.441,65.419,-0.628,-0.658,0.0,19.602,70.706,100.33,-0.7071067811865477,0.7071067811865474,-0.9749279121818236,-0.2225209339563146,0,0,0
2026-01-17 21:40:00,1768686000,63.279,64.635,-1.163,-0.824,0.0,20.418,69.686,160.807,-0.7071067811865477,0.7071067811865474,-0.9749279121818236,-0.2225209339563146,0,0,0
2026-01-17 21:40:00,1768686000,35.911,36.996,-0.539,-0.878,0.0,17.672,77.433,20.0,-0.7071067811865477,0.7071067811865474,-0.9749279121818236,-0.2225209339563146,0,0,0
2026-01-17 21:40:00,1768686000,68.398,68.398,-0.054,0.0,0.0,22.608,69.787,66.606,-0.7071067811865477,0.7071067811865474,-0.9749279121818236,-0.2225209339563146,0,0,0
2026-01-17 21:50:00,1768686600,34.974,36.103,-0.937,-0.7,0.167,20.455,69.658,97.133,-0.7071067811865477,0.7071067811865474,-0.9749279121818236,-0.2225209339563146,0,0,0
2026-01-17 21:50:00,1768686600,66.394,67.396,-2.004,-2.004,0.0,22.929,70.191,98.076,-0.7071067811865477,0.7071067811865474,-0.9749279121818236,-0.2225209339563146,0,0,0
2026-01-17 21:50:00,1768686600,62.637,63.856,-0.642,-0.811,0.0,18.718,76.837,196.285,-0.7071067811865477,0.7071067811865474,-0.9749279121818236,-0.2225209339563146,0,0,0
2026-01-17 22:00:00,1768687200,63.156,63.378,0.519,-0.428,0.0,18.224,67.157,71.779,-0.5000000000000004,0.8660254037844384,-0.9749279121818236,-0.2225209339563146,0,0,0
2026-01-17 22:00:00,1768687200,65.007,66.6,-1.388,-1.696,0.0,16.668,75.187,111.663,-0.5000000000000004,0.8660254037844384,-0.9749279121818236,-0.2225209339563146,0,0,0
2026-01-17 22:00:00,1768687200,34.908,35.561,-0.066,-0.514,0.333,17.356,70.959,179.021,-0.5000000000000004,0.8660254037844384,-0.9749279121818236,-0.2225209339563146,0,0,0
2026-01-17 22:10:00,1768687800,62.399,62.867,-0.757,-0.293,0.0,22.57,69.946,158.769,-0.5000000000000004,0.8660254037844384,-0.9749279121818236,-0.2225209339563146,0,0,0
2026-01-17 22:10:00,1768687800,34.213,35.002,-0.695,-0.566,0.5,18.208,78.375,204.737,-0.5000000000000004,0.8660254037844384,-0.9749279121818236,-0.2225209339563146,0,0,0
2026-01-17 22:10:00,1768687800,63.389,65.797,-1.618,-1.67,0.0,18.227,63.568,20.0,-0.5000000000000004,0.8660254037844384,-0.9749279121818236,-0.2225209339563146,0,0,0
2026-01-17 22:20:00,1768688400,62.595,64.346,-0.794,-1.266,0.0,19.293,71.204,67.454,-0.5000000000000004,0.8660254037844384,-0.9749279121818236,-0.2225209339563146,0,0,0
2026-01-17 22:20:00,1768688400,34.28,34.594,0.067,-0.231,0.667,17.272,74.75,135.18,-0.5000000000000004,0.8660254037844384,-0.9749279121818236,-0.2225209339563146,0,0,0
2026-01-17 22:20:00,1768688400,61.136,62.332,-1.263,-0.5,0.0,19.429,74.938,20.0,-0.5000000000000004,0.8660254037844384,-0.9749279121818236,-0.2225209339563146,0,0,0
2026-01-17 22:30:00,1768689000,60.309,61.75,-0.827,-0.949,0.0,24.023,62.83,67.864,-0.5000000000000004,0.8660254037844384,-0.9749279121818236,-0.2225209339563146,0,0,0
2026-01-17 22:30:00,1768689000,33.71,34.278,-0.57,-0.399,0.833,16.657,75.418,62.758,-0.5000000000000004,0.8660254037844384,-0.9749279121818236,-0.2225209339563146,0,0,0
2026-01-17 22:30:00,1768689000,61.971,63.24,-0.624,-1.012,0.0,21.125,73.925,129.479,-0.5000000000000004,0.8660254037844384,-0.9749279121818236,-0.2225209339563146,0,0,0
2026-01-17 22:40:00,1768689600,32.966,33.792,-0.744,-0.416,1.0,20.109,69.207,57.191,-0.5000000000000004,0.8660254037844384,-0.9749279121818236,-0.2225209339563146,0,0,0
2026-01-17 22:40:00,1768689600,60.385,62.085,-1.586,-1.001,0.0,19.626,70.465,222.455,-0.5000000000000004,0.8660254037844384,-0.9749279121818236,-0.2225209339563146,0,0,0
2026-01-17 22:50:00,1768690200,59.696,61.162,-0.689,-0.967,0.0,18.022,71.647,20.0,-0.5000000000000004,0.8660254037844384,-0.9749279121818236,-0.2225209339563146,0,0,0
2026-01-17 23:00:00,1768690800,58.451,60.126,-1.245,-1.173,0.0,21.6,75.697,26.413,-0.2588190451025215,0.965925826289068,-0.9749279121818236,-0.2225209339563146,0,0,0
2026-01-17 23:10:00,1768691400,57.422,58.988,-1.029,-0.988,0.0,20.176,64.759,118.39,-0.2588190451025215,0.965925826289068,-0.9749279121818236,-0.2225209339563146,0,0,0
2026-01-17 23:20:00,1768692000,57.517,58.271,0.094,-0.726,0.0,20.18,64.726,20.0,-0.2588190451025215,0.965925826289068,-0.9749279121818236,-0.2225209339563146,0,0,0
2026-01-17 23:30:00,1768692600,55.581,57.243,-1.936,-0.957,0.0,20.527,59.95,62.324,-0.2588190451025215,0.965925826289068,-0.9749279121818236,-0.2225209339563146,0,0,0
2026-01-18 13:20:00,1768742400,33.422,33.422,-1.948,0.0,0.167,29.738,56.056,822.464,-0.2588190451025208,-0.9659258262890684,-0.7818314824680299,0.6234898018587334,0,0,0
2026-01-18 13:30:00,1768743000,31.489,32.455,-1.932,-1.932,0.333,24.136,56.494,896.972,-0.2588190451025208,-0.9659258262890684,-0.7818314824680299,0.6234898018587334,0,0,0
2026-01-18 13:40:00,1768743600,28.371,31.094,-3.118,-2.525,0.5,27.978,63.435,893.711,-0.2588190451025208,-0.9659258262890684,-0.7818314824680299,0.6234898018587334,1,0,0
2026-01-18 13:50:00,1768744200,25.97,29.813,-2.401,-2.484,0.667,27.378,55.997,824.683,-0.2588190451025208,-0.9659258262890684,-0.7818314824680299,0.6234898018587334,1,0,0
2026-01-18 14:00:00,1768744800,23.635,27.366,-2.336,-2.618,0.833,26.607,60.832,839.412,-0.4999999999999997,-0.8660254037844388,-0.7818314824680299,0.6234898018587334,1,0,0
2026-01-18 14:10:00,1768745400,21.66,24.909,-1.975,-2.237,1.0,28.048,59.633,841.413,-0.4999999999999997,-0.8660254037844388,-0.7818314824680299,0.6234898018587334,1,0,0
2026-01-18 14:20:00,1768746000,18.145,22.352,-3.515,-2.608,1.167,25.457,49.273,793.346,-0.4999999999999997,-0.8660254037844388,-0.7818314824680299,0.6234898018587334,1,0,0
2026-01-18 14:30:00,1768746600,16.723,20.04,-1.422,-2.304,1.333,29.982,52.307,661.227,-0.4999999999999997,-0.8660254037844388,-0.7818314824680299,0.6234898018587334,1,0,0
2026-01-18 14:40:00,1768747200,14.06,17.647,-2.663,-2.533,1.5,30.502,59.978,799.665,-0.4999999999999997,-0.8660254037844388,-0.7818314824680299,0.6234898018587334,1,0,0
2026-01-18 14:50:00,1768747800,11.583,15.128,-2.476,-2.187,1.667,30.373,54.67,723.547,-0.4999999999999997,-0.8660254037844388,-0.7818314824680299,0.6234898018587334,1,0,0
2026-01-18 15:00:00,1768748400,23.731,16.524,12.148,2.336,1.833,26.979,57.174,589.842,-0.7071067811865471,-0.7071067811865479,-0.7818314824680299,0.6234898018587334,0,0,1
2026-01-18 15:10:00,1768749000,21.788,17.79,-1.943,2.576,2.0,27.446,61.242,651.125,-0.7071067811865471,-0.7071067811865479,-0.7818314824680299,0.6234898018587334,1,0,0
2026-01-18 17:40:00,1768758000,65.75,65.75,-2.429,0.0,0.0,22.558,68.097,246.283,-0.9659258262890684,-0.2588190451025206,-0.7818314824680299,0.6234898018587334,0,0,0
2026-01-18 17:50:00,1768758600,63.111,64.431,-2.639,-2.639,0.0,23.404,67.928,336.013,-0.9659258262890684,-0.2588190451025206,-0.7818314824680299,0.6234898018587334,0,0,0
2026-01-18 17:50:00,1768758600,70.551,70.551,-1.516,0.0,0.0,18.524,63.58,273.419,-0.9659258262890684,-0.2588190451025206,-0.7818314824680299,0.6234898018587334,0,0,0
2026-01-18 18:00:00,1768759200,68.389,69.47,-2.162,-2.162,0.0,19.913,73.227,220.067,-1.0,-1.8369701987210294e-16,-0.7818314824680299,0.6234898018587334,0,0,0
2026-01-18 18:00:00,1768759200,62.604,63.822,-0.507,-1.573,0.0,17.393,68.061,108.772,-1.0,-1.8369701987210294e-16,-0.7818314824680299,0.6234898018587334,0,0,0
2026-01-18 18:10:00,1768759800,60.973,63.11,-1.631,-1.592,0.0,21.451,63.036,45.843,-1.0,-1.8369701987210294e-16,-0.7818314824680299,0.6234898018587334,0,0,0
2026-01-18 18:10:00,1768759800,66.704,68.548,-1.685,-1.923,0.0,17.751,76.54,95.071,-1.0,-1.8369701987210294e-16,-0.7818314824680299,0.6234898018587334,0,0,0
2026-01-18 18:20:00,1768760400,65.755,67.85,-0.949,-1.598,0.0,20.129,68.798,38.976,-1.0,-1.8369701987210294e-16,-0.7818314824680299,0.6234898018587334,0,0,0
2026-01-18 18:20:00,1768760400,60.264,61.738,-0.709,-0.949,0.0,22.816,82.289,20.0,-1.0,-1.8369701987210294e-16,-0.7818314824680299,0.6234898018587334,0,0,0
2026-01-18 18:30:00,1768761000,59.06,60.725,-1.204,-1.182,0.0,20.747,64.185,64.485,-1.0,-1.8369701987210294e-16,-0.7818314824680299,0.6234898018587334,0,0,0
2026-01-18 18:30:00,1768761000,64.903,66.438,-0.852,-1.162,0.0,20.77,73.192,28.593,-1.0,-1.8369701987210294e-16,-0.7818314824680299,0.6234898018587334,0,0,0
2026-01-18 18:40:00,1768761600,64.265,65.407,-0.639,-0.813,0.0,19.328,70.467,135.758,-1.0,-1.8369701987210294e-16,-0.7818314824680299,0.6234898018587334,0,0,0
2026-01-18 18:40:00,1768761600,58.594,59.723,-0.465,-0.793,0.0,18.302,72.066,20.0,-1.0,-1.8369701987210294e-16,-0.7818314824680299,0.6234898018587334,0,0,0
2026-01-18 18:50:00,1768762200,57.727,58.911,-0.867,-0.846,0.0,21.016,81.807,85.388,-1.0,-1.8369701987210294e-16,-0.7818314824680299,0.6234898018587334,0,0,0
2026-01-18 18:50:00,1768762200,63.614,64.634,-0.65,-0.714,0.0,21.34,62.534,20.0,-1.0,-1.8369701987210294e-16,-0.7818314824680299,0.6234898018587334,0,0,0
2026-01-18 19:00:00,1768762800,57.235,58.154,-0.492,-0.608,0.0,18.702,65.378,186.922,-0.9659258262890684,0.2588190451025203,-0.7818314824680299,0.6234898018587334,0,0,0
2026-01-18 19:00:00,1768762800,62.906,63.922,-0.708,-0.666,0.0,20.141,69.198,114.207,-0.9659258262890684,0.2588190451025203,-0.7818314824680299,0.6234898018587334,0,0,0
2026-01-18 19:10:00,1768763400,56.497,57.513,-0.739,-0.699,0.0,19.606,64.758,105.273,-0.9659258262890684,0.2588190451025203,-0.7818314824680299,0.6234898018587334,0,0,0
2026-01-18 19:10:00,1768763400,61.57,63.089,-1.336,-0.898,0.0,19.22,72.992,24.982,-0.9659258262890684,0.2588190451025203,-0.7818314824680299,0.6234898018587334,0,0,0
2026-01-18 19:20:00,1768764000,60.988,62.27,-0.581,-0.875,0.0,20.581,74.727,20.0,-0.9659258262890684,0.2588190451025203,-0.7818314824680299,0.6234898018587334,0,0,0
2026-01-18 19:20:00,1768764000,55.247,56.677,-1.25,-0.827,0.0,19.311,70.063,20.0,-0.9659258262890684,0.2588190451025203,-0.7818314824680299,0.6234898018587334,0,0,0
2026-01-18 19:30:00,1768764600,53.189,55.542,-2.057,-1.349,0.0,20.666,67.116,111.031,-0.9659258262890684,0.2588190451025203,-0.7818314824680299,0.6234898018587334,0,0,0
2026-01-18 19:30:00,1768764600,60.148,61.403,-0.84,-0.919,0.0,20.584,73.519,86.151,-0.9659258262890684,0.2588190451025203,-0.7818314824680299,0.6234898018587334,0,0,0
2026-01-18 19:40:00,1768765200,59.741,60.612,-0.407,-0.609,0.0,18.896,68.671,234.991,-0.9659258262890684,0.2588190451025203,-0.7818314824680299,0.6234898018587334,0,0,0
2026-01-19 14:30:00,1768833000,35.672,35.672,-2.991,0.0,0.0,21.534,55.484,820.974,-0.4999999999999997,-0.8660254037844388,0.0,1.0,0,0,0
2026-01-19 14:30:00,1768833000,52.018,52.018,-2.671,0.0,0.0,27.626,51.361,973.573,-0.4999999999999997,-0.8660254037844388,0.0,1.0,0,0,0
2026-01-19 14:40:00,1768833600,49.514,50.766,-2.505,-2.505,0.0,23.517,49.707,872.126,-0.4999999999999997,-0.8660254037844388,0.0,1.0,0,0,0
2026-01-19 14:40:00,1768833600,32.193,33.932,-3.479,-3.479,0.167,28.498,55.219,927.147,-0.4999999999999997,-0.8660254037844388,0.0,1.0,1,0,0
2026-01-19 14:50:00,1768834200,47.069,49.534,-2.445,-2.475,0.0,29.555,59.061,902.436,-0.4999999999999997,-0.8660254037844388,0.0,1.0,0,0,0
2026-01-19 14:50:00,1768834200,30.387,32.751,-1.806,-2.642,0.333,25.41,44.634,952.107,-0.4999999999999997,-0.8660254037844388,0.0,1.0,1,0,0
2026-01-19 15:00:00,1768834800,44.891,48.373,-2.178,-2.376,0.0,21.675,61.455,600.926,-0.7071067811865471,-0.7071067811865479,0.0,1.0,0,0,0
2026-01-19 15:00:00,1768834800,28.094,31.586,-2.293,-2.526,0.5,27.441,65.28,797.186,-0.7071067811865471,-0.7071067811865479,0.0,1.0,0,0,0
2026-01-19 15:10:00,1768835400,25.793,29.117,-2.301,-2.133,0.667,26.607,58.596,682.992,-0.7071067811865471,-0.7071067811865479,0.0,1.0,0,0,0
2026-01-19 15:10:00,1768835400,43.732,46.301,-1.159,-1.927,0.0,25.86,63.961,689.415,-0.7071067811865471,-0.7071067811865479,0.0,1.0,0,0,0
2026-01-19 15:20:00,1768836000,41.735,44.357,-1.997,-1.778,0.0,25.579,56.291,650.1,-0.7071067811865471,-0.7071067811865479,0.0,1.0,0,0,0
2026-01-19 15:20:00,1768836000,23.515,26.947,-2.278,-2.291,0.833,29.04,68.644,610.919,-0.7071067811865471,-0.7071067811865479,0.0,1.0,1,0,0
2026-01-19 15:30:00,1768836600,20.246,24.412,-3.269,-2.616,1.0,26.649,68.07,612.381,-0.7071067811865471,-0.7071067811865479,0.0,1.0,1,0,0
2026-01-19 15:30:00,1768836600,40.595,42.738,-1.139,-1.432,0.0,26.264,55.745,693.794,-0.7071067811865471,-0.7071067811865479,0.0,1.0,0,0,0
2026-01-19 15:40:00,1768837200,39.748,41.452,-0.848,-1.328,0.0,25.794,64.443,734.755,-0.7071067811865471,-0.7071067811865479,0.0,1.0,0,0,0
2026-01-19 15:40:00,1768837200,19.729,22.321,-0.517,-2.021,1.167,26.419,67.486,718.772,-0.7071067811865471,-0.7071067811865479,0.0,1.0,1,0,0
2026-01-19 15:50:00,1768837800,37.141,39.805,-2.606,-1.531,0.0,27.153,54.751,673.018,-0.7071067811865471,-0.7071067811865479,0.0,1.0,0,0,0
2026-01-19 15:50:00,1768837800,17.781,20.318,-1.948,-1.911,1.333,25.532,56.112,728.163,-0.7071067811865471,-0.7071067811865479,0.0,1.0,1,0,0
2026-01-19 16:00:00,1768838400,15.954,18.428,-1.827,-1.431,1.5,21.738,60.682,520.185,-0.8660254037844385,-0.5000000000000004,0.0,1.0,1,0,0
2026-01-19 16:00:00,1768838400,35.275,38.19,-1.866,-1.774,0.0,25.155,58.185,383.105,-0.8660254037844385,-0.5000000000000004,0.0,1.0,0,0,0
2026-01-19 16:10:00,1768839000,13.546,16.753,-2.408,-2.061,1.667,24.336,67.898,526.948,-0.8660254037844385,-0.5000000000000004,0.0,1.0,1,0,0
2026-01-19 16:10:00,1768839000,48.419,48.419,-2.295,0.0,0.0,23.928,63.037,430.199,-0.8660254037844385,-0.5000000000000004,0.0,1.0,0,0,0
2026-01-19 16:10:00,1768839000,33.851,36.504,-1.424,-1.966,0.167,22.813,62.663,507.75,-0.8660254037844385,-0.5000000000000004,0.0,1.0,0,0,0
2026-01-19 16:20:00,1768839600,46.69,47.555,-1.729,-1.729,0.0,23.355,62.657,515.24,-0.8660254037844385,-0.5000000000000004,0.0,1.0,0,0,0
2026-01-19 16:20:00,1768839600,11.696,14.744,-1.85,-2.028,1.833,23.171,63.151,613.82,-0.8660254037844385,-0.5000000000000004,0.0,1.0,1,0,0
2026-01-19 16:20:00,1768839600,31.961,34.557,-1.89,-1.727,0.333,25.663,52.478,450.876,-0.8660254037844385,-0.5000000000000004,0.0,1.0,0,0,0
2026-01-19 16:30:00,1768840200,44.02,46.376,-2.67,-2.199,0.0,22.212,76.284,514.788,-0.8660254037844385,-0.5000000000000004,0.0,1.0,0,0,0
2026-01-19 16:40:00,1768840800,42.248,45.344,-1.773,-2.057,0.0,27.581,56.399,469.598,-0.8660254037844385,-0.5000000000000004,0.0,1.0,0,0,0
2026-01-19 16:50:00,1768841400,39.954,43.228,-2.294,-2.245,0.0,25.973,69.079,528.352,-0.8660254037844385,-0.5000000000000004,0.0,1.0,0,0,0
2026-01-19 17:00:00,1768842000,38.704,41.232,-1.25,-1.772,0.0,21.528,63.371,169.509,-0.9659258262890684,-0.2588190451025206,0.0,1.0,0,0,0
2026-01-19 17:10:00,1768842600,36.622,39.382,-2.082,-1.875,0.0,17.936,68.083,328.337,-0.9659258262890684,-0.2588190451025206,0.0,1.0,0,0,0
2026-01-19 17:20:00,1768843200,36.457,37.934,-0.165,-1.166,0.0,22.505,73.087,380.827,-0.9659258262890684,-0.2588190451025206,0.0,1.0,0,0,0
2026-01-19 17:30:00,1768843800,34.871,36.663,-1.586,-1.278,0.167,18.398,71.072,404.924,-0.9659258262890684,-0.2588190451025206,0.0,1.0,0,0,0
2026-01-19 17:40:00,1768844400,33.604,35.388,-1.267,-1.006,0.333,23.219,71.918,343.009,-0.9659258262890684,-0.2588190451025206,0.0,1.0,0,0,0
2026-01-19 17:50:00,1768845000,32.463,34.349,-1.141,-1.331,0.5,21.937,70.048,336.877,-0.9659258262890684,-0.2588190451025206,0.0,1.0,0,0,0
2026-01-19 18:00:00,1768845600,31.736,33.168,-0.727,-1.045,0.667,18.737,65.081,20.0,-1.0,-1.8369701987210294e-16,0.0,1.0,0,0,0
2026-01-19 20:30:00,1768854600,43.146,43.146,-0.19,0.0,0.0,17.942,72.334,92.426,-0.8660254037844386,0.5000000000000001,0.0,1.0,0,0,0
2026-01-19 20:40:00,1768855200,41.918,42.532,-1.228,-1.228,0.0,19.435,65.417,73.055,-0.8660254037844386,0.5000000000000001,0.0,1.0,0,0,0
2026-01-19 20:50:00,1768855800,41.683,42.249,-0.234,-0.731,0.0,19.187,79.395,138.942,-0.8660254037844386,0.5000000000000001,0.0,1.0,0,0,0
2026-01-19 21:00:00,1768856400,42.355,42.275,0.672,-0.263,0.0,21.877,75.852,20.0,-0.7071067811865477,0.7071067811865474,0.0,1.0,0,0,0
2026-01-19 21:10:00,1768857000,42.411,42.092,0.055,0.164,0.0,16.431,57.684,20.0,-0.7071067811865477,0.7071067811865474,0.0,1.0,0,0,0
2026-01-19 21:20:00,1768857600,41.918,42.092,-0.493,0.078,0.0,16.548,71.555,86.845,-0.7071067811865477,0.7071067811865474,0.0,1.0,0,0,0
2026-01-19 21:30:00,1768858200,42.201,42.221,0.283,-0.052,0.0,20.328,71.379,99.109,-0.7071067811865477,0.7071067811865474,0.0,1.0,0,0,0
2026-01-19 21:40:00,1768858800,41.813,42.086,-0.388,-0.199,0.0,21.778,78.128,20.0,-0.7071067811865477,0.7071067811865474,0.0,1.0,0,0,0
2026-01-19 21:50:00,1768859400,40.791,41.681,-1.021,-0.375,0.0,15.733,78.206,196.103,-0.7071067811865477,0.7071067811865474,0.0,1.0,0,0,0
2026-01-19 22:00:00,1768860000,40.968,41.443,0.177,-0.411,0.0,16.514,69.517,88.426,-0.5000000000000004,0.8660254037844384,0.0,1.0,0,0,0
2026-01-19 22:10:00,1768860600,41.728,41.325,0.76,-0.028,0.0,17.744,75.211,36.496,-0.5000000000000004,0.8660254037844384,0.0,1.0,0,0,0
2026-01-19 22:20:00,1768861200,40.678,41.042,-1.05,-0.038,0.0,19.407,74.901,276.048,-0.5000000000000004,0.8660254037844384,0.0,1.0,0,0,0
2026-01-20 11:10:00,1768907400,43.699,43.699,-0.258,0.0,0.0,25.894,52.95,907.093,0.258819045102521,-0.9659258262890682,0.7818314824680298,0.6234898018587336,0,0,0
2026-01-20 11:20:00,1768908000,40.568,42.134,-3.131,-3.131,0.0,28.054,47.854,817.91,0.258819045102521,-0.9659258262890682,0.7818314824680298,0.6234898018587336,0,0,0
2026-01-20 11:30:00,1768908600,38.837,41.035,-1.731,-2.431,0.0,29.567,57.505,869.935,0.258819045102521,-0.9659258262890682,0.7818314824680298,0.6234898018587336,0,0,0
2026-01-20 11:40:00,1768909200,36.457,39.89,-2.38,-2.414,0.0,28.237,51.472,863.145,0.258819045102521,-0.9659258262890682,0.7818314824680298,0.6234898018587336,0,0,0
2026-01-20 11:50:00,1768909800,34.322,37.546,-2.135,-2.082,0.167,28.145,62.577,876.623,0.258819045102521,-0.9659258262890682,0.7818314824680298,0.6234898018587336,0,0,0
2026-01-20 12:00:00,1768910400,31.652,35.317,-2.67,-2.395,0.333,25.066,48.489,969.156,1.2246467991473532e-16,-1.0,0.7818314824680298,0.6234898018587336,0,0,0
2026-01-20 12:10:00,1768911000,29.795,33.057,-1.856,-2.22,0.5,29.229,60.276,923.68,1.2246467991473532e-16,-1.0,0.7818314824680298,0.6234898018587336,0,0,0
2026-01-20 12:20:00,1768911600,27.916,30.921,-1.879,-2.135,0.667,28.141,54.129,784.243,1.2246467991473532e-16,-1.0,0.7818314824680298,0.6234898018587336,1,0,0
2026-01-20 12:30:00,1768912200,33.705,30.767,5.789,0.684,0.833,29.57,49.19,1016.842,1.2246467991473532e-16,-1.0,0.7818314824680298,0.6234898018587336,0,0,0
2026-01-20 12:40:00,1768912800,32.378,30.949,-1.328,0.861,1.0,28.714,48.558,965.033,1.2246467991473532e-16,-1.0,0.7818314824680298,0.6234898018587336,0,0,0
2026-01-20 12:50:00,1768913400,31.151,31.288,-1.226,1.078,1.167,27.897,55.406,808.965,1.2246467991473532e-16,-1.0,0.7818314824680298,0.6234898018587336,0,0,0
2026-01-20 13:00:00,1768914000,27.774,31.252,-3.377,-1.977,1.333,28.068,48.038,958.993,-0.2588190451025208,-0.9659258262890684,0.7818314824680298,0.6234898018587336,1,0,0
2026-01-20 14:20:00,1768918800,41.274,41.274,-2.15,0.0,0.0,28.945,65.644,757.278,-0.4999999999999997,-0.8660254037844388,0.7818314824680298,0.6234898018587336,0,0,0
2026-01-20 14:30:00,1768919400,38.727,40.0,-2.547,-2.547,0.0,26.101,64.969,779.48,-0.4999999999999997,-0.8660254037844388,0.7818314824680298,0.6234898018587336,0,0,0
2026-01-20 14:40:00,1768920000,36.361,38.787,-2.365,-2.456,0.0,28.043,67.013,928.885,-0.4999999999999997,-0.8660254037844388,0.7818314824680298,0.6234898018587336,0,0,0
2026-01-20 14:50:00,1768920600,34.858,37.805,-1.504,-2.139,0.167,27.081,47.541,769.874,-0.4999999999999997,-0.8660254037844388,0.7818314824680298,0.6234898018587336,0,0,0
2026-01-20 15:00:00,1768921200,33.808,35.938,-1.05,-1.64,0.333,24.583,54.798,677.012,-0.7071067811865471,-0.7071067811865479,0.7818314824680298,0.6234898018587336,0,0,0
2026-01-20 15:10:00,1768921800,30.653,33.92,-3.154,-1.903,0.5,29.513,66.7,716.873,-0.7071067811865471,-0.7071067811865479,0.7818314824680298,0.6234898018587336,0,0,0
2026-01-20 15:20:00,1768922400,29.2,32.13,-1.453,-1.886,0.667,25.223,52.275,710.542,-0.7071067811865471,-0.7071067811865479,0.7818314824680298,0.6234898018587336,0,0,0
2026-01-20 15:30:00,1768923000,26.506,30.042,-2.694,-2.434,0.833,24.858,65.112,815.044,-0.7071067811865471,-0.7071067811865479,0.7818314824680298,0.6234898018587336,1,0,0
2026-01-20 15:40:00,1768923600,24.609,27.742,-1.898,-2.015,1.0,27.531,54.485,731.557,-0.7071067811865471,-0.7071067811865479,0.7818314824680298,0.6234898018587336,1,0,0
2026-01-20 15:50:00,1768924200,22.639,25.739,-1.969,-2.187,1.167,27.038,57.097,668.355,-0.7071067811865471,-0.7071067811865479,0.7818314824680298,0.6234898018587336,1,0,0
2026-01-20 16:00:00,1768924800,20.318,23.518,-2.322,-2.063,1.333,27.016,63.365,459.615,-0.8660254037844385,-0.5000000000000004,0.7818314824680298,0.6234898018587336,1,0,0
2026-01-20 16:10:00,1768925400,19.175,21.685,-1.143,-1.811,1.5,21.472,69.802,393.18,-0.8660254037844385,-0.5000000000000004,0.7818314824680298,0.6234898018587336,1,0,0
2026-01-20 18:20:00,1768933200,66.915,66.915,-0.876,0.0,0.0,20.314,76.181,77.035,-1.0,-1.8369701987210294e-16,0.7818314824680298,0.6234898018587336,0,0,0
2026-01-20 18:30:00,1768933800,67.119,67.017,0.204,0.204,0.0,21.226,76.922,131.186,-1.0,-1.8369701987210294e-16,0.7818314824680298,0.6234898018587336,0,0,0
2026-01-20 18:40:00,1768934400,67.411,67.148,0.292,0.248,0.0,20.327,75.903,20.0,-1.0,-1.8369701987210294e-16,0.7818314824680298,0.6234898018587336,0,0,0
2026-01-20 18:40:00,1768934400,44.268,44.268,0.865,0.0,0.0,16.619,79.51,182.881,-1.0,-1.8369701987210294e-16,0.7818314824680298,0.6234898018587336,0,0,0
2026-01-20 18:50:00,1768935000,45.239,44.754,0.97,0.97,0.0,16.233,69.691,20.0,-1.0,-1.8369701987210294e-16,0.7818314824680298,0.6234898018587336,0,0,0
2026-01-20 18:50:00,1768935000,65.329,66.693,-2.082,-0.529,0.0,20.24,73.144,216.183,-1.0,-1.8369701987210294e-16,0.7818314824680298,0.6234898018587336,0,0,0
2026-01-20 19:00:00,1768935600,64.774,66.158,-0.554,-0.782,0.0,19.423,72.273,41.325,-0.9659258262890684,0.2588190451025203,0.7818314824680298,0.6234898018587336,0,0,0
2026-01-20 19:00:00,1768935600,45.297,44.935,0.059,0.515,0.0,17.629,65.386,36.797,-0.9659258262890684,0.2588190451025203,0.7818314824680298,0.6234898018587336,0,0,0
2026-01-20 19:10:00,1768936200,64.804,65.579,0.03,-0.869,0.0,13.554,72.95,145.451,-0.9659258262890684,0.2588190451025203,0.7818314824680298,0.6234898018587336,0,0,0
2026-01-20 19:10:00,1768936200,44.424,44.807,-0.874,0.052,0.0,20.256,76.15,226.988,-0.9659258262890684,0.2588190451025203,0.7818314824680298,0.6234898018587336,0,0,0
2026-01-20 19:20:00,1768936800,43.475,44.609,-0.949,-0.588,0.0,16.262,76.552,20.0,-0.9659258262890684,0.2588190451025203,0.7818314824680298,0.6234898018587336,0,0,0
2026-01-20 19:20:00,1768936800,63.643,64.637,-1.161,-0.562,0.0,22.37,72.845,131.237,-0.9659258262890684,0.2588190451025203,0.7818314824680298,0.6234898018587336,0,0,0
2026-01-20 19:30:00,1768937400,61.821,63.761,-1.822,-0.984,0.0,17.435,69.424,79.776,-0.9659258262890684,0.2588190451025203,0.7818314824680298,0.6234898018587336,0,0,0
2026-01-20 19:30:00,1768937400,43.075,44.068,-0.4,-0.741,0.0,18.414,66.152,89.514,-0.9659258262890684,0.2588190451025203,0.7818314824680298,0.6234898018587336,0,0,0
2026-01-20 19:40:00,1768938000,43.747,43.68,0.672,-0.226,0.0,17.569,75.081,143.153,-0.9659258262890684,0.2588190451025203,0.7818314824680298,0.6234898018587336,0,0,0
2026-01-20 19:40:00,1768938000,61.293,62.89,-0.528,-1.17,0.0,18.279,69.167,80.797,-0.9659258262890684,0.2588190451025203,0.7818314824680298,0.6234898018587336,0,0,0
2026-01-20 19:50:00,1768938600,43.394,43.423,-0.353,-0.027,0.0,20.144,81.49,134.97,-0.9659258262890684,0.2588190451025203,0.7818314824680298,0.6234898018587336,0,0,0
2026-01-20 19:50:00,1768938600,59.262,61.505,-2.032,-1.46,0.0,16.425,76.773,20.0,-0.9659258262890684,0.2588190451025203,0.7818314824680298,0.6234898018587336,0,0,0
2026-01-20 20:00:00,1768939200,58.678,60.264,-0.584,-1.048,0.0,22.238,75.689,193.184,-0.8660254037844386,0.5000000000000001,0.7818314824680298,0.6234898018587336,0,0,0
2026-01-20 20:00:00,1768939200,43.766,43.495,0.373,0.23,0.0,17.451,65.959,77.461,-0.8660254037844386,0.5000000000000001,0.7818314824680298,0.6234898018587336,0,0,0
2026-01-20 20:10:00,1768939800,42.713,43.405,-1.053,-0.345,0.0,19.832,76.589,132.211,-0.8660254037844386,0.5000000000000001,0.7818314824680298,0.6234898018587336,0,0,0
2026-01-20 20:10:00,1768939800,57.476,59.177,-1.202,-1.272,0.0,18.071,76.242,20.0,-0.8660254037844386,0.5000000000000001,0.7818314824680298,0.6234898018587336,0,0,0
2026-01-20 20:20:00,1768940400,43.623,43.374,0.91,0.077,0.0,18.415,65.845,106.486,-0.8660254037844386,0.5000000000000001,0.7818314824680298,0.6234898018587336,0,0,0
2026-01-20 20:30:00,1768941000,41.249,42.838,-2.374,-0.839,0.0,18.516,78.264,20.0,-0.8660254037844386,0.5000000000000001,0.7818314824680298,0.6234898018587336,0,0,0
2026-01-20 20:40:00,1768941600,40.391,40.391,-0.61,0.0,0.0,23.3,70.9,20.0,-0.8660254037844386,0.5000000000000001,0.7818314824680298,0.6234898018587336,0,0,0
2026-01-20 20:50:00,1768942200,39.454,39.922,-0.936,-0.936,0.0,18.089,64.251,55.167,-0.8660254037844386,0.5000000000000001,0.7818314824680298,0.6234898018587336,0,0,0
2026-01-20 21:00:00,1768942800,37.927,39.257,-1.527,-1.232,0.0,16.607,69.114,162.007,-0.7071067811865477,0.7071067811865474,0.7818314824680298,0.6234898018587336,0,0,0
2026-01-20 21:10:00,1768943400,36.992,38.691,-0.935,-1.133,0.0,20.125,76.851,20.0,-0.7071067811865477,0.7071067811865474,0.7818314824680298,0.6234898018587336,0,0,0
2026-01-20 21:20:00,1768944000,36.436,37.702,-0.555,-1.006,0.0,20.72,65.697,20.0,-0.7071067811865477,0.7071067811865474,0.7818314824680298,0.6234898018587336,0,0,0
2026-01-20 21:30:00,1768944600,34.848,36.551,-1.588,-1.026,0.167,19.943,67.332,106.399,-0.7071067811865477,0.7071067811865474,0.7818314824680298,0.6234898018587336,0,0,0
2026-01-20 21:40:00,1768945200,33.211,35.372,-1.637,-1.26,0.333,13.5,75.244,35.946,-0.7071067811865477,0.7071067811865474,0.7818314824680298,0.6234898018587336,0,0,0
2026-01-20 21:50:00,1768945800,32.526,34.255,-0.685,-1.303,0.5,19.034,76.979,177.498,-0.7071067811865477,0.7071067811865474,0.7818314824680298,0.6234898018587336,0,0,0
2026-01-20 22:00:00,1768946400,31.566,33.038,-0.96,-1.094,0.667,18.984,75.366,20.0,-0.5000000000000004,0.8660254037844384,0.7818314824680298,0.6234898018587336,0,0,0
2026-01-20 22:10:00,1768947000,30.717,32.005,-0.849,-0.831,0.833,23.139,82.611,49.757,-0.5000000000000004,0.8660254037844384,0.7818314824680298,0.6234898018587336,0,0,0
2026-01-20 22:20:00,1768947600,41.047,33.964,10.33,2.84,0.667,16.626,65.44,163.417,-0.5000000000000004,0.8660254037844384,0.7818314824680298,0.6234898018587336,0,0,1
2026-01-20 22:30:00,1768948200,39.637,35.742,-1.41,2.69,0.5,14.228,71.047,80.779,-0.5000000000000004,0.8660254037844384,0.7818314824680298,0.6234898018587336,0,0,0
2026-01-21 07:40:00,1768981200,50.784,50.784,-1.358,0.0,0.0,24.073,68.792,298.814,0.9659258262890684,-0.2588190451025206,0.9749279121818236,-0.2225209339563143,0,0,0
2026-01-21 07:50:00,1768981800,49.531,50.157,-1.252,-1.252,0.0,23.733,47.902,387.445,0.9659258262890684,-0.2588190451025206,0.9749279121818236,-0.2225209339563143,0,0,0
2026-01-21 08:00:00,1768982400,48.527,49.614,-1.004,-1.128,0.0,24.72,64.303,502.56,0.8660254037844387,-0.4999999999999998,0.9749279121818236,-0.2225209339563143,0,0,0
2026-01-21 08:10:00,1768983000,47.235,49.019,-1.292,-1.183,0.0,25.058,65.713,609.873,0.8660254037844387,-0.4999999999999998,0.9749279121818236,-0.2225209339563143,0,0,0
2026-01-21 08:20:00,1768983600,45.877,47.793,-1.358,-1.218,0.0,23.274,67.952,576.518,0.8660254037844387,-0.4999999999999998,0.9749279121818236,-0.2225209339563143,0,0,0
2026-01-21 08:30:00,1768984200,42.781,46.105,-3.096,-1.915,0.0,22.249,74.654,581.841,0.8660254037844387,-0.4999999999999998,0.9749279121818236,-0.2225209339563143,0,0,0
2026-01-21 08:40:00,1768984800,40.427,44.08,-2.354,-2.27,0.0,27.264,64.264,456.263,0.8660254037844387,-0.4999999999999998,0.9749279121818236,-0.2225209339563143,0,0,0
2026-01-21 08:50:00,1768985400,38.487,41.893,-1.94,-2.463,0.0,22.888,61.357,455.025,0.8660254037844387,-0.4999999999999998,0.9749279121818236,-0.2225209339563143,0,0,0
2026-01-21 09:00:00,1768986000,36.898,39.648,-1.589,-1.961,0.0,23.371,50.981,708.426,0.7071067811865476,-0.7071067811865475,0.9749279121818236,-0.2225209339563143,0,0,0
2026-01-21 09:10:00,1768986600,35.761,37.893,-1.137,-1.555,0.0,26.466,67.136,732.156,0.7071067811865476,-0.7071067811865475,0.9749279121818236,-0.2225209339563143,0,0,0
2026-01-21 09:20:00,1768987200,33.795,36.235,-1.966,-1.564,0.167,21.848,48.286,898.086,0.7071067811865476,-0.7071067811865475,0.9749279121818236,-0.2225209339563143,0,0,0
2026-01-21 09:30:00,1768987800,31.292,34.436,-2.503,-1.869,0.333,26.771,57.921,675.729,0.7071067811865476,-0.7071067811865475,0.9749279121818236,-0.2225209339563143,0,0,0
2026-01-21 12:40:00,1768999200,55.242,55.242,-2.018,0.0,0.0,25.142,51.887,905.683,1.2246467991473532e-16,-1.0,0.9749279121818236,-0.2225209339563143,0,0,0
2026-01-21 12:50:00,1768999800,53.42,54.331,-1.822,-1.822,0.0,27.96,50.721,911.004,1.2246467991473532e-16,-1.0,0.9749279121818236,-0.2225209339563143,0,0,0
2026-01-21 13:00:00,1769000400,51.366,53.342,-2.054,-1.938,0.0,28.664,53.415,868.53,-0.2588190451025208,-0.9659258262890684,0.9749279121818236,-0.2225209339563143,0,0,0
2026-01-21 13:10:00,1769001000,50.429,52.614,-0.937,-1.604,0.0,24.147,56.883,936.643,-0.2588190451025208,-0.9659258262890684,0.9749279121818236,-0.2225209339563143,0,0,0
2026-01-21 13:20:00,1769001600,48.231,50.861,-2.198,-1.729,0.0,26.313,47.186,970.731,-0.2588190451025208,-0.9659258262890684,0.9749279121818236,-0.2225209339563143,0,0,0
2026-01-21 13:30:00,1769002200,44.534,48.64,-3.697,-2.277,0.0,30.267,45.065,884.253,-0.2588190451025208,-0.9659258262890684,0.9749279121818236,-0.2225209339563143,0,0,0
2026-01-21 13:40:00,1769002800,43.206,46.6,-1.328,-2.408,0.0,26.962,61.609,896.605,-0.2588190451025208,-0.9659258262890684,0.9749279121818236,-0.2225209339563143,0,0,0
2026-01-21 13:50:00,1769003400,41.464,44.359,-1.742,-2.256,0.0,28.48,50.303,911.231,-0.2588190451025208,-0.9659258262890684,0.9749279121818236,-0.2225209339563143,0,0,0
2026-01-21 14:00:00,1769004000,39.014,42.055,-2.45,-1.84,0.0,29.167,57.466,874.598,-0.4999999999999997,-0.8660254037844388,0.9749279121818236,-0.2225209339563143,0,0,0
2026-01-21 14:10:00,1769004600,37.039,40.181,-1.975,-2.056,0.0,27.399,55.845,615.815,-0.4999999999999997,-0.8660254037844388,0.9749279121818236,-0.2225209339563143,0,0,0
2026-01-21 14:20:00,1769005200,35.204,38.18,-1.835,-2.087,0.0,24.514,55.705,810.888,-0.4999999999999997,-0.8660254037844388,0.9749279121818236,-0.2225209339563143,0,0,0
2026-01-21 14:30:00,1769005800,32.971,36.057,-2.233,-2.014,0.167,28.873,50.981,827.456,-0.4999999999999997,-0.8660254037844388,0.9749279121818236,-0.2225209339563143,1,0,0
2026-01-21 23:50:00,1769039400,63.259,63.259,-0.769,0.0,0.0,18.044,68.638,20.0,-0.2588190451025215,0.965925826289068,0.9749279121818236,-0.2225209339563143,0,0,0
2026-01-22 00:00:00,1769040000,61.69,62.474,-1.57,-1.57,0.0,18.96,77.577,238.873,0.0,1.0,0.4338837391175582,-0.900968867902419,0,0,0
2026-01-22 00:10:00,1769040600,60.202,61.717,-1.488,-1.529,0.0,15.805,72.073,55.339,0.0,1.0,0.4338837391175582,-0.900968867902419,0,0,0
2026-01-22 00:20:00,1769041200,60.055,61.301,-0.147,-1.068,0.0,17.925,63.812,201.522,0.0,1.0,0.4338837391175582,-0.900968867902419,0,0,0
2026-01-22 00:30:00,1769041800,59.467,60.353,-0.588,-0.741,0.0,17.533,69.296,156.312,0.0,1.0,0.4338837391175582,-0.900968867902419,0,0,0
2026-01-22 00:40:00,1769042400,59.2,59.731,-0.267,-0.334,0.0,18.821,74.643,133.794,0.0,1.0,0.4338837391175582,-0.900968867902419,0,0,0
2026-01-22 00:50:00,1769043000,58.37,59.273,-0.83,-0.562,0.0,16.109,74.996,70.014,0.0,1.0,0.4338837391175582,-0.900968867902419,0,0,0
2026-01-22 01:00:00,1769043600,57.488,58.631,-0.882,-0.66,0.0,16.144,80.22,169.444,0.2588190451025207,0.9659258262890684,0.4338837391175582,-0.900968867902419,0,0,0
2026-01-22 01:10:00,1769044200,56.892,57.987,-0.596,-0.769,0.0,15.666,71.302,52.347,0.2588190451025207,0.9659258262890684,0.4338837391175582,-0.900968867902419,0,0,0
2026-01-22 01:20:00,1769044800,70.125,60.719,13.233,3.919,0.0,14.615,64.292,66.138,0.2588190451025207,0.9659258262890684,0.4338837391175582,-0.900968867902419,0,0,1
2026-01-22 01:30:00,1769045400,68.605,63.278,-1.52,3.706,0.0,18.635,75.126,20.0,0.2588190451025207,0.9659258262890684,0.4338837391175582,-0.900968867902419,0,0,0
2026-01-22 01:40:00,1769046000,68.268,65.973,-0.337,3.792,0.0,19.922,70.662,85.301,0.2588190451025207,0.9659258262890684,0.4338837391175582,-0.900968867902419,0,0,0
2026-01-22 06:00:00,1769061600,69.851,69.851,-0.6,0.0,0.0,17.684,75.825,97.91,1.0,6.123233995736766e-17,0.4338837391175582,-0.900968867902419,0,0,0
2026-01-22 06:10:00,1769062200,69.179,69.515,-0.671,-0.671,0.0,19.038,67.15,143.145,1.0,6.123233995736766e-17,0.4338837391175582,-0.900968867902419,0,0,0
2026-01-22 06:10:00,1769062200,54.494,54.494,-0.088,0.0,0.0,21.31,74.272,47.925,1.0,6.123233995736766e-17,0.4338837391175582,-0.900968867902419,0,0,0
2026-01-22 06:20:00,1769062800,67.782,68.937,-1.397,-1.034,0.0,20.663,71.454,147.229,1.0,6.123233995736766e-17,0.4338837391175582,-0.900968867902419,0,0,0
2026-01-22 06:20:00,1769062800,55.529,55.012,1.035,1.035,0.0,22.169,78.655,142.576,1.0,6.123233995736766e-17,0.4338837391175582,-0.900968867902419,0,0,0
2026-01-22 06:30:00,1769063400,66.757,68.392,-1.025,-1.031,0.0,19.968,73.507,105.432,1.0,6.123233995736766e-17,0.4338837391175582,-0.900968867902419,0,0,0
2026-01-22 06:30:00,1769063400,56.345,55.456,0.815,0.925,0.0,20.695,75.552,33.139,1.0,6.123233995736766e-17,0.4338837391175582,-0.900968867902419,0,0,0
2026-01-22 06:40:00,1769064000,55.501,55.467,-0.844,0.336,0.0,17.638,74.563,119.057,1.0,6.123233995736766e-17,0.4338837391175582,-0.900968867902419,0,0,0
2026-01-22 06:40:00,1769064000,64.506,67.056,-2.251,-1.558,0.0,23.959,75.815,32.799,1.0,6.123233995736766e-17,0.4338837391175582,-0.900968867902419,0,0,0
2026-01-22 06:50:00,1769064600,54.91,55.571,-0.591,-0.207,0.0,20.586,73.03,20.0,1.0,6.123233995736766e-17,0.4338837391175582,-0.900968867902419,0,0,0
2026-01-22 06:50:00,1769064600,62.722,65.442,-1.784,-1.687,0.0,18.301,64.524,134.088,1.0,6.123233995736766e-17,0.4338837391175582,-0.900968867902419,0,0,0
2026-01-22 07:00:00,1769065200,61.591,63.894,-1.131,-1.722,0.0,18.431,70.025,177.173,0.9659258262890684,-0.2588190451025206,0.4338837391175582,-0.900968867902419,0,0,0
2026-01-22 07:00:00,1769065200,54.193,55.237,-0.717,-0.717,0.0,22.014,67.843,273.222,0.9659258262890684,-0.2588190451025206,0.4338837391175582,-0.900968867902419,0,0,0
2026-01-22 07:10:00,1769065800,59.916,62.184,-1.676,-1.53,0.0,18.388,69.764,265.365,0.9659258262890684,-0.2588190451025206,0.4338837391175582,-0.900968867902419,0,0,0
2026-01-22 07:10:00,1769065800,53.174,54.444,-1.019,-0.776,0.0,20.195,76.696,304.463,0.9659258262890684,-0.2588190451025206,0.4338837391175582,-0.900968867902419,0,0,0
2026-01-22 07:20:00,1769066400,52.142,53.605,-1.032,-0.923,0.0,18.836,58.341,248.137,0.9659258262890684,-0.2588190451025206,0.4338837391175582,-0.900968867902419,0,0,0
2026-01-22 07:20:00,1769066400,57.142,60.343,-2.774,-1.86,0.0,20.816,63.818,324.271,0.9659258262890684,-0.2588190451025206,0.4338837391175582,-0.900968867902419,0,0,0
2026-01-22 07:30:00,1769067000,56.044,58.673,-1.098,-1.849,0.0,20.295,62.154,305.526,0.9659258262890684,-0.2588190451025206,0.4338837391175582,-0.900968867902419,0,0,0
2026-01-22 07:30:00,1769067000,50.42,52.482,-1.722,-1.258,0.0,22.588,70.26,382.633,0.9659258262890684,-0.2588190451025206,0.4338837391175582,-0.900968867902419,0,0,0
2026-01-22 07:40:00,1769067600,54.417,56.88,-1.627,-1.833,0.0,24.606,70.865,306.839,0.9659258262890684,-0.2588190451025206,0.4338837391175582,-0.900968867902419,0,0,0
2026-01-22 07:40:00,1769067600,48.421,51.039,-1.999,-1.584,0.0,22.119,69.454,397.382,0.9659258262890684,-0.2588190451025206,0.4338837391175582,-0.900968867902419,0,0,0
2026-01-22 07:50:00,1769068200,47.291,49.568,-1.129,-1.617,0.0,21.975,64.369,424.654,0.9659258262890684,-0.2588190451025206,0.4338837391175582,-0.900968867902419,0,0,0
2026-01-22 07:50:00,1769068200,52.481,55.021,-1.936,-1.554,0.0,21.42,73.823,303.403,0.9659258262890684,-0.2588190451025206,0.4338837391175582,-0.900968867902419,0,0,0
2026-01-22 08:00:00,1769068800,46.85,48.245,-0.442,-1.19,0.0,24.796,64.397,479.769,0.8660254037844387,-0.4999999999999998,0.4338837391175582,-0.900968867902419,0,0,0
2026-01-22 12:20:00,1769084400,51.95,51.95,-2.272,0.0,0.0,26.48,58.916,789.803,1.2246467991473532e-16,-1.0,0.4338837391175582,-0.900968867902419,0,0,0
2026-01-22 12:30:00,1769085000,49.355,50.652,-2.596,-2.596,0.0,30.681,56.585,1021.667,1.2246467991473532e-16,-1.0,0.4338837391175582,-0.900968867902419,0,0,0
2026-01-22 12:40:00,1769085600,46.859,49.388,-2.496,-2.546,0.0,26.01,48.778,873.71,1.2246467991473532e-16,-1.0,0.4338837391175582,-0.900968867902419,0,0,0
2026-01-22 12:50:00,1769086200,46.203,48.592,-0.656,-1.916,0.0,28.439,55.173,820.541,1.2246467991473532e-16,-1.0,0.4338837391175582,-0.900968867902419,0,0,0
2026-01-22 13:00:00,1769086800,44.684,46.775,-1.518,-1.557,0.0,28.319,53.344,921.764,-0.2588190451025208,-0.9659258262890684,0.4338837391175582,-0.900968867902419,0,0,0
2026-01-22 13:10:00,1769087400,41.553,44.825,-3.132,-1.769,0.0,27.182,52.826,923.956,-0.2588190451025208,-0.9659258262890684,0.4338837391175582,-0.900968867902419,0,0,0
2026-01-22 13:20:00,1769088000,40.719,43.29,-0.834,-1.828,0.0,25.445,56.813,857.496,-0.2588190451025208,-0.9659258262890684,0.4338837391175582,-0.900968867902419,0,0,0
2026-01-22 13:30:00,1769088600,52.222,44.795,11.504,2.513,0.0,25.625,53.089,920.878,-0.2588190451025208,-0.9659258262890684,0.4338837391175582,-0.900968867902419,0,0,1
2026-01-22 13:40:00,1769089200,49.153,45.912,-3.069,2.533,0.0,27.202,51.365,971.853,-0.2588190451025208,-0.9659258262890684,0.4338837391175582,-0.900968867902419,0,0,0
2026-01-22 13:50:00,1769089800,48.315,47.602,-0.838,2.532,0.0,28.24,65.807,963.702,-0.2588190451025208,-0.9659258262890684,0.4338837391175582,-0.900968867902419,0,0,0
2026-01-22 14:00:00,1769090400,47.254,49.236,-1.062,-1.656,0.0,27.734,52.221,793.86,-0.4999999999999997,-0.8660254037844388,0.4338837391175582,-0.900968867902419,0,0,0
2026-01-22 14:10:00,1769091000,45.474,47.549,-1.78,-1.226,0.0,28.168,65.026,834.074,-0.4999999999999997,-0.8660254037844388,0.4338837391175582,-0.900968867902419,0,0,0
2026-01-22 19:20:00,1769109600,42.766,42.766,-0.041,0.0,0.0,17.743,68.357,20.0,-0.9659258262890684,0.2588190451025203,0.4338837391175582,-0.900968867902419,0,0,0
2026-01-22 19:30:00,1769110200,41.454,42.11,-1.312,-1.312,0.0,18.216,72.7,69.793,-0.9659258262890684,0.2588190451025203,0.4338837391175582,-0.900968867902419,0,0,0
2026-01-22 19:40:00,1769110800,40.925,41.715,-0.529,-0.92,0.0,17.73,66.183,20.0,-0.9659258262890684,0.2588190451025203,0.4338837391175582,-0.900968867902419,0,0,0
2026-01-22 19:50:00,1769111400,40.54,41.421,-0.385,-0.742,0.0,19.05,70.9,20.0,-0.9659258262890684,0.2588190451025203,0.4338837391175582,-0.900968867902419,0,0,0
2026-01-22 20:00:00,1769112000,40.705,40.906,0.164,-0.25,0.0,16.475,72.147,20.0,-0.8660254037844386,0.5000000000000001,0.4338837391175582,-0.900968867902419,0,0,0
2026-01-22 20:00:00,1769112000,35.951,35.951,-0.632,0.0,0.0,16.428,71.828,39.845,-0.8660254037844386,0.5000000000000001,0.4338837391175582,-0.900968867902419,0,0,0
2026-01-22 20:10:00,1769112600,40.391,40.64,-0.314,-0.178,0.0,21.379,71.235,104.201,-0.8660254037844386,0.5000000000000001,0.4338837391175582,-0.900968867902419,0,0,0
2026-01-22 20:10:00,1769112600,34.353,35.152,-1.598,-1.598,0.167,19.815,73.935,20.0,-0.8660254037844386,0.5000000000000001,0.4338837391175582,-0.900968867902419,0,0,0
2026-01-22 20:20:00,1769113200,40.486,40.53,0.096,-0.018,0.0,15.758,60.278,71.644,-0.8660254037844386,0.5000000000000001,0.4338837391175582,-0.900968867902419,0,0,0
2026-01-22 20:20:00,1769113200,33.265,34.523,-1.088,-1.343,0.333,20.554,71.524,151.569,-0.8660254037844386,0.5000000000000001,0.4338837391175582,-0.900968867902419,0,0,0
2026-01-22 20:30:00,1769113800,39.689,40.318,-0.798,-0.339,0.0,16.227,64.95,48.113,-0.8660254037844386,0.5000000000000001,0.4338837391175582,-0.900968867902419,0,0,0
2026-01-22 20:30:00,1769113800,32.696,34.066,-0.569,-1.085,0.5,19.39,75.147,112.747,-0.8660254037844386,0.5000000000000001,0.4338837391175582,-0.900968867902419,0,0,0
2026-01-22 20:40:00,1769114400,39.221,39.947,-0.468,-0.39,0.0,19.905,73.604,106.458,-0.8660254037844386,0.5000000000000001,0.4338837391175582,-0.900968867902419,0,0,0
2026-01-22 20:40:00,1769114400,31.337,32.913,-1.359,-1.005,0.667,20.569,76.354,86.621,-0.8660254037844386,0.5000000000000001,0.4338837391175582,-0.900968867902419,0,0,0
2026-01-22 20:50:00,1769115000,30.091,31.847,-1.246,-1.058,0.833,19.513,63.428,188.044,-0.8660254037844386,0.5000000000000001,0.4338837391175582,-0.900968867902419,0,0,0
2026-01-22 20:50:00,1769115000,39.574,39.743,0.353,-0.304,0.0,18.89,77.663,20.0,-0.8660254037844386,0.5000000000000001,0.4338837391175582,-0.900968867902419,0,0,0
2026-01-22 21:00:00,1769115600,38.953,39.359,-0.621,-0.245,0.0,21.716,74.54,58.135,-0.7071067811865477,0.7071067811865474,0.4338837391175582,-0.900968867902419,0,0,0
2026-01-22 21:00:00,1769115600,28.579,30.676,-1.512,-1.372,1.0,17.976,79.004,60.423,-0.7071067811865477,0.7071067811865474,0.4338837391175582,-0.900968867902419,0,0,0
2026-01-22 21:10:00,1769116200,39.649,32.414,11.07,2.771,0.833,19.781,74.482,94.797,-0.7071067811865477,0.7071067811865474,0.4338837391175582,-0.900968867902419,0,0,1
2026-01-22 21:10:00,1769116200,38.261,39.002,-0.693,-0.32,0.0,19.576,70.738,53.134,-0.7071067811865477,0.7071067811865474,0.4338837391175582,-0.900968867902419,0,0,0
2026-01-22 21:20:00,1769116800,39.146,34.366,-0.503,3.018,0.667,19.125,72.538,61.855,-0.7071067811865477,0.7071067811865474,0.4338837391175582,-0.900968867902419,0,0,0
2026-01-22 21:30:00,1769117400,38.526,36.475,-0.621,3.316,0.5,19.088,67.954,118.86,-0.7071067811865477,0.7071067811865474,0.4338837391175582,-0.900968867902419,0,0,0
2026-01-22 21:40:00,1769118000,37.947,38.817,-0.579,-0.567,0.333,23.413,69.381,93.523,-0.7071067811865477,0.7071067811865474,0.4338837391175582,-0.900968867902419,0,0,0
2026-01-22 21:50:00,1769118600,37.272,38.223,-0.676,-0.625,0.167,23.676,70.11,86.86,-0.7071067811865477,0.7071067811865474,0.4338837391175582,-0.900968867902419,0,0,0
2026-01-22 23:10:00,1769123400,64.766,64.766,-1.109,0.0,0.0,19.875,75.054,48.069,-0.2588190451025215,0.965925826289068,0.4338837391175582,-0.900968867902419,0,0,0
2026-01-22 23:20:00,1769124000,63.185,63.975,-1.581,-1.581,0.0,21.583,80.892,148.571,-0.2588190451025215,0.965925826289068,0.4338837391175582,-0.900968867902419,0,0,0
2026-01-22 23:30:00,1769124600,61.235,63.062,-1.95,-1.765,0.0,18.804,68.754,80.789,-0.2588190451025215,0.965925826289068,0.4338837391175582,-0.900968867902419,0,0,0
2026-01-22 23:40:00,1769125200,59.594,62.195,-1.641,-1.724,0.0,19.172,68.03,26.215,-0.2588190451025215,0.965925826289068,0.4338837391175582,-0.900968867902419,0,0,0
2026-01-22 23:50:00,1769125800,59.042,60.764,-0.552,-1.381,0.0,20.159,82.929,90.565,-0.2588190451025215,0.965925826289068,0.4338837391175582,-0.900968867902419,0,0,0
2026-01-23 00:00:00,1769126400,57.542,59.353,-1.5,-1.231,0.0,16.426,79.914,20.0,0.0,1.0,-0.433883739117558,-0.9009688679024191,0,0,0
2026-01-23 00:10:00,1769127000,56.537,58.179,-1.005,-1.019,0.0,18.82,67.487,77.263,0.0,1.0,-0.433883739117558,-0.9009688679024191,0,0,0
2026-01-23 00:20:00,1769127600,56.17,57.323,-0.367,-0.958,0.0,16.213,76.713,23.58,0.0,1.0,-0.433883739117558,-0.9009688679024191,0,0,0
2026-01-23 00:30:00,1769128200,56.341,56.647,0.171,-0.4,0.0,17.511,71.726,20.0,0.0,1.0,-0.433883739117558,-0.9009688679024191,0,0,0
2026-01-23 00:40:00,1769128800,56.379,56.356,0.038,-0.053,0.0,20.35,60.094,74.084,0.0,1.0,-0.433883739117558,-0.9009688679024191,0,0,0
2026-01-23 00:50:00,1769129400,56.058,56.237,-0.32,-0.037,0.0,19.493,77.423,103.24,0.0,1.0,-0.433883739117558,-0.9009688679024191,0,0,0
2026-01-23 01:00:00,1769130000,55.679,56.114,-0.379,-0.221,0.0,19.276,71.025,25.065,0.2588190451025207,0.9659258262890684,-0.433883739117558,-0.9009688679024191,0,0,0
2026-01-23 12:10:00,1769170200,67.156,67.156,-1.834,0.0,0.0,27.076,57.322,941.912,1.2246467991473532e-16,-1.0,-0.433883739117558,-0.9009688679024191,0,0,0
2026-01-23 12:20:00,1769170800,65.898,66.527,-1.258,-1.258,0.0,23.785,57.846,911.742,1.2246467991473532e-16,-1.0,-0.433883739117558,-0.9009688679024191,0,0,0
2026-01-23 12:30:00,1769171400,64.399,65.818,-1.499,-1.378,0.0,29.348,58.303,868.425,1.2246467991473532e-16,-1.0,-0.433883739117558,-0.9009688679024191,0,0,0
2026-01-23 12:40:00,1769172000,60.605,64.515,-3.794,-2.183,0.0,29.495,54.287,914.148,1.2246467991473532e-16,-1.0,-0.433883739117558,-0.9009688679024191,0,0,0
2026-01-23 12:50:00,1769172600,57.652,62.139,-2.954,-2.749,0.0,28.176,55.098,970.506,1.2246467991473532e-16,-1.0,-0.433883739117558,-0.9009688679024191,0,0,0
2026-01-23 13:00:00,1769173200,55.839,59.624,-1.813,-2.853,0.0,26.519,54.668,837.988,-0.2588190451025208,-0.9659258262890684,-0.433883739117558,-0.9009688679024191,0,0,0
2026-01-23 13:10:00,1769173800,52.758,56.713,-3.081,-2.616,0.0,23.618,54.777,809.316,-0.2588190451025208,-0.9659258262890684,-0.433883739117558,-0.9009688679024191,0,0,0
2026-01-23 13:20:00,1769174400,49.966,54.054,-2.791,-2.562,0.0,26.41,55.77,947.333,-0.2588190451025208,-0.9659258262890684,-0.433883739117558,-0.9009688679024191,0,0,0
2026-01-23 13:30:00,1769175000,48.209,51.693,-1.757,-2.543,0.0,26.309,53.77,934.296,-0.2588190451025208,-0.9659258262890684,-0.433883739117558,-0.9009688679024191,0,0,0
2026-01-23 13:40:00,1769175600,54.74,51.418,6.531,0.661,0.0,29.005,49.19,803.25,-0.2588190451025208,-0.9659258262890684,-0.433883739117558,-0.9009688679024191,0,0,0
2026-01-23 13:50:00,1769176200,51.861,51.194,-2.879,0.632,0.0,27.275,58.006,912.043,-0.2588190451025208,-0.9659258262890684,-0.433883739117558,-0.9009688679024191,0,0,0
2026-01-23 14:00:00,1769176800,48.394,50.801,-3.467,0.062,0.0,25.671,53.331,877.157,-0.4999999999999997,-0.8660254037844388,-0.433883739117558,-0.9009688679024191,0,0,0
2026-01-23 15:20:00,1769181600,63.2,63.2,-1.092,0.0,0.0,26.545,58.947,702.254,-0.7071067811865471,-0.7071067811865479,-0.433883739117558,-0.9009688679024191,0,0,0
2026-01-23 15:30:00,1769182200,60.773,61.986,-2.428,-2.428,0.0,27.219,63.024,712.271,-0.7071067811865471,-0.7071067811865479,-0.433883739117558,-0.9009688679024191,0,0,0
2026-01-23 15:40:00,1769182800,58.018,60.664,-2.754,-2.591,0.0,26.456,64.724,710.466,-0.7071067811865471,-0.7071067811865479,-0.433883739117558,-0.9009688679024191,0,0,0
2026-01-23 15:50:00,1769183400,56.192,59.546,-1.827,-2.336,0.0,25.222,49.843,713.234,-0.7071067811865471,-0.7071067811865479,-0.433883739117558,-0.9009688679024191,0,0,0
2026-01-23 16:00:00,1769184000,53.531,57.129,-2.661,-2.414,0.0,26.203,72.124,438.832,-0.8660254037844385,-0.5000000000000004,-0.433883739117558,-0.9009688679024191,0,0,0
2026-01-23 16:10:00,1769184600,51.309,54.763,-2.223,-2.237,0.0,27.062,60.536,507.984,-0.8660254037844385,-0.5000000000000004,-0.433883739117558,-0.9009688679024191,0,0,0
2026-01-23 16:20:00,1769185200,65.884,56.729,14.575,3.231,0.0,24.944,55.614,478.765,-0.8660254037844385,-0.5000000000000004,-0.433883739117558,-0.9009688679024191,0,0,1
2026-01-23 16:30:00,1769185800,64.042,58.691,-1.842,3.504,0.0,25.178,62.75,431.12,-0.8660254037844385,-0.5000000000000004,-0.433883739117558,-0.9009688679024191,0,0,0
2026-01-23 16:40:00,1769186400,60.39,60.406,-3.652,3.027,0.0,24.102,67.915,489.554,-0.8660254037844385,-0.5000000000000004,-0.433883739117558,-0.9009688679024191,0,0,0
2026-01-23 16:50:00,1769187000,59.096,62.353,-1.294,-2.263,0.0,23.302,65.017,516.137,-0.8660254037844385,-0.5000000000000004,-0.433883739117558,-0.9009688679024191,0,0,0
2026-01-23 17:00:00,1769187600,57.5,60.257,-1.596,-2.181,0.0,20.838,73.085,263.116,-0.9659258262890684,-0.2588190451025206,-0.433883739117558,-0.9009688679024191,0,0,0
2026-01-23 17:10:00,1769188200,56.875,58.465,-0.625,-1.172,0.0,24.45,65.84,312.83,-0.9659258262890684,-0.2588190451025206,-0.433883739117558,-0.9009688679024191,0,0,0
2026-01-23 18:40:00,1769193600,43.14,43.14,-1.625,0.0,0.0,19.252,70.302,75.729,-1.0,-1.8369701987210294e-16,-0.433883739117558,-0.9009688679024191,0,0,0
2026-01-23 18:50:00,1769194200,41.357,42.248,-1.782,-1.782,0.0,17.433,87.298,124.301,-1.0,-1.8369701987210294e-16,-0.433883739117558,-0.9009688679024191,0,0,0
2026-01-23 19:00:00,1769194800,40.704,41.734,-0.653,-1.218,0.0,22.059,72.323,115.71,-0.9659258262890684,0.2588190451025203,-0.433883739117558,-0.9009688679024191,0,0,0
2026-01-23 19:10:00,1769195400,39.884,41.271,-0.82,-1.085,0.0,16.853,62.525,32.574,-0.9659258262890684,0.2588190451025203,-0.433883739117558,-0.9009688679024191,0,0,0
2026-01-23 19:20:00,1769196000,39.288,40.308,-0.596,-0.69,0.0,17.926,67.844,20.0,-0.9659258262890684,0.2588190451025203,-0.433883739117558,-0.9009688679024191,0,0,0
2026-01-23 19:30:00,1769196600,38.325,39.55,-0.963,-0.793,0.0,20.505,77.704,142.566,-0.9659258262890684,0.2588190451025203,-0.433883739117558,-0.9009688679024191,0,0,0
2026-01-23 19:40:00,1769197200,37.145,38.661,-1.179,-0.913,0.0,19.283,70.014,115.806,-0.9659258262890684,0.2588190451025203,-0.433883739117558,-0.9009688679024191,0,0,0
2026-01-23 19:50:00,1769197800,51.022,41.445,13.877,3.911,0.0,18.812,68.684,109.513,-0.9659258262890684,0.2588190451025203,-0.433883739117558,-0.9009688679024191,0,0,1
2026-01-23 20:00:00,1769198400,49.66,44.038,-1.362,3.779,0.0,17.274,76.043,85.503,-0.8660254037844386,0.5000000000000001,-0.433883739117558,-0.9009688679024191,0,0,0
2026-01-23 20:10:00,1769199000,48.78,46.652,-0.88,3.878,0.0,17.926,69.956,151.486,-0.8660254037844386,0.5000000000000001,-0.433883739117558,-0.9009688679024191,0,0,0
2026-01-23 20:20:00,1769199600,47.478,49.235,-1.301,-1.181,0.0,16.602,74.719,81.403,-0.8660254037844386,0.5000000000000001,-0.433883739117558,-0.9009688679024191,0,0,0
2026-01-23 20:30:00,1769200200,48.121,48.51,0.642,-0.513,0.0,14.53,73.787,79.922,-0.8660254037844386,0.5000000000000001,-0.433883739117558,-0.9009688679024191,0,0,0
2026-01-24 07:30:00,1769239800,48.911,48.911,-1.316,0.0,0.0,24.338,64.391,297.729,0.9659258262890684,-0.2588190451025206,-0.9749279121818236,-0.2225209339563146,0,0,0
2026-01-24 07:40:00,1769240400,47.633,48.272,-1.278,-1.278,0.0,22.914,63.804,399.32,0.9659258262890684,-0.2588190451025206,-0.9749279121818236,-0.2225209339563146,0,0,0
2026-01-24 07:50:00,1769241000,63.676,63.676,-0.807,0.0,0.0,17.859,66.243,312.247,0.9659258262890684,-0.2588190451025206,-0.9749279121818236,-0.2225209339563146,0,0,0
2026-01-24 07:50:00,1769241000,46.977,47.84,-0.655,-0.967,0.0,21.06,64.07,282.446,0.9659258262890684,-0.2588190451025206,-0.9749279121818236,-0.2225209339563146,0,0,0
2026-01-24 08:00:00,1769241600,45.678,47.3,-1.299,-1.077,0.0,21.628,63.388,473.237,0.8660254037844387,-0.4999999999999998,-0.9749279121818236,-0.2225209339563146,0,0,0
2026-01-24 08:00:00,1769241600,60.727,62.202,-2.949,-2.949,0.0,24.671,58.452,618.876,0.8660254037844387,-0.4999999999999998,-0.9749279121818236,-0.2225209339563146,0,0,0
2026-01-24 08:10:00,1769242200,58.082,60.828,-2.645,-2.797,0.0,26.034,69.987,444.164,0.8660254037844387,-0.4999999999999998,-0.9749279121818236,-0.2225209339563146,0,0,0
2026-01-24 08:10:00,1769242200,44.589,46.219,-1.089,-1.014,0.0,25.796,66.508,518.914,0.8660254037844387,-0.4999999999999998,-0.9749279121818236,-0.2225209339563146,0,0,0
2026-01-24 08:20:00,1769242800,43.412,45.164,-1.177,-1.188,0.0,22.212,60.034,465.31,0.8660254037844387,-0.4999999999999998,-0.9749279121818236,-0.2225209339563146,0,0,0
2026-01-24 08:20:00,1769242800,55.685,59.542,-2.397,-2.664,0.0,26.338,52.518,595.484,0.8660254037844387,-0.4999999999999998,-0.9749279121818236,-0.2225209339563146,0,0,0
2026-01-24 08:30:00,1769243400,53.814,57.077,-1.871,-2.304,0.0,25.127,49.511,541.643,0.8660254037844387,-0.4999999999999998,-0.9749279121818236,-0.2225209339563146,0,0,0
2026-01-24 08:30:00,1769243400,42.711,44.098,-0.701,-0.989,0.0,22.369,54.695,511.724,0.8660254037844387,-0.4999999999999998,-0.9749279121818236,-0.2225209339563146,0,0,0
2026-01-24 08:40:00,1769244000,42.644,43.339,-0.067,-0.648,0.0,22.112,65.115,446.408,0.8660254037844387,-0.4999999999999998,-0.9749279121818236,-0.2225209339563146,0,0,0
2026-01-24 08:40:00,1769244000,51.602,54.796,-2.212,-2.16,0.0,24.593,61.175,515.358,0.8660254037844387,-0.4999999999999998,-0.9749279121818236,-0.2225209339563146,0,0,0
2026-01-24 08:50:00,1769244600,50.241,52.835,-1.362,-1.815,0.0,25.531,66.482,508.647,0.8660254037844387,-0.4999999999999998,-0.9749279121818236,-0.2225209339563146,0,0,0
2026-01-24 08:50:00,1769244600,42.541,42.827,-0.103,-0.29,0.0,26.443,53.948,489.911,0.8660254037844387,-0.4999999999999998,-0.9749279121818236,-0.2225209339563146,0,0,0
2026-01-24 09:00:00,1769245200,40.723,42.155,-1.818,-0.663,0.0,25.969,55.677,491.597,0.7071067811865476,-0.7071067811865475,-0.9749279121818236,-0.2225209339563146,0,0,0
2026-01-24 09:00:00,1769245200,48.951,51.152,-1.29,-1.621,0.0,23.276,61.657,654.796,0.7071067811865476,-0.7071067811865475,-0.9749279121818236,-0.2225209339563146,0,0,0
2026-01-24 09:10:00,1769245800,46.892,49.421,-2.059,-1.57,0.0,29.746,62.825,592.529,0.7071067811865476,-0.7071067811865475,-0.9749279121818236,-0.2225209339563146,0,0,0
2026-01-24 09:10:00,1769245800,38.728,41.159,-1.995,-1.305,0.0,25.939,54.718,737.864,0.7071067811865476,-0.7071067811865475,-0.9749279121818236,-0.2225209339563146,0,0,0
2026-01-24 09:20:00,1769246400,36.841,39.708,-1.887,-1.9,0.0,22.871,69.236,598.18,0.7071067811865476,-0.7071067811865475,-0.9749279121818236,-0.2225209339563146,0,0,0
2026-01-24 09:20:00,1769246400,44.865,47.737,-2.026,-1.792,0.0,23.96,70.579,756.442,0.7071067811865476,-0.7071067811865475,-0.9749279121818236,-0.2225209339563146,0,0,0
2026-01-24 09:30:00,1769247000,52.572,48.32,7.707,1.207,0.0,29.325,55.598,668.128,0.7071067811865476,-0.7071067811865475,-0.9749279121818236,-0.2225209339563146,0,0,1
2026-01-24 09:40:00,1769247600,51.934,49.066,-0.638,1.681,0.0,25.189,59.696,758.094,0.7071067811865476,-0.7071067811865475,-0.9749279121818236,-0.2225209339563146,0,0,0
2026-01-24 10:40:00,1769251200,55.359,55.359,-3.534,0.0,0.0,30.551,60.338,935.789,0.4999999999999999,-0.8660254037844387,-0.9749279121818236,-0.2225209339563146,0,0,0
2026-01-24 10:50:00,1769251800,53.904,54.632,-1.455,-1.455,0.0,24.619,57.607,729.223,0.4999999999999999,-0.8660254037844387,-0.9749279121818236,-0.2225209339563146,0,0,0
2026-01-24 11:00:00,1769252400,51.15,53.471,-2.755,-2.105,0.0,29.557,49.69,935.836,0.258819045102521,-0.9659258262890682,-0.9749279121818236,-0.2225209339563146,0,0,0
2026-01-24 11:10:00,1769253000,49.313,52.431,-1.837,-2.015,0.0,29.975,50.848,760.801,0.258819045102521,-0.9659258262890682,-0.9749279121818236,-0.2225209339563146,0,0,0
2026-01-24 11:20:00,1769253600,45.236,49.901,-4.077,-2.889,0.0,29.674,51.308,857.685,0.258819045102521,-0.9659258262890682,-0.9749279121818236,-0.2225209339563146,0,0,0
2026-01-24 11:30:00,1769254200,41.781,46.87,-3.455,-3.123,0.0,27.613,64.49,868.076,0.258819045102521,-0.9659258262890682,-0.9749279121818236,-0.2225209339563146,0,0,0
2026-01-24 11:40:00,1769254800,39.562,43.973,-2.219,-3.25,0.0,30.31,56.105,831.4,0.258819045102521,-0.9659258262890682,-0.9749279121818236,-0.2225209339563146,0,0,0
2026-01-24 11:50:00,1769255400,37.491,41.018,-2.072,-2.582,0.0,30.348,63.467,847.446,0.258819045102521,-0.9659258262890682,-0.9749279121818236,-0.2225209339563146,0,0,0
2026-01-24 12:00:00,1769256000,35.732,38.642,-1.759,-2.016,0.0,33.655,54.512,953.726,1.2246467991473532e-16,-1.0,-0.9749279121818236,-0.2225209339563146,0,0,0
2026-01-24 12:10:00,1769256600,32.546,36.333,-3.187,-2.339,0.167,30.039,55.987,927.054,1.2246467991473532e-16,-1.0,-0.9749279121818236,-0.2225209339563146,0,0,0
2026-01-24 12:20:00,1769257200,31.403,34.293,-1.143,-2.029,0.333,31.183,61.561,999.18,1.2246467991473532e-16,-1.0,-0.9749279121818236,-0.2225209339563146,0,0,0
2026-01-24 12:30:00,1769257800,27.948,31.907,-3.455,-2.595,0.5,31.502,57.565,908.216,1.2246467991473532e-16,-1.0,-0.9749279121818236,-0.2225209339563146,1,0,0
2026-01-24 15:50:00,1769269800,72.508,72.508,-2.061,0.0,0.0,24.626,64.325,627.284,-0.7071067811865471,-0.7071067811865479,-0.9749279121818236,-0.2225209339563146,0,0,0
2026-01-24 16:00:00,1769270400,70.738,71.623,-1.77,-1.77,0.0,24.536,53.136,501.98,-0.8660254037844385,-0.5000000000000004,-0.9749279121818236,-0.2225209339563146,0,0,0
2026-01-24 16:10:00,1769271000,69.898,71.048,-0.84,-1.305,0.0,28.76,69.256,536.586,-0.8660254037844385,-0.5000000000000004,-0.9749279121818236,-0.2225209339563146,0,0,0
2026-01-24 16:20:00,1769271600,67.799,70.236,-2.099,-1.57,0.0,24.626,67.869,558.071,-0.8660254037844385,-0.5000000000000004,-0.9749279121818236,-0.2225209339563146,0,0,0
2026-01-24 16:30:00,1769272200,65.655,68.523,-2.144,-1.694,0.0,25.096,59.74,459.659,-0.8660254037844385,-0.5000000000000004,-0.9749279121818236,-0.2225209339563146,0,0,0
2026-01-24 16:40:00,1769272800,63.432,66.696,-2.223,-2.155,0.0,20.445,55.722,495.36,-0.8660254037844385,-0.5000000000000004,-0.9749279121818236,-0.2225209339563146,0,0,0
2026-01-24 16:50:00,1769273400,62.398,64.821,-1.034,-1.8,0.0,24.738,68.326,534.01,-0.8660254037844385,-0.5000000000000004,-0.9749279121818236,-0.2225209339563146,0,0,0
2026-01-24 16:50:00,1769273400,45.399,45.399,-0.561,0.0,0.0,26.669,64.991,546.993,-0.8660254037844385,-0.5000000000000004,-0.9749279121818236,-0.2225209339563146,0,0,0
2026-01-24 17:00:00,1769274000,43.895,44.647,-1.504,-1.504,0.0,23.559,63.482,171.338,-0.9659258262890684,-0.2588190451025206,-0.9749279121818236,-0.2225209339563146,0,0,0
2026-01-24 17:00:00,1769274000,61.899,63.346,-0.5,-1.252,0.0,22.549,72.838,342.584,-0.9659258262890684,-0.2588190451025206,-0.9749279121818236,-0.2225209339563146,0,0,0
2026-01-24 17:10:00,1769274600,60.598,62.082,-1.301,-0.945,0.0,17.438,65.889,388.971,-0.9659258262890684,-0.2588190451025206,-0.9749279121818236,-0.2225209339563146,0,0,0
2026-01-24 17:10:00,1769274600,42.6,43.964,-1.295,-1.399,0.0,19.125,65.17,237.051,-0.9659258262890684,-0.2588190451025206,-0.9749279121818236,-0.2225209339563146,0,0,0
2026-01-24 17:20:00,1769275200,41.571,43.366,-1.029,-1.276,0.0,23.483,59.23,386.777,-0.9659258262890684,-0.2588190451025206,-0.9749279121818236,-0.2225209339563146,0,0,0
2026-01-24 17:20:00,1769275200,58.583,60.87,-2.016,-1.272,0.0,19.229,74.397,409.994,-0.9659258262890684,-0.2588190451025206,-0.9749279121818236,-0.2225209339563146,0,0,0
2026-01-24 17:30:00,1769275800,58.015,59.774,-0.568,-1.295,0.0,21.493,59.549,283.596,-0.9659258262890684,-0.2588190451025206,-0.9749279121818236,-0.2225209339563146,0,0,0
2026-01-24 17:30:00,1769275800,39.769,41.959,-1.803,-1.375,0.0,22.084,68.364,293.148,-0.9659258262890684,-0.2588190451025206,-0.9749279121818236,-0.2225209339563146,0,0,0
2026-01-24 17:40:00,1769276400,56.838,58.508,-1.177,-1.254,0.0,21.262,67.143,373.779,-0.9659258262890684,-0.2588190451025206,-0.9749279121818236,-0.2225209339563146,0,0,0
2026-01-24 17:40:00,1769276400,38.499,40.61,-1.27,-1.367,0.0,20.722,62.192,382.872,-0.9659258262890684,-0.2588190451025206,-0.9749279121818236,-0.2225209339563146,0,0,0
2026-01-24 17:50:00,1769277000,37.391,39.308,-1.108,-1.393,0.0,21.44,74.584,179.401,-0.9659258262890684,-0.2588190451025206,-0.9749279121818236,-0.2225209339563146,0,0,0
2026-01-24 18:00:00,1769277600,35.857,37.879,-1.534,-1.304,0.0,20.676,72.467,20.0,-1.0,-1.8369701987210294e-16,-0.9749279121818236,-0.2225209339563146,0,0,0
2026-01-24 18:10:00,1769278200,35.879,36.907,0.022,-0.873,0.0,17.681,73.659,91.909,-1.0,-1.8369701987210294e-16,-0.9749279121818236,-0.2225209339563146,0,0,0
2026-01-24 18:20:00,1769278800,33.963,35.773,-1.917,-1.143,0.167,19.445,76.273,20.0,-1.0,-1.8369701987210294e-16,-0.9749279121818236,-0.2225209339563146,0,0,0
2026-01-24 18:30:00,1769279400,43.013,37.178,9.05,2.385,0.0,20.284,69.178,32.539,-1.0,-1.8369701987210294e-16,-0.9749279121818236,-0.2225209339563146,0,0,1
2026-01-24 18:40:00,1769280000,40.692,38.387,-2.321,1.604,0.0,23.263,75.428,113.976,-1.0,-1.8369701987210294e-16,-0.9749279121818236,-0.2225209339563146,0,0,0
2026-01-25 11:50:00,1769341800,41.838,41.838,-3.591,0.0,0.0,29.76,51.866,896.424,0.258819045102521,-0.9659258262890682,-0.7818314824680299,0.6234898018587334,0,0,0
2026-01-25 12:00:00,1769342400,39.855,40.847,-1.983,-1.983,0.0,29.262,50.054,932.353,1.2246467991473532e-16,-1.0,-0.7818314824680299,0.6234898018587334,0,0,0
2026-01-25 12:10:00,1769343000,37.432,39.708,-2.423,-2.203,0.0,27.715,59.374,869.12,1.2246467991473532e-16,-1.0,-0.7818314824680299,0.6234898018587334,0,0,0
2026-01-25 12:20:00,1769343600,35.479,38.651,-1.953,-2.12,0.0,33.085,55.048,994.828,1.2246467991473532e-16,-1.0,-0.7818314824680299,0.6234898018587334,0,0,0
2026-01-25 12:30:00,1769344200,32.605,36.343,-2.874,-2.417,0.167,28.853,47.587,887.605,1.2246467991473532e-16,-1.0,-0.7818314824680299,0.6234898018587334,0,0,0
2026-01-25 12:40:00,1769344800,30.563,34.02,-2.042,-2.29,0.333,27.3,52.565,901.798,1.2246467991473532e-16,-1.0,-0.7818314824680299,0.6234898018587334,0,0,0
2026-01-25 12:50:00,1769345400,28.259,31.727,-2.305,-2.407,0.5,27.308,46.403,799.494,1.2246467991473532e-16,-1.0,-0.7818314824680299,0.6234898018587334,1,0,0
2026-01-25 13:00:00,1769346000,25.524,29.238,-2.734,-2.36,0.667,26.919,55.848,918.995,-0.2588190451025208,-0.9659258262890684,-0.7818314824680299,0.6234898018587334,1,0,0
2026-01-25 13:10:00,1769346600,22.466,26.703,-3.058,-2.699,0.833,30.129,59.358,952.972,-0.2588190451025208,-0.9659258262890684,-0.7818314824680299,0.6234898018587334,1,0,0
2026-01-25 13:20:00,1769347200,19.616,23.966,-2.851,-2.881,1.0,29.8,52.059,866.486,-0.2588190451025208,-0.9659258262890684,-0.7818314824680299,0.6234898018587334,1,0,0
2026-01-25 13:30:00,1769347800,18.449,21.514,-1.167,-2.358,1.167,28.676,52.563,879.903,-0.2588190451025208,-0.9659258262890684,-0.7818314824680299,0.6234898018587334,1,0,0
2026-01-25 13:40:00,1769348400,16.887,19.354,-1.562,-1.86,1.333,26.684,51.794,861.586,-0.2588190451025208,-0.9659258262890684,-0.7818314824680299,0.6234898018587334,1,0,0
2026-01-25 20:20:00,1769372400,50.177,50.177,0.119,0.0,0.0,18.228,69.419,72.402,-0.8660254037844386,0.5000000000000001,-0.7818314824680299,0.6234898018587334,0,0,0
2026-01-25 20:30:00,1769373000,48.901,49.539,-1.277,-1.277,0.0,19.285,74.867,119.223,-0.8660254037844386,0.5000000000000001,-0.7818314824680299,0.6234898018587334,0,0,0
2026-01-25 20:40:00,1769373600,47.331,48.803,-1.57,-1.423,0.0,21.549,67.09,147.886,-0.8660254037844386,0.5000000000000001,-0.7818314824680299,0.6234898018587334,0,0,0
2026-01-25 20:50:00,1769374200,45.468,47.969,-1.863,-1.57,0.0,15.969,73.392,200.829,-0.8660254037844386,0.5000000000000001,-0.7818314824680299,0.6234898018587334,0,0,0
2026-01-25 21:00:00,1769374800,44.712,46.603,-0.756,-1.396,0.0,18.959,69.331,54.49,-0.7071067811865477,0.7071067811865474,-0.7818314824680299,0.6234898018587334,0,0,0
2026-01-25 21:10:00,1769375400,44.516,45.507,-0.196,-0.938,0.0,21.36,75.764,20.0,-0.7071067811865477,0.7071067811865474,-0.7818314824680299,0.6234898018587334,0,0,0
2026-01-25 21:20:00,1769376000,43.669,44.591,-0.846,-0.599,0.0,21.152,66.844,100.924,-0.7071067811865477,0.7071067811865474,-0.7818314824680299,0.6234898018587334,0,0,0
2026-01-25 21:30:00,1769376600,44.602,44.375,0.933,-0.036,0.0,23.649,63.678,208.951,-0.7071067811865477,0.7071067811865474,-0.7818314824680299,0.6234898018587334,0,0,0
2026-01-25 21:40:00,1769377200,44.096,44.221,-0.506,-0.14,0.0,21.741,67.022,148.647,-0.7071067811865477,0.7071067811865474,-0.7818314824680299,0.6234898018587334,0,0,0
2026-01-25 21:50:00,1769377800,43.374,43.935,-0.722,-0.098,0.0,20.261,77.982,118.803,-0.7071067811865477,0.7071067811865474,-0.7818314824680299,0.6234898018587334,0,0,0
2026-01-25 22:00:00,1769378400,42.004,43.519,-1.37,-0.866,0.0,20.961,75.659,156.724,-0.5000000000000004,0.8660254037844384,-0.7818314824680299,0.6234898018587334,0,0,0
2026-01-25 22:10:00,1769379000,42.023,42.874,0.019,-0.691,0.0,18.558,75.931,40.259,-0.5000000000000004,0.8660254037844384,-0.7818314824680299,0.6234898018587334,0,0,0
2026-01-26 23:00:00,1769468400,37.713,37.713,0.296,0.0,0.0,22.433,73.244,156.16,-0.2588190451025215,0.965925826289068,0.0,1.0,0,0,0
2026-01-26 23:10:00,1769469000,37.181,37.447,-0.531,-0.531,0.0,19.701,62.893,90.079,-0.2588190451025215,0.965925826289068,0.0,1.0,0,0,0
2026-01-26 23:20:00,1769469600,36.41,37.101,-0.771,-0.651,0.0,19.386,66.43,20.0,-0.2588190451025215,0.965925826289068,0.0,1.0,0,0,0
2026-01-26 23:30:00,1769470200,35.574,36.72,-0.837,-0.713,0.0,17.192,76.493,92.813,-0.2588190451025215,0.965925826289068,0.0,1.0,0,0,0
2026-01-26 23:40:00,1769470800,35.585,36.188,0.011,-0.532,0.0,18.643,77.486,20.0,-0.2588190451025215,0.965925826289068,0.0,1.0,0,0,0
2026-01-26 23:50:00,1769471400,33.7,35.317,-1.884,-0.903,0.167,17.023,68.718,41.811,-0.2588190451025215,0.965925826289068,0.0,1.0,0,0,0
2026-01-27 00:00:00,1769472000,32.759,34.404,-0.942,-0.938,0.333,17.43,71.547,124.32,0.0,1.0,0.7818314824680298,0.6234898018587336,0,0,0
2026-01-27 00:10:00,1769472600,31.084,33.282,-1.675,-1.5,0.5,17.85,67.77,37.189,0.0,1.0,0.7818314824680298,0.6234898018587336,0,0,0
2026-01-27 00:20:00,1769473200,31.384,32.232,0.301,-0.772,0.667,19.11,78.373,70.542,0.0,1.0,0.7818314824680298,0.6234898018587336,0,0,0
2026-01-27 00:30:00,1769473800,30.881,31.527,-0.503,-0.626,0.833,19.451,69.692,125.348,0.0,1.0,0.7818314824680298,0.6234898018587336,0,0,0
2026-01-27 00:40:00,1769474400,38.013,32.84,7.132,2.31,0.667,20.03,67.674,182.385,0.0,1.0,0.7818314824680298,0.6234898018587336,0,0,1
2026-01-27 00:50:00,1769475000,38.269,34.637,0.256,2.295,0.5,16.35,75.884,46.209,0.0,1.0,0.7818314824680298,0.6234898018587336,0,0,0
2026-01-27 11:20:00,1769512800,70.446,70.446,-3.032,0.0,0.0,25.269,58.412,891.503,0.258819045102521,-0.9659258262890682,0.7818314824680298,0.6234898018587336,0,0,0
2026-01-27 11:30:00,1769513400,67.348,68.897,-3.098,-3.098,0.0,27.936,46.083,901.11,0.258819045102521,-0.9659258262890682,0.7818314824680298,0.6234898018587336,0,0,0
2026-01-27 11:40:00,1769514000,64.665,67.487,-2.683,-2.891,0.0,27.244,55.425,874.553,0.258819045102521,-0.9659258262890682,0.7818314824680298,0.6234898018587336,0,0,0
2026-01-27 11:50:00,1769514600,61.362,65.955,-3.304,-3.028,0.0,29.681,49.357,898.493,0.258819045102521,-0.9659258262890682,0.7818314824680298,0.6234898018587336,0,0,0
2026-01-27 12:00:00,1769515200,58.625,63.0,-2.737,-2.908,0.0,27.815,49.749,995.897,1.2246467991473532e-16,-1.0,0.7818314824680298,0.6234898018587336,0,0,0
2026-01-27 12:10:00,1769515800,57.196,60.462,-1.429,-2.49,0.0,25.08,48.666,857.655,1.2246467991473532e-16,-1.0,0.7818314824680298,0.6234898018587336,0,0,0
2026-01-27 12:20:00,1769516400,53.913,57.774,-3.283,-2.483,0.0,26.327,57.798,962.636,1.2246467991473532e-16,-1.0,0.7818314824680298,0.6234898018587336,0,0,0
2026-01-27 12:30:00,1769517000,50.331,55.016,-3.582,-2.765,0.0,32.656,57.152,933.7,1.2246467991473532e-16,-1.0,0.7818314824680298,0.6234898018587336,0,0,0
2026-01-27 12:40:00,1769517600,47.638,52.269,-2.693,-3.186,0.0,24.741,49.788,1079.672,1.2246467991473532e-16,-1.0,0.7818314824680298,0.6234898018587336,0,0,0
2026-01-27 12:50:00,1769518200,44.186,49.017,-3.452,-3.242,0.0,25.392,61.02,906.707,1.2246467991473532e-16,-1.0,0.7818314824680298,0.6234898018587336,0,0,0
2026-01-27 13:00:00,1769518800,40.314,45.617,-3.872,-3.339,0.0,27.633,49.716,974.245,-0.2588190451025208,-0.9659258262890684,0.7818314824680298,0.6234898018587336,0,0,0
2026-01-27 13:10:00,1769519400,38.133,42.568,-2.18,-3.168,0.0,28.104,47.606,848.045,-0.2588190451025208,-0.9659258262890684,0.7818314824680298,0.6234898018587336,0,0,0
2026-01-27 15:30:00,1769527800,37.907,37.907,-3.834,0.0,0.0,28.784,62.436,659.872,-0.7071067811865471,-0.7071067811865479,0.7818314824680298,0.6234898018587336,0,0,0
2026-01-27 15:40:00,1769528400,34.616,36.262,-3.291,-3.291,0.167,27.16,61.313,640.322,-0.7071067811865471,-0.7071067811865479,0.7818314824680298,0.6234898018587336,0,0,0
2026-01-27 15:50:00,1769529000,33.95,35.491,-0.666,-1.978,0.333,26.091,62.15,695.785,-0.7071067811865471,-0.7071067811865479,0.7818314824680298,0.6234898018587336,0,0,0
2026-01-27 16:00:00,1769529600,33.04,34.878,-0.91,-1.622,0.5,25.796,74.214,506.603,-0.8660254037844385,-0.5000000000000004,0.7818314824680298,0.6234898018587336,0,0,0
2026-01-27 16:10:00,1769530200,33.255,33.715,0.215,-0.454,0.667,24.012,63.093,535.277,-0.8660254037844385,-0.5000000000000004,0.7818314824680298,0.6234898018587336,0,0,0
2026-01-27 16:20:00,1769530800,31.505,32.938,-1.749,-0.815,0.833,23.248,55.598,585.843,-0.8660254037844385,-0.5000000000000004,0.7818314824680298,0.6234898018587336,0,0,0
2026-01-27 16:30:00,1769531400,31.137,32.234,-0.368,-0.634,1.0,23.683,57.89,545.43,-0.8660254037844385,-0.5000000000000004,0.7818314824680298,0.6234898018587336,0,0,0
2026-01-27 16:40:00,1769532000,30.103,31.5,-1.035,-1.051,1.167,23.974,62.821,616.024,-0.8660254037844385,-0.5000000000000004,0.7818314824680298,0.6234898018587336,0,0,0
2026-01-27 16:50:00,1769532600,28.691,30.359,-1.412,-0.938,1.333,23.149,55.695,514.104,-0.8660254037844385,-0.5000000000000004,0.7818314824680298,0.6234898018587336,0,0,0
2026-01-27 17:00:00,1769533200,26.923,29.213,-1.767,-1.405,1.5,22.057,73.704,283.018,-0.9659258262890684,-0.2588190451025206,0.7818314824680298,0.6234898018587336,0,0,0
2026-01-27 17:10:00,1769533800,25.894,27.903,-1.03,-1.403,1.667,19.669,64.368,246.44,-0.9659258262890684,-0.2588190451025206,0.7818314824680298,0.6234898018587336,0,0,0
2026-01-27 17:20:00,1769534400,25.699,26.802,-0.195,-0.997,1.833,19.216,73.812,322.427,-0.9659258262890684,-0.2588190451025206,0.7818314824680298,0.6234898018587336,0,0,0
2026-01-27 20:10:00,1769544600,67.964,67.964,-0.262,0.0,0.0,17.177,80.657,127.854,-0.8660254037844386,0.5000000000000001,0.7818314824680298,0.6234898018587336,0,0,0
2026-01-27 20:20:00,1769545200,67.832,67.898,-0.131,-0.131,0.0,19.514,63.645,33.221,-0.8660254037844386,0.5000000000000001,0.7818314824680298,0.6234898018587336,0,0,0
2026-01-27 20:30:00,1769545800,66.536,67.444,-1.296,-0.714,0.0,17.957,70.678,105.943,-0.8660254037844386,0.5000000000000001,0.7818314824680298,0.6234898018587336,0,0,0
2026-01-27 20:40:00,1769546400,65.686,67.004,-0.85,-0.759,0.0,21.77,73.772,212.257,-0.8660254037844386,0.5000000000000001,0.7818314824680298,0.6234898018587336,0,0,0
2026-01-27 20:50:00,1769547000,63.537,65.898,-2.148,-1.432,0.0,17.34,71.613,159.098,-0.8660254037844386,0.5000000000000001,0.7818314824680298,0.6234898018587336,0,0,0
2026-01-27 21:00:00,1769547600,63.312,64.768,-0.225,-1.075,0.0,19.16,61.375,224.552,-0.7071067811865477,0.7071067811865474,0.7818314824680298,0.6234898018587336,0,0,0
2026-01-27 21:10:00,1769548200,62.212,63.687,-1.1,-1.158,0.0,20.253,73.273,33.566,-0.7071067811865477,0.7071067811865474,0.7818314824680298,0.6234898018587336,0,0,0
2026-01-27 21:20:00,1769548800,61.256,62.579,-0.957,-0.761,0.0,18.181,66.454,88.809,-0.7071067811865477,0.7071067811865474,0.7818314824680298,0.6234898018587336,0,0,0
2026-01-27 21:30:00,1769549400,58.374,61.288,-2.882,-1.646,0.0,16.173,76.945,67.533,-0.7071067811865477,0.7071067811865474,0.7818314824680298,0.6234898018587336,0,0,0
2026-01-27 21:40:00,1769550000,58.584,60.106,0.21,-1.209,0.0,19.296,74.808,36.586,-0.7071067811865477,0.7071067811865474,0.7818314824680298,0.6234898018587336,0,0,0
2026-01-27 21:50:00,1769550600,59.414,59.407,0.83,-0.614,0.0,19.392,63.442,121.061,-0.7071067811865477,0.7071067811865474,0.7818314824680298,0.6234898018587336,0,0,0
2026-01-27 22:00:00,1769551200,58.327,58.675,-1.087,-0.016,0.0,19.78,73.378,109.365,-0.5000000000000004,0.8660254037844384,0.7818314824680298,0.6234898018587336,0,0,0
2026-01-28 08:20:00,1769588400,37.457,37.457,-1.912,0.0,0.0,25.688,60.009,505.621,0.8660254037844387,-0.4999999999999998,0.9749279121818236,-0.2225209339563143,0,0,0
2026-01-28 08:30:00,1769589000,35.406,36.431,-2.051,-2.051,0.0,23.093,67.44,450.811,0.8660254037844387,-0.4999999999999998,0.9749279121818236,-0.2225209339563143,0,0,0
2026-01-28 08:40:00,1769589600,34.054,35.639,-1.352,-1.701,0.167,21.851,68.477,554.611,0.8660254037844387,-0.4999999999999998,0.9749279121818236,-0.2225209339563143,0,0,0
2026-01-28 08:50:00,1769590200,34.164,35.27,0.109,-1.098,0.333,22.753,64.858,364.43,0.8660254037844387,-0.4999999999999998,0.9749279121818236,-0.2225209339563143,0,0,0
2026-01-28 09:00:00,1769590800,33.38,34.251,-0.784,-0.675,0.5,22.946,58.638,759.876,0.7071067811865476,-0.7071067811865475,0.9749279121818236,-0.2225209339563143,0,0,0
2026-01-28 09:10:00,1769591400,31.048,33.161,-2.332,-1.002,0.667,26.831,60.646,748.606,0.7071067811865476,-0.7071067811865475,0.9749279121818236,-0.2225209339563143,0,0,0
2026-01-28 09:20:00,1769592000,28.606,31.799,-2.442,-1.853,0.833,26.628,60.975,805.317,0.7071067811865476,-0.7071067811865475,0.9749279121818236,-0.2225209339563143,1,0,0
2026-01-28 09:30:00,1769592600,26.031,29.766,-2.574,-2.449,1.0,26.164,62.944,692.571,0.7071067811865476,-0.7071067811865475,0.9749279121818236,-0.2225209339563143,1,0,0
2026-01-28 09:40:00,1769593200,24.017,27.425,-2.014,-2.344,1.167,21.87,57.654,686.94,0.7071067811865476,-0.7071067811865475,0.9749279121818236,-0.2225209339563143,1,0,0
2026-01-28 09:50:00,1769593800,22.169,25.206,-1.848,-2.146,1.333,21.475,70.643,819.823,0.7071067811865476,-0.7071067811865475,0.9749279121818236,-0.2225209339563143,1,0,0
2026-01-28 10:00:00,1769594400,31.495,25.928,9.326,1.821,1.5,28.788,56.619,717.083,0.4999999999999999,-0.8660254037844387,0.9749279121818236,-0.2225209339563143,0,0,1
2026-01-28 10:10:00,1769595000,30.241,26.98,-1.253,2.075,1.667,26.322,62.283,875.33,0.4999999999999999,-0.8660254037844387,0.9749279121818236,-0.2225209339563143,0,0,0
2026-01-28 10:30:00,1769596200,31.319,31.319,-3.718,0.0,0.167,28.91,57.773,864.461,0.4999999999999999,-0.8660254037844387,0.9749279121818236,-0.2225209339563143,0,0,0
2026-01-28 10:40:00,1769596800,29.95,30.634,-1.369,-1.369,0.333,26.837,42.942,855.651,0.4999999999999999,-0.8660254037844387,0.9749279121818236,-0.2225209339563143,0,0,0
2026-01-28 10:50:00,1769597400,27.18,29.483,-2.77,-2.07,0.5,28.784,53.024,758.786,0.4999999999999999,-0.8660254037844387,0.9749279121818236,-0.2225209339563143,1,0,0
2026-01-28 11:00:00,1769598000,25.081,28.382,-2.098,-2.079,0.667,30.941,56.412,1025.71,0.258819045102521,-0.9659258262890682,0.9749279121818236,-0.2225209339563143,1,0,0
2026-01-28 11:10:00,1769598600,39.487,39.487,-1.99,0.0,0.0,28.732,47.546,803.248,0.258819045102521,-0.9659258262890682,0.9749279121818236,-0.2225209339563143,0,0,0
2026-01-28 11:10:00,1769598600,23.003,26.304,-2.078,-2.316,0.833,28.982,50.943,813.048,0.258819045102521,-0.9659258262890682,0.9749279121818236,-0.2225209339563143,1,0,0
2026-01-28 11:20:00,1769599200,20.572,23.959,-2.431,-2.203,1.0,27.93,39.248,936.122,0.258819045102521,-0.9659258262890682,0.9749279121818236,-0.2225209339563143,1,0,0
2026-01-28 11:20:00,1769599200,38.119,38.803,-1.368,-1.368,0.0,25.105,55.225,901.623,0.258819045102521,-0.9659258262890682,0.9749279121818236,-0.2225209339563143,0,0,0
2026-01-28 11:30:00,1769599800,33.839,37.149,-4.28,-2.824,0.167,28.603,57.011,858.535,0.258819045102521,-0.9659258262890682,0.9749279121818236,-0.2225209339563143,1,0,0
2026-01-28 11:30:00,1769599800,18.714,21.843,-1.858,-2.122,1.167,27.488,62.824,932.252,0.258819045102521,-0.9659258262890682,0.9749279121818236,-0.2225209339563143,1,0,0
2026-01-28 11:40:00,1769600400,14.374,19.166,-4.34,-2.876,1.333,28.419,50.123,974.151,0.258819045102521,-0.9659258262890682,0.9749279121818236,-0.2225209339563143,1,0,0
2026-01-28 11:40:00,1769600400,29.869,35.329,-3.97,-3.206,0.333,29.087,53.896,938.036,0.258819045102521,-0.9659258262890682,0.9749279121818236,-0.2225209339563143,1,0,0
2026-01-28 11:50:00,1769601000,27.632,32.365,-2.237,-3.496,0.5,28.781,53.519,861.474,0.258819045102521,-0.9659258262890682,0.9749279121818236,-0.2225209339563143,1,0,0
2026-01-28 11:50:00,1769601000,24.513,19.543,10.138,1.314,1.5,26.987,58.619,954.303,0.258819045102521,-0.9659258262890682,0.9749279121818236,-0.2225209339563143,0,0,1
2026-01-28 12:00:00,1769601600,20.914,19.629,-3.599,0.733,1.667,29.012,61.508,962.733,1.2246467991473532e-16,-1.0,0.9749279121818236,-0.2225209339563143,1,0,0
2026-01-28 12:00:00,1769601600,27.372,29.678,-0.26,-2.156,0.667,25.623,65.228,990.507,1.2246467991473532e-16,-1.0,0.9749279121818236,-0.2225209339563143,1,0,0
2026-01-28 12:10:00,1769602200,25.049,27.481,-2.324,-1.607,0.833,27.831,59.833,1019.284,1.2246467991473532e-16,-1.0,0.9749279121818236,-0.2225209339563143,0,0,0
2026-01-28 12:10:00,1769602200,18.174,19.494,-2.74,1.267,1.833,31.092,55.2,989.396,1.2246467991473532e-16,-1.0,0.9749279121818236,-0.2225209339563143,1,0,0
2026-01-28 12:20:00,1769602800,16.939,20.135,-1.235,-2.525,2.0,27.281,55.652,990.809,1.2246467991473532e-16,-1.0,0.9749279121818236,-0.2225209339563143,2,0,0
2026-01-28 12:20:00,1769602800,21.479,25.383,-3.569,-2.051,1.0,30.258,53.843,1035.224,1.2246467991473532e-16,-1.0,0.9749279121818236,-0.2225209339563143,1,0,0
2026-01-28 12:30:00,1769603400,19.081,23.245,-2.398,-2.764,1.167,29.89,45.983,802.52,1.2246467991473532e-16,-1.0,0.9749279121818236,-0.2225209339563143,1,0,0
2026-01-28 12:40:00,1769604000,17.358,20.742,-1.724,-2.564,1.333,28.477,52.331,830.131,1.2246467991473532e-16,-1.0,0.9749279121818236,-0.2225209339563143,1,0,0
2026-01-28 12:50:00,1769604600,16.61,18.632,-0.748,-1.623,1.5,23.225,43.078,876.988,1.2246467991473532e-16,-1.0,0.9749279121818236,-0.2225209339563143,1,0,0
2026-01-28 13:00:00,1769605200,15.071,17.03,-1.538,-1.337,1.667,26.046,53.121,907.528,-0.2588190451025208,-0.9659258262890684,0.9749279121818236,-0.2225209339563143,1,0,0
2026-01-28 15:50:00,1769615400,54.371,54.371,-0.781,0.0,0.0,23.815,64.038,700.022,-0.7071067811865471,-0.7071067811865479,0.9749279121818236,-0.2225209339563143,0,0,0
2026-01-28 16:00:00,1769616000,55.859,55.115,1.487,1.487,0.0,20.101,62.979,425.975,-0.8660254037844385,-0.5000000000000004,0.9749279121818236,-0.2225209339563143,0,0,0
2026-01-28 16:10:00,1769616600,53.613,54.614,-2.246,-0.379,0.0,24.349,66.638,466.189,-0.8660254037844385,-0.5000000000000004,0.9749279121818236,-0.2225209339563143,0,0,0
2026-01-28 16:20:00,1769617200,53.425,54.317,-0.188,-0.316,0.0,23.319,63.119,493.28,-0.8660254037844385,-0.5000000000000004,0.9749279121818236,-0.2225209339563143,0,0,0
2026-01-28 16:30:00,1769617800,51.989,53.721,-1.435,-1.29,0.0,24.146,52.782,385.512,-0.8660254037844385,-0.5000000000000004,0.9749279121818236,-0.2225209339563143,0,0,0
2026-01-28 16:40:00,1769618400,52.619,52.911,0.63,-0.331,0.0,25.585,66.102,545.537,-0.8660254037844385,-0.5000000000000004,0.9749279121818236,-0.2225209339563143,0,0,0
2026-01-28 16:50:00,1769619000,51.481,52.379,-1.138,-0.648,0.0,22.624,67.784,532.869,-0.8660254037844385,-0.5000000000000004,0.9749279121818236,-0.2225209339563143,0,0,0
2026-01-28 17:00:00,1769619600,50.482,51.643,-1.0,-0.503,0.0,24.144,70.307,262.839,-0.9659258262890684,-0.2588190451025206,0.9749279121818236,-0.2225209339563143,0,0,0
2026-01-28 17:10:00,1769620200,49.044,50.906,-1.438,-1.192,0.0,22.041,66.307,318.285,-0.9659258262890684,-0.2588190451025206,0.9749279121818236,-0.2225209339563143,0,0,0
2026-01-28 17:20:00,1769620800,48.023,49.757,-1.021,-1.153,0.0,23.013,61.165,182.176,-0.9659258262890684,-0.2588190451025206,0.9749279121818236,-0.2225209339563143,0,0,0
2026-01-28 17:30:00,1769621400,47.62,48.792,-0.403,-0.954,0.0,17.78,66.882,358.754,-0.9659258262890684,-0.2588190451025206,0.9749279121818236,-0.2225209339563143,0,0,0
2026-01-28 17:40:00,1769622000,47.419,48.026,-0.2,-0.542,0.0,19.686,57.096,394.081,-0.9659258262890684,-0.2588190451025206,0.9749279121818236,-0.2225209339563143,0,0,0
2026-01-28 18:00:00,1769623200,41.477,41.477,-0.611,0.0,0.0,19.348,66.847,91.304,-1.0,-1.8369701987210294e-16,0.9749279121818236,-0.2225209339563143,0,0,0
2026-01-28 18:10:00,1769623800,39.988,40.732,-1.489,-1.489,0.0,21.769,61.112,86.754,-1.0,-1.8369701987210294e-16,0.9749279121818236,-0.2225209339563143,0,0,0
2026-01-28 18:20:00,1769624400,37.761,39.742,-2.227,-1.858,0.0,20.081,78.166,143.842,-1.0,-1.8369701987210294e-16,0.9749279121818236,-0.2225209339563143,0,0,0
2026-01-28 18:30:00,1769625000,37.23,39.114,-0.531,-1.415,0.0,17.683,85.146,154.506,-1.0,-1.8369701987210294e-16,0.9749279121818236,-0.2225209339563143,0,0,0
2026-01-28 18:40:00,1769625600,36.981,37.99,-0.249,-1.002,0.0,17.56,77.825,106.689,-1.0,-1.8369701987210294e-16,0.9749279121818236,-0.2225209339563143,0,0,0
2026-01-28 18:50:00,1769626200,36.108,37.02,-0.873,-0.551,0.0,20.879,67.86,185.172,-1.0,-1.8369701987210294e-16,0.9749279121818236,-0.2225209339563143,0,0,0
2026-01-28 19:00:00,1769626800,46.541,39.215,10.432,3.103,0.0,18.331,72.184,54.502,-0.9659258262890684,0.2588190451025203,0.9749279121818236,-0.2225209339563143,0,0,1
2026-01-28 19:10:00,1769627400,44.534,41.041,-2.006,2.518,0.0,17.014,63.142,20.0,-0.9659258262890684,0.2588190451025203,0.9749279121818236,-0.2225209339563143,0,0,0
2026-01-28 19:20:00,1769628000,43.322,42.626,-1.212,2.405,0.0,18.483,65.42,64.438,-0.9659258262890684,0.2588190451025203,0.9749279121818236,-0.2225209339563143,0,0,0
2026-01-28 19:30:00,1769628600,42.386,44.196,-0.936,-1.385,0.0,20.645,76.825,76.354,-0.9659258262890684,0.2588190451025203,0.9749279121818236,-0.2225209339563143,0,0,0
2026-01-28 19:40:00,1769629200,40.855,42.774,-1.531,-1.227,0.0,18.805,68.118,27.035,-0.9659258262890684,0.2588190451025203,0.9749279121818236,-0.2225209339563143,0,0,0
2026-01-28 19:50:00,1769629800,39.074,41.409,-1.78,-1.416,0.0,18.024,71.986,250.121,-0.9659258262890684,0.2588190451025203,0.9749279121818236,-0.2225209339563143,0,0,0
2026-01-28 20:30:00,1769632200,67.005,67.005,-1.493,0.0,0.0,18.602,77.584,119.915,-0.8660254037844386,0.5000000000000001,0.9749279121818236,-0.2225209339563143,0,0,0
2026-01-28 20:40:00,1769632800,67.322,67.164,0.318,0.318,0.0,19.809,67.675,101.324,-0.8660254037844386,0.5000000000000001,0.9749279121818236,-0.2225209339563143,0,0,0
2026-01-28 20:50:00,1769633400,67.269,67.199,-0.053,0.132,0.0,21.975,60.089,36.05,-0.8660254037844386,0.5000000000000001,0.9749279121818236,-0.2225209339563143,0,0,0
2026-01-28 21:00:00,1769634000,65.864,66.865,-1.405,-0.38,0.0,17.077,71.658,148.325,-0.7071067811865477,0.7071067811865474,0.9749279121818236,-0.2225209339563143,0,0,0
2026-01-28 21:10:00,1769634600,64.791,66.312,-1.073,-0.844,0.0,18.784,82.552,208.095,-0.7071067811865477,0.7071067811865474,0.9749279121818236,-0.2225209339563143,0,0,0
2026-01-28 21:20:00,1769635200,65.264,65.797,0.473,-0.668,0.0,18.427,69.319,20.0,-0.7071067811865477,0.7071067811865474,0.9749279121818236,-0.2225209339563143,0,0,0
2026-01-28 21:30:00,1769635800,65.254,65.293,-0.01,-0.203,0.0,16.38,66.937,20.0,-0.7071067811865477,0.7071067811865474,0.9749279121818236,-0.2225209339563143,0,0,0
2026-01-28 21:40:00,1769636400,63.593,64.725,-1.661,-0.399,0.0,17.903,75.582,58.972,-0.7071067811865477,0.7071067811865474,0.9749279121818236,-0.2225209339563143,0,0,0
2026-01-28 21:50:00,1769637000,62.918,64.257,-0.675,-0.782,0.0,18.451,73.988,106.076,-0.7071067811865477,0.7071067811865474,0.9749279121818236,-0.2225209339563143,0,0,0
2026-01-28 22:00:00,1769637600,62.399,63.541,-0.519,-0.952,0.0,20.229,77.133,20.0,-0.5000000000000004,0.8660254037844384,0.9749279121818236,-0.2225209339563143,0,0,0
2026-01-28 22:10:00,1769638200,60.662,62.393,-1.738,-0.977,0.0,20.783,72.326,72.306,-0.5000000000000004,0.8660254037844384,0.9749279121818236,-0.2225209339563143,0,0,0
2026-01-28 22:20:00,1769638800,59.546,61.381,-1.116,-1.124,0.0,19.566,70.079,20.0,-0.5000000000000004,0.8660254037844384,0.9749279121818236,-0.2225209339563143,0,0,0
2026-01-29 14:20:00,1769696400,61.003,61.003,-0.136,0.0,0.0,25.145,60.435,845.671,-0.4999999999999997,-0.8660254037844388,0.4338837391175582,-0.900968867902419,0,0,0
2026-01-29 14:30:00,1769697000,57.723,59.363,-3.28,-3.28,0.0,25.931,56.838,854.651,-0.4999999999999997,-0.8660254037844388,0.4338837391175582,-0.900968867902419,0,0,0
2026-01-29 14:40:00,1769697600,54.872,57.866,-2.851,-3.066,0.0,30.392,47.437,819.172,-0.4999999999999997,-0.8660254037844388,0.4338837391175582,-0.900968867902419,0,0,0
2026-01-29 14:50:00,1769698200,51.965,56.391,-2.908,-3.013,0.0,26.452,52.245,799.198,-0.4999999999999997,-0.8660254037844388,0.4338837391175582,-0.900968867902419,0,0,0
2026-01-29 15:00:00,1769698800,49.768,53.582,-2.196,-2.652,0.0,23.385,59.862,636.996,-0.7071067811865471,-0.7071067811865479,0.4338837391175582,-0.900968867902419,0,0,0
2026-01-29 15:10:00,1769699400,47.108,50.928,-2.66,-2.588,0.0,25.268,56.629,649.386,-0.7071067811865471,-0.7071067811865479,0.4338837391175582,-0.900968867902419,0,0,0
2026-01-29 15:20:00,1769700000,45.05,48.473,-2.058,-2.305,0.0,25.621,56.223,755.765,-0.7071067811865471,-0.7071067811865479,0.4338837391175582,-0.900968867902419,0,0,0
2026-01-29 15:30:00,1769700600,42.632,46.139,-2.418,-2.379,0.0,24.563,54.605,671.283,-0.7071067811865471,-0.7071067811865479,0.4338837391175582,-0.900968867902419,0,0,0
2026-01-29 15:40:00,1769701200,40.062,43.713,-2.569,-2.348,0.0,27.548,54.631,750.513,-0.7071067811865471,-0.7071067811865479,0.4338837391175582,-0.900968867902419,0,0,0
2026-01-29 15:50:00,1769701800,38.623,41.592,-1.439,-2.142,0.0,25.655,59.736,737.709,-0.7071067811865471,-0.7071067811865479,0.4338837391175582,-0.900968867902419,0,0,0
2026-01-29 16:00:00,1769702400,36.877,39.548,-1.746,-1.918,0.0,23.497,58.72,600.472,-0.8660254037844385,-0.5000000000000004,0.4338837391175582,-0.900968867902419,0,0,0
2026-01-29 16:10:00,1769703000,34.691,37.563,-2.186,-1.791,0.167,25.399,59.873,475.24,-0.8660254037844385,-0.5000000000000004,0.4338837391175582,-0.900968867902419,0,0,0
2026-01-30 13:50:00,1769781000,71.536,71.536,-2.85,0.0,0.0,24.819,49.34,882.488,-0.2588190451025208,-0.9659258262890684,-0.433883739117558,-0.9009688679024191,0,0,0
2026-01-30 14:00:00,1769781600,67.855,69.695,-3.682,-3.682,0.0,30.073,48.466,900.99,-0.4999999999999997,-0.8660254037844388,-0.433883739117558,-0.9009688679024191,0,0,0
2026-01-30 14:10:00,1769782200,65.831,68.407,-2.024,-2.853,0.0,27.629,56.813,906.342,-0.4999999999999997,-0.8660254037844388,-0.433883739117558,-0.9009688679024191,0,0,0
2026-01-30 14:20:00,1769782800,62.781,67.001,-3.049,-2.918,0.0,27.821,55.481,737.642,-0.4999999999999997,-0.8660254037844388,-0.433883739117558,-0.9009688679024191,0,0,0
2026-01-30 14:30:00,1769783400,61.411,64.469,-1.37,-2.148,0.0,27.249,55.787,786.316,-0.4999999999999997,-0.8660254037844388,-0.433883739117558,-0.9009688679024191,0,0,0
2026-01-30 14:40:00,1769784000,59.803,62.457,-1.608,-2.009,0.0,27.438,58.185,754.263,-0.4999999999999997,-0.8660254037844388,-0.433883739117558,-0.9009688679024191,0,0,0
2026-01-30 14:50:00,1769784600,57.395,60.348,-2.408,-1.795,0.0,28.13,47.787,773.003,-0.4999999999999997,-0.8660254037844388,-0.433883739117558,-0.9009688679024191,0,0,0
2026-01-30 15:00:00,1769785200,54.179,58.197,-3.216,-2.411,0.0,25.051,62.312,782.39,-0.7071067811865471,-0.7071067811865479,-0.433883739117558,-0.9009688679024191,0,0,0
2026-01-30 15:10:00,1769785800,52.065,55.86,-2.115,-2.58,0.0,30.315,55.938,621.796,-0.7071067811865471,-0.7071067811865479,-0.433883739117558,-0.9009688679024191,0,0,0
2026-01-30 15:20:00,1769786400,50.601,53.56,-1.463,-2.265,0.0,24.312,61.296,569.777,-0.7071067811865471,-0.7071067811865479,-0.433883739117558,-0.9009688679024191,0,0,0
2026-01-30 15:30:00,1769787000,49.713,51.639,-0.889,-1.489,0.0,27.406,62.213,641.351,-0.7071067811865471,-0.7071067811865479,-0.433883739117558,-0.9009688679024191,0,0,0
2026-01-30 15:40:00,1769787600,47.902,50.07,-1.811,-1.388,0.0,25.275,67.233,770.706,-0.7071067811865471,-0.7071067811865479,-0.433883739117558,-0.9009688679024191,0,0,0
2026-01-30 21:40:00,1769809200,39.62,39.62,-2.098,0.0,0.0,15.863,79.591,63.971,-0.7071067811865477,0.7071067811865474,-0.433883739117558,-0.9009688679024191,0,0,0
2026-01-30 21:50:00,1769809800,40.377,39.998,0.758,0.758,0.0,17.827,64.408,108.953,-0.7071067811865477,0.7071067811865474,-0.433883739117558,-0.9009688679024191,0,0,0
2026-01-30 22:00:00,1769810400,39.873,39.957,-0.505,0.127,0.0,18.582,75.552,66.262,-0.5000000000000004,0.8660254037844384,-0.433883739117558,-0.9009688679024191,0,0,0
2026-01-30 22:10:00,1769811000,38.064,39.483,-1.809,-0.519,0.0,18.546,75.745,57.192,-0.5000000000000004,0.8660254037844384,-0.433883739117558,-0.9009688679024191,0,0,0
2026-01-30 22:20:00,1769811600,36.151,38.616,-1.913,-1.409,0.0,18.983,66.2,26.857,-0.5000000000000004,0.8660254037844384,-0.433883739117558,-0.9009688679024191,0,0,0
2026-01-30 22:30:00,1769812200,73.937,73.937,0.268,0.0,0.0,18.83,72.605,24.13,-0.5000000000000004,0.8660254037844384,-0.433883739117558,-0.9009688679024191,0,0,0
2026-01-30 22:30:00,1769812200,35.833,37.48,-0.318,-1.347,0.0,18.171,67.105,20.0,-0.5000000000000004,0.8660254037844384,-0.433883739117558,-0.9009688679024191,0,0,0
2026-01-30 22:40:00,1769812800,74.027,73.982,0.09,0.09,0.0,18.6,71.747,92.34,-0.5000000000000004,0.8660254037844384,-0.433883739117558,-0.9009688679024191,0,0,0
2026-01-30 22:40:00,1769812800,35.13,36.294,-0.702,-0.978,0.0,18.214,76.964,20.0,-0.5000000000000004,0.8660254037844384,-0.433883739117558,-0.9009688679024191,0,0,0
2026-01-30 22:50:00,1769813400,35.301,35.604,0.171,-0.283,0.0,16.715,65.608,20.0,-0.5000000000000004,0.8660254037844384,-0.433883739117558,-0.9009688679024191,0,0,0
2026-01-30 22:50:00,1769813400,71.952,73.306,-2.075,-0.993,0.0,17.871,69.231,52.35,-0.5000000000000004,0.8660254037844384,-0.433883739117558,-0.9009688679024191,0,0,0
2026-01-30 23:00:00,1769814000,33.718,34.996,-1.583,-0.705,0.167,17.871,67.874,20.0,-0.2588190451025215,0.965925826289068,-0.433883739117558,-0.9009688679024191,0,0,0
2026-01-30 23:00:00,1769814000,69.016,72.233,-2.937,-1.641,0.0,18.587,75.522,184.889,-0.2588190451025215,0.965925826289068,-0.433883739117558,-0.9009688679024191,0,0,0
2026-01-30 23:10:00,1769814600,67.665,70.665,-1.35,-2.121,0.0,18.037,72.905,68.705,-0.2588190451025215,0.965925826289068,-0.433883739117558,-0.9009688679024191,0,0,0
2026-01-30 23:10:00,1769814600,33.601,34.438,-0.117,-0.51,0.333,23.162,78.252,59.872,-0.2588190451025215,0.965925826289068,-0.433883739117558,-0.9009688679024191,0,0,0
2026-01-30 23:20:00,1769815200,34.013,34.158,0.412,-0.429,0.5,20.196,70.256,50.414,-0.2588190451025215,0.965925826289068,-0.433883739117558,-0.9009688679024191,0,0,0
2026-01-30 23:20:00,1769815200,65.939,68.643,-1.726,-2.004,0.0,19.486,70.43,144.557,-0.2588190451025215,0.965925826289068,-0.433883739117558,-0.9009688679024191,0,0,0
2026-01-30 23:30:00,1769815800,31.992,33.331,-2.021,-0.576,0.667,19.254,80.701,98.365,-0.2588190451025215,0.965925826289068,-0.433883739117558,-0.9009688679024191,0,0,0
2026-01-30 23:30:00,1769815800,77.839,70.115,11.9,2.941,0.0,22.227,73.016,95.672,-0.2588190451025215,0.965925826289068,-0.433883739117558,-0.9009688679024191,0,0,1
2026-01-30 23:40:00,1769816400,77.227,72.168,-0.612,3.187,0.0,20.213,57.071,140.483,-0.2588190451025215,0.965925826289068,-0.433883739117558,-0.9009688679024191,0,0,0
2026-01-30 23:50:00,1769817000,74.961,73.992,-2.266,3.007,0.0,18.623,74.055,20.0,-0.2588190451025215,0.965925826289068,-0.433883739117558,-0.9009688679024191,0,0,0
2026-01-31 00:00:00,1769817600,73.224,75.813,-1.737,-1.538,0.0,19.894,67.662,133.434,0.0,1.0,-0.9749279121818236,-0.2225209339563146,0,0,0
2026-01-31 00:10:00,1769818200,72.001,74.353,-1.223,-1.742,0.0,21.929,71.174,20.0,0.0,1.0,-0.9749279121818236,-0.2225209339563146,0,0,0
2026-01-31 00:20:00,1769818800,71.343,72.882,-0.657,-1.206,0.0,21.027,65.318,69.73,0.0,1.0,-0.9749279121818236,-0.2225209339563146,0,0,0
2026-01-31 08:50:00,1769849400,66.365,66.365,-2.458,0.0,0.0,23.652,69.121,454.088,0.8660254037844387,-0.4999999999999998,-0.9749279121818236,-0.2225209339563146,0,0,0
2026-01-31 09:00:00,1769850000,64.099,65.232,-2.266,-2.266,0.0,26.789,61.544,832.767,0.7071067811865476,-0.7071067811865475,-0.9749279121818236,-0.2225209339563146,0,0,0
2026-01-31 09:10:00,1769850600,60.649,63.704,-3.45,-2.858,0.0,24.482,59.798,575.046,0.7071067811865476,-0.7071067811865475,-0.9749279121818236,-0.2225209339563146,0,0,0
2026-01-31 09:20:00,1769851200,57.968,62.27,-2.681,-2.799,0.0,25.559,56.517,655.549,0.7071067811865476,-0.7071067811865475,-0.9749279121818236,-0.2225209339563146,0,0,0
2026-01-31 09:30:00,1769851800,56.005,59.68,-1.963,-2.698,0.0,25.564,52.396,691.173,0.7071067811865476,-0.7071067811865475,-0.9749279121818236,-0.2225209339563146,0,0,0
2026-01-31 09:40:00,1769852400,53.544,57.041,-2.46,-2.368,0.0,21.85,62.686,648.769,0.7071067811865476,-0.7071067811865475,-0.9749279121818236,-0.2225209339563146,0,0,0
2026-01-31 09:50:00,1769853000,52.21,54.932,-1.335,-1.919,0.0,25.387,65.034,624.462,0.7071067811865476,-0.7071067811865475,-0.9749279121818236,-0.2225209339563146,0,0,0
2026-01-31 10:00:00,1769853600,49.43,52.797,-2.779,-2.191,0.0,28.387,47.506,839.249,0.4999999999999999,-0.8660254037844387,-0.9749279121818236,-0.2225209339563146,0,0,0
2026-01-31 10:10:00,1769854200,47.407,50.648,-2.024,-2.046,0.0,26.582,57.736,901.778,0.4999999999999999,-0.8660254037844387,-0.9749279121818236,-0.2225209339563146,0,0,0
2026-01-31 10:20:00,1769854800,43.557,48.151,-3.85,-2.884,0.0,29.25,47.887,806.76,0.4999999999999999,-0.8660254037844387,-0.9749279121818236,-0.2225209339563146,0,0,0
2026-01-31 10:30:00,1769855400,40.682,45.269,-2.874,-2.916,0.0,28.942,60.896,871.141,0.4999999999999999,-0.8660254037844387,-0.9749279121818236,-0.2225209339563146,0,0,0
2026-01-31 10:40:00,1769856000,38.916,42.64,-1.766,-2.83,0.0,30.482,64.881,807.648,0.4999999999999999,-0.8660254037844387,-0.9749279121818236,-0.2225209339563146,0,0,0
2026-01-31 12:20:00,1769862000,61.906,61.906,-2.69,0.0,0.0,28.548,50.712,911.918,1.2246467991473532e-16,-1.0,-0.9749279121818236,-0.2225209339563146,0,0,0
2026-01-31 12:30:00,1769862600,59.279,60.592,-2.627,-2.627,0.0,27.894,53.171,913.461,1.2246467991473532e-16,-1.0,-0.9749279121818236,-0.2225209339563146,0,0,0
2026-01-31 12:40:00,1769863200,57.294,59.493,-1.985,-2.306,0.0,27.898,60.308,962.309,1.2246467991473532e-16,-1.0,-0.9749279121818236,-0.2225209339563146,0,0,0
2026-01-31 12:50:00,1769863800,54.011,58.122,-3.283,-2.632,0.0,28.057,47.788,859.23,1.2246467991473532e-16,-1.0,-0.9749279121818236,-0.2225209339563146,0,0,0
2026-01-31 13:00:00,1769864400,51.471,55.514,-2.54,-2.603,0.0,26.197,52.322,1005.161,-0.2588190451025208,-0.9659258262890684,-0.9749279121818236,-0.2225209339563146,0,0,0
2026-01-31 13:10:00,1769865000,47.772,52.637,-3.7,-3.174,0.0,25.287,57.061,777.85,-0.2588190451025208,-0.9659258262890684,-0.9749279121818236,-0.2225209339563146,0,0,0
2026-01-31 13:20:00,1769865600,44.739,49.498,-3.032,-3.091,0.0,29.325,53.905,912.383,-0.2588190451025208,-0.9659258262890684,-0.9749279121818236,-0.2225209339563146,0,0,0
2026-01-31 13:30:00,1769866200,42.53,46.628,-2.209,-2.98,0.0,27.199,54.802,921.001,-0.2588190451025208,-0.9659258262890684,-0.9749279121818236,-0.2225209339563146,0,0,0
2026-01-31 13:40:00,1769866800,39.163,43.551,-3.368,-2.87,0.0,30.922,51.56,956.08,-0.2588190451025208,-0.9659258262890684,-0.9749279121818236,-0.2225209339563146,0,0,0
2026-01-31 13:50:00,1769867400,37.557,40.997,-1.606,-2.394,0.0,26.477,60.943,890.987,-0.2588190451025208,-0.9659258262890684,-0.9749279121818236,-0.2225209339563146,0,0,0
2026-01-31 14:00:00,1769868000,34.054,38.326,-3.503,-2.825,0.167,28.04,60.011,861.041,-0.4999999999999997,-0.8660254037844388,-0.9749279121818236,-0.2225209339563146,0,0,0
2026-01-31 14:10:00,1769868600,29.445,35.055,-4.609,-3.239,0.333,28.842,53.269,812.059,-0.4999999999999997,-0.8660254037844388,-0.9749279121818236,-0.2225209339563146,1,0,0
2026-01-31 17:00:00,1769878800,55.744,55.744,-0.705,0.0,0.0,23.795,71.575,229.154,-0.9659258262890684,-0.2588190451025206,-0.9749279121818236,-0.2225209339563146,0,0,0
2026-01-31 17:10:00,1769879400,55.652,55.698,-0.093,-0.093,0.0,21.081,63.266,305.147,-0.9659258262890684,-0.2588190451025206,-0.9749279121818236,-0.2225209339563146,0,0,0
2026-01-31 17:20:00,1769880000,53.578,54.992,-2.073,-1.083,0.0,22.209,65.841,251.465,-0.9659258262890684,-0.2588190451025206,-0.9749279121818236,-0.2225209339563146,0,0,0
2026-01-31 17:30:00,1769880600,51.321,54.074,-2.257,-1.474,0.0,20.224,59.946,270.912,-0.9659258262890684,-0.2588190451025206,-0.9749279121818236,-0.2225209339563146,0,0,0
2026-01-31 17:40:00,1769881200,50.224,52.694,-1.098,-1.809,0.0,20.379,70.595,294.04,-0.9659258262890684,-0.2588190451025206,-0.9749279121818236,-0.2225209339563146,0,0,0
2026-01-31 17:50:00,1769881800,48.159,50.821,-2.065,-1.806,0.0,20.555,67.912,287.192,-0.9659258262890684,-0.2588190451025206,-0.9749279121818236,-0.2225209339563146,0,0,0
2026-01-31 17:50:00,1769881800,60.589,60.589,-0.918,0.0,0.0,19.337,60.808,292.577,-0.9659258262890684,-0.2588190451025206,-0.9749279121818236,-0.2225209339563146,0,0,0
2026-01-31 18:00:00,1769882400,59.47,60.029,-1.12,-1.12,0.0,19.157,80.091,20.0,-1.0,-1.8369701987210294e-16,-0.9749279121818236,-0.2225209339563146,0,0,0
2026-01-31 18:00:00,1769882400,47.951,49.414,-0.208,-1.124,0.0,21.636,70.308,20.0,-1.0,-1.8369701987210294e-16,-0.9749279121818236,-0.2225209339563146,0,0,0
2026-01-31 18:10:00,1769883000,58.421,59.493,-1.048,-1.084,0.0,17.631,70.537,125.433,-1.0,-1.8369701987210294e-16,-0.9749279121818236,-0.2225209339563146,0,0,0
2026-01-31 18:10:00,1769883000,48.327,48.665,0.377,-0.632,0.0,20.562,77.852,32.556,-1.0,-1.8369701987210294e-16,-0.9749279121818236,-0.2225209339563146,0,0,0
2026-01-31 18:20:00,1769883600,46.66,47.774,-1.667,-0.5,0.0,19.221,77.494,208.642,-1.0,-1.8369701987210294e-16,-0.9749279121818236,-0.2225209339563146,0,0,0
2026-01-31 18:20:00,1769883600,58.059,59.135,-0.362,-0.843,0.0,22.814,67.113,20.0,-1.0,-1.8369701987210294e-16,-0.9749279121818236,-0.2225209339563146,0,0,0
2026-01-31 18:30:00,1769884200,57.476,58.356,-0.583,-0.664,0.0,20.924,69.007,78.205,-1.0,-1.8369701987210294e-16,-0.9749279121818236,-0.2225209339563146,0,0,0
2026-01-31 18:30:00,1769884200,44.707,46.911,-1.953,-1.081,0.0,17.557,74.333,20.0,-1.0,-1.8369701987210294e-16,-0.9749279121818236,-0.2225209339563146,0,0,0
2026-01-31 18:40:00,1769884800,57.214,57.793,-0.262,-0.402,0.0,14.863,70.866,110.78,-1.0,-1.8369701987210294e-16,-0.9749279121818236,-0.2225209339563146,0,0,0
2026-01-31 18:40:00,1769884800,43.425,45.78,-1.283,-1.634,0.0,18.797,67.155,143.452,-1.0,-1.8369701987210294e-16,-0.9749279121818236,-0.2225209339563146,0,0,0
2026-01-31 18:50:00,1769885400,56.417,57.292,-0.797,-0.547,0.0,17.461,68.557,20.0,-1.0,-1.8369701987210294e-16,-0.9749279121818236,-0.2225209339563146,0,0,0
2026-01-31 18:50:00,1769885400,43.86,44.663,0.436,-0.933,0.0,20.004,70.47,72.915,-1.0,-1.8369701987210294e-16,-0.9749279121818236,-0.2225209339563146,0,0,0
2026-01-31 19:00:00,1769886000,55.85,56.739,-0.567,-0.542,0.0,20.423,70.585,79.074,-0.9659258262890684,0.2588190451025203,-0.9749279121818236,-0.2225209339563146,0,0,0
2026-01-31 19:10:00,1769886600,54.142,55.906,-1.708,-1.024,0.0,15.928,72.667,42.084,-0.9659258262890684,0.2588190451025203,-0.9749279121818236,-0.2225209339563146,0,0,0
2026-01-31 19:20:00,1769887200,53.378,54.947,-0.764,-1.013,0.0,22.635,71.81,113.539,-0.9659258262890684,0.2588190451025203,-0.9749279121818236,-0.2225209339563146,0,0,0
2026-01-31 19:30:00,1769887800,65.921,57.323,12.542,3.357,0.0,19.68,78.146,97.187,-0.9659258262890684,0.2588190451025203,-0.9749279121818236,-0.2225209339563146,0,0,1
2026-01-31 19:40:00,1769888400,64.112,59.388,-1.808,3.323,0.0,17.582,84.758,73.558,-0.9659258262890684,0.2588190451025203,-0.9749279121818236,-0.2225209339563146,0,0,0
2026-01-31 20:00:00,1769889600,72.624,72.624,-0.134,0.0,0.0,15.937,73.267,173.091,-0.8660254037844386,0.5000000000000001,-0.9749279121818236,-0.2225209339563146,0,0,0
2026-01-31 20:10:00,1769890200,73.236,72.93,0.613,0.613,0.0,18.119,72.108,34.157,-0.8660254037844386,0.5000000000000001,-0.9749279121818236,-0.2225209339563146,0,0,0
2026-01-31 20:20:00,1769890800,72.795,72.885,-0.441,0.086,0.0,20.853,74.794,23.0,-0.8660254037844386,0.5000000000000001,-0.9749279121818236,-0.2225209339563146,0,0,0
2026-01-31 20:30:00,1769891400,71.027,72.421,-1.768,-0.532,0.0,23.175,77.512,101.262,-0.8660254037844386,0.5000000000000001,-0.9749279121818236,-0.2225209339563146,0,0,0
2026-01-31 20:40:00,1769892000,70.457,71.879,-0.57,-0.927,0.0,20.43,77.657,142.466,-0.8660254037844386,0.5000000000000001,-0.9749279121818236,-0.2225209339563146,0,0,0
2026-01-31 20:50:00,1769892600,69.232,70.878,-1.224,-1.188,0.0,15.764,71.598,88.487,-0.8660254037844386,0.5000000000000001,-0.9749279121818236,-0.2225209339563146,0,0,0
2026-01-31 21:00:00,1769893200,68.032,69.687,-1.2,-0.998,0.0,20.808,71.851,180.381,-0.7071067811865477,0.7071067811865474,-0.9749279121818236,-0.2225209339563146,0,0,0
2026-01-31 21:10:00,1769893800,68.037,68.939,0.005,-0.807,0.0,18.146,71.976,149.401,-0.7071067811865477,0.7071067811865474,-0.9749279121818236,-0.2225209339563146,0,0,0
2026-01-31 21:20:00,1769894400,66.946,68.062,-1.091,-0.762,0.0,18.941,71.331,75.97,-0.7071067811865477,0.7071067811865474,-0.9749279121818236,-0.2225209339563146,0,0,0
2026-01-31 21:30:00,1769895000,75.7,69.679,8.755,2.556,0.0,19.152,73.459,214.654,-0.7071067811865477,0.7071067811865474,-0.9749279121818236,-0.2225209339563146,0,0,1
2026-01-31 21:40:00,1769895600,75.013,71.424,-0.688,2.325,0.0,23.364,75.751,80.373,-0.7071067811865477,0.7071067811865474,-0.9749279121818236,-0.2225209339563146,0,0,0
2026-01-31 21:50:00,1769896200,74.312,72.993,-0.7,2.456,0.0,19.952,76.487,36.317,-0.7071067811865477,0.7071067811865474,-0.9749279121818236,-0.2225209339563146,0,0,0
2026-02-01 08:20:00,1769934000,41.966,41.966,-1.935,0.0,0.0,27.817,60.11,466.585,0.8660254037844387,-0.4999999999999998,-0.7818314824680299,0.6234898018587334,0,0,0
2026-02-01 08:30:00,1769934600,41.423,41.694,-0.544,-0.544,0.0,25.723,65.917,418.359,0.8660254037844387,-0.4999999999999998,-0.7818314824680299,0.6234898018587334,0,0,0
2026-02-01 08:40:00,1769935200,41.482,41.624,0.059,-0.242,0.0,24.079,58.687,595.998,0.8660254037844387,-0.4999999999999998,-0.7818314824680299,0.6234898018587334,0,0,0
2026-02-01 08:50:00,1769935800,40.114,41.246,-1.368,-0.617,0.0,25.43,71.125,405.144,0.8660254037844387,-0.4999999999999998,-0.7818314824680299,0.6234898018587334,0,0,0
2026-02-01 09:00:00,1769936400,38.879,40.474,-1.234,-0.848,0.0,25.165,49.902,541.335,0.7071067811865476,-0.7071067811865475,-0.7818314824680299,0.6234898018587334,0,0,0
2026-02-01 09:10:00,1769937000,36.885,39.34,-1.995,-1.532,0.0,27.192,64.581,591.593,0.7071067811865476,-0.7071067811865475,-0.7818314824680299,0.6234898018587334,0,0,0
2026-02-01 09:20:00,1769937600,35.329,37.802,-1.556,-1.595,0.0,25.733,53.799,718.686,0.7071067811865476,-0.7071067811865475,-0.7818314824680299,0.6234898018587334,0,0,0
2026-02-01 09:30:00,1769938200,33.747,36.21,-1.582,-1.711,0.167,26.788,53.43,743.622,0.7071067811865476,-0.7071067811865475,-0.7818314824680299,0.6234898018587334,0,0,0
2026-02-01 09:40:00,1769938800,32.583,34.636,-1.164,-1.434,0.333,25.575,55.821,647.249,0.7071067811865476,-0.7071067811865475,-0.7818314824680299,0.6234898018587334,0,0,0
2026-02-01 09:50:00,1769939400,31.685,33.336,-0.898,-1.214,0.5,25.506,67.341,611.497,0.7071067811865476,-0.7071067811865475,-0.7818314824680299,0.6234898018587334,0,0,0
2026-02-01 10:00:00,1769940000,27.003,31.255,-4.683,-2.248,0.667,30.293,50.542,910.716,0.4999999999999999,-0.8660254037844387,-0.7818314824680299,0.6234898018587334,1,0,0
2026-02-01 10:10:00,1769940600,25.735,29.251,-1.268,-2.283,0.833,30.777,52.057,894.691,0.4999999999999999,-0.8660254037844387,-0.7818314824680299,0.6234898018587334,1,0,0
2026-02-01 16:50:00,1769964600,63.23,63.23,-2.875,0.0,0.0,26.123,56.212,436.654,-0.8660254037844385,-0.5000000000000004,-0.7818314824680299,0.6234898018587334,0,0,0
2026-02-01 16:50:00,1769964600,41.449,41.449,-0.075,0.0,0.0,24.59,62.486,486.751,-0.8660254037844385,-0.5000000000000004,-0.7818314824680299,0.6234898018587334,0,0,0
2026-02-01 17:00:00,1769965200,42.149,41.799,0.7,0.7,0.0,20.603,63.221,320.295,-0.9659258262890684,-0.2588190451025206,-0.7818314824680299,0.6234898018587334,0,0,0
2026-02-01 17:00:00,1769965200,61.165,62.198,-2.065,-2.065,0.0,25.925,65.085,436.811,-0.9659258262890684,-0.2588190451025206,-0.7818314824680299,0.6234898018587334,0,0,0
2026-02-01 17:10:00,1769965800,60.788,61.728,-0.377,-1.221,0.0,22.453,71.289,305.458,-0.9659258262890684,-0.2588190451025206,-0.7818314824680299,0.6234898018587334,0,0,0
2026-02-01 17:10:00,1769965800,40.308,41.302,-1.841,-0.571,0.0,22.851,65.785,307.966,-0.9659258262890684,-0.2588190451025206,-0.7818314824680299,0.6234898018587334,0,0,0
2026-02-01 17:20:00,1769966400,39.466,40.843,-0.842,-0.661,0.0,20.71,73.98,261.741,-0.9659258262890684,-0.2588190451025206,-0.7818314824680299,0.6234898018587334,0,0,0
2026-02-01 17:20:00,1769966400,59.388,61.143,-1.4,-1.281,0.0,20.728,70.026,338.918,-0.9659258262890684,-0.2588190451025206,-0.7818314824680299,0.6234898018587334,0,0,0
2026-02-01 17:30:00,1769967000,57.021,59.59,-2.367,-1.381,0.0,22.267,71.314,326.491,-0.9659258262890684,-0.2588190451025206,-0.7818314824680299,0.6234898018587334,0,0,0
2026-02-01 17:30:00,1769967000,39.102,40.256,-0.364,-1.016,0.0,23.465,65.618,307.483,-0.9659258262890684,-0.2588190451025206,-0.7818314824680299,0.6234898018587334,0,0,0
2026-02-01 17:40:00,1769967600,37.498,39.093,-1.604,-0.937,0.0,22.111,67.101,381.987,-0.9659258262890684,-0.2588190451025206,-0.7818314824680299,0.6234898018587334,0,0,0
2026-02-01 17:40:00,1769967600,55.845,58.26,-1.176,-1.648,0.0,19.243,65.307,281.092,-0.9659258262890684,-0.2588190451025206,-0.7818314824680299,0.6234898018587334,0,0,0
2026-02-01 17:50:00,1769968200,54.161,56.604,-1.683,-1.742,0.0,24.188,68.85,309.974,-0.9659258262890684,-0.2588190451025206,-0.7818314824680299,0.6234898018587334,0,0,0
2026-02-01 17:50:00,1769968200,35.958,38.006,-1.539,-1.169,0.0,20.604,70.28,183.329,-0.9659258262890684,-0.2588190451025206,-0.7818314824680299,0.6234898018587334,0,0,0
2026-02-01 18:00:00,1769968800,35.131,36.922,-0.828,-1.324,0.0,19.03,70.272,20.0,-1.0,-1.8369701987210294e-16,-0.7818314824680299,0.6234898018587334,0,0,0
2026-02-01 18:00:00,1769968800,51.865,54.723,-2.296,-1.719,0.0,22.187,71.338,131.06,-1.0,-1.8369701987210294e-16,-0.7818314824680299,0.6234898018587334,0,0,0
2026-02-01 18:10:00,1769969400,33.432,35.505,-1.699,-1.355,0.167,23.811,63.875,167.448,-1.0,-1.8369701987210294e-16,-0.7818314824680299,0.6234898018587334,0,0,0
2026-02-01 18:10:00,1769969400,51.547,53.355,-0.318,-1.433,0.0,15.124,80.976,57.151,-1.0,-1.8369701987210294e-16,-0.7818314824680299,0.6234898018587334,0,0,0
2026-02-01 18:20:00,1769970000,49.782,51.839,-1.765,-1.46,0.0,21.856,66.432,20.0,-1.0,-1.8369701987210294e-16,-0.7818314824680299,0.6234898018587334,0,0,0
2026-02-01 18:20:00,1769970000,33.855,34.594,0.423,-0.701,0.333,21.522,73.036,48.218,-1.0,-1.8369701987210294e-16,-0.7818314824680299,0.6234898018587334,0,0,0
2026-02-01 18:30:00,1769970600,47.137,37.389,13.283,4.002,0.167,18.976,71.513,154.271,-1.0,-1.8369701987210294e-16,-0.7818314824680299,0.6234898018587334,0,0,1
2026-02-01 18:30:00,1769970600,49.735,50.732,-0.047,-0.71,0.0,21.042,77.963,87.986,-1.0,-1.8369701987210294e-16,-0.7818314824680299,0.6234898018587334,0,0,0
2026-02-01 18:40:00,1769971200,48.403,49.867,-1.332,-1.048,0.0,18.458,62.896,151.437,-1.0,-1.8369701987210294e-16,-0.7818314824680299,0.6234898018587334,0,0,0
2026-02-01 18:40:00,1769971200,45.908,40.083,-1.229,4.159,0.0,19.11,78.523,132.177,-1.0,-1.8369701987210294e-16,-0.7818314824680299,0.6234898018587334,0,0,0
2026-02-01 22:50:00,1769986200,66.021,66.021,-0.66,0.0,0.0,23.096,71.094,91.307,-0.5000000000000004,0.8660254037844384,-0.7818314824680299,0.6234898018587334,0,0,0
2026-02-01 23:00:00,1769986800,64.685,65.353,-1.335,-1.335,0.0,20.821,65.031,20.0,-0.2588190451025215,0.965925826289068,-0.7818314824680299,0.6234898018587334,0,0,0
2026-02-01 23:10:00,1769987400,63.869,64.858,-0.817,-1.076,0.0,19.191,74.232,104.973,-0.2588190451025215,0.965925826289068,-0.7818314824680299,0.6234898018587334,0,0,0
2026-02-01 23:20:00,1769988000,62.85,64.356,-1.018,-1.057,0.0,18.345,72.202,125.977,-0.2588190451025215,0.965925826289068,-0.7818314824680299,0.6234898018587334,0,0,0
2026-02-01 23:30:00,1769988600,60.786,63.048,-2.064,-1.3,0.0,22.936,73.924,20.0,-0.2588190451025215,0.965925826289068,-0.7818314824680299,0.6234898018587334,0,0,0
2026-02-01 23:40:00,1769989200,60.827,62.083,0.041,-1.014,0.0,22.922,71.066,72.149,-0.2588190451025215,0.965925826289068,-0.7818314824680299,0.6234898018587334,0,0,0
2026-02-01 23:50:00,1769989800,59.791,61.064,-1.036,-1.02,0.0,17.129,76.688,112.988,-0.2588190451025215,0.965925826289068,-0.7818314824680299,0.6234898018587334,0,0,0
2026-02-02 00:00:00,1769990400,58.899,60.076,-0.892,-0.629,0.0,19.354,73.76,23.008,0.0,1.0,0.0,1.0,0,0,0
2026-02-02 00:10:00,1769991000,58.97,59.622,0.071,-0.619,0.0,17.702,80.027,61.352,0.0,1.0,0.0,1.0,0,0,0
2026-02-02 00:20:00,1769991600,59.028,59.172,0.059,-0.254,0.0,17.515,66.077,119.791,0.0,1.0,0.0,1.0,0,0,0
2026-02-02 00:30:00,1769992200,58.587,58.871,-0.441,-0.104,0.0,18.495,70.942,144.88,0.0,1.0,0.0,1.0,0,0,0
2026-02-02 00:40:00,1769992800,56.779,58.341,-1.809,-0.73,0.0,20.435,72.567,22.156,0.0,1.0,0.0,1.0,0,0,0
2026-02-02 15:50:00,1770047400,47.84,47.84,-2.615,0.0,0.0,25.835,53.646,697.211,-0.7071067811865471,-0.7071067811865479,0.0,1.0,0,0,0
2026-02-02 16:00:00,1770048000,46.862,47.351,-0.979,-0.979,0.0,21.95,70.155,492.552,-0.8660254037844385,-0.5000000000000004,0.0,1.0,0,0,0
2026-02-02 16:10:00,1770048600,44.475,46.392,-2.386,-1.683,0.0,22.863,62.152,495.337,-0.8660254037844385,-0.5000000000000004,0.0,1.0,0,0,0
2026-02-02 16:20:00,1770049200,40.949,45.032,-3.526,-2.297,0.0,27.201,63.43,525.722,-0.8660254037844385,-0.5000000000000004,0.0,1.0,0,0,0
2026-02-02 16:30:00,1770049800,39.737,43.006,-1.212,-2.375,0.0,25.233,58.946,696.765,-0.8660254037844385,-0.5000000000000004,0.0,1.0,0,0,0
2026-02-02 16:40:00,1770050400,37.045,40.552,-2.692,-2.477,0.0,22.803,63.458,410.233,-0.8660254037844385,-0.5000000000000004,0.0,1.0,0,0,0
2026-02-02 16:50:00,1770051000,34.798,38.132,-2.247,-2.05,0.167,22.684,64.974,505.723,-0.8660254037844385,-0.5000000000000004,0.0,1.0,0,0,0
2026-02-02 17:00:00,1770051600,32.744,36.081,-2.054,-2.331,0.333,24.615,58.762,217.133,-0.9659258262890684,-0.2588190451025206,0.0,1.0,0,0,0
2026-02-02 17:10:00,1770052200,31.626,34.054,-1.118,-1.806,0.5,21.959,70.156,416.493,-0.9659258262890684,-0.2588190451025206,0.0,1.0,0,0,0
2026-02-02 17:20:00,1770052800,31.118,32.572,-0.508,-1.227,0.667,18.906,60.948,265.687,-0.9659258262890684,-0.2588190451025206,0.0,1.0,0,0,0
2026-02-02 17:30:00,1770053400,29.843,31.333,-1.275,-0.967,0.833,18.726,68.823,322.365,-0.9659258262890684,-0.2588190451025206,0.0,1.0,0,0,0
2026-02-02 17:40:00,1770054000,28.698,30.321,-1.145,-0.976,1.0,23.801,63.563,322.657,-0.9659258262890684,-0.2588190451025206,0.0,1.0,0,0,0
2026-02-02 18:30:00,1770057000,41.792,41.792,-1.873,0.0,0.0,18.661,81.206,20.0,-1.0,-1.8369701987210294e-16,0.0,1.0,0,0,0
2026-02-02 18:40:00,1770057600,40.688,41.24,-1.104,-1.104,0.0,22.455,69.688,20.0,-1.0,-1.8369701987210294e-16,0.0,1.0,0,0,0
2026-02-02 18:50:00,1770058200,40.941,41.141,0.252,-0.426,0.0,18.53,84.291,20.0,-1.0,-1.8369701987210294e-16,0.0,1.0,0,0,0
2026-02-02 19:00:00,1770058800,40.895,41.079,-0.046,-0.299,0.0,17.337,63.118,125.33,-0.9659258262890684,0.2588190451025203,0.0,1.0,0,0,0
2026-02-02 19:10:00,1770059400,40.633,40.789,-0.262,-0.018,0.0,18.06,71.166,153.224,-0.9659258262890684,0.2588190451025203,0.0,1.0,0,0,0
2026-02-02 19:20:00,1770060000,40.635,40.776,0.002,-0.102,0.0,15.762,72.569,52.445,-0.9659258262890684,0.2588190451025203,0.0,1.0,0,0,0
2026-02-02 19:30:00,1770060600,40.471,40.659,-0.164,-0.141,0.0,19.663,75.751,124.713,-0.9659258262890684,0.2588190451025203,0.0,1.0,0,0,0
2026-02-02 19:40:00,1770061200,39.176,40.229,-1.295,-0.486,0.0,17.933,76.446,20.0,-0.9659258262890684,0.2588190451025203,0.0,1.0,0,0,0
2026-02-02 19:50:00,1770061800,38.704,39.747,-0.472,-0.644,0.0,22.505,76.129,20.0,-0.9659258262890684,0.2588190451025203,0.0,1.0,0,0,0
2026-02-02 20:00:00,1770062400,37.501,38.963,-1.203,-0.99,0.0,18.511,71.181,120.37,-0.8660254037844386,0.5000000000000001,0.0,1.0,0,0,0
2026-02-02 20:10:00,1770063000,35.831,37.803,-1.67,-1.115,0.0,18.072,74.327,118.914,-0.8660254037844386,0.5000000000000001,0.0,1.0,0,0,0
2026-02-02 20:20:00,1770063600,35.277,36.828,-0.554,-1.142,0.0,20.002,77.33,33.725,-0.8660254037844386,0.5000000000000001,0.0,1.0,0,0,0
2026-02-02 22:50:00,1770072600,66.243,66.243,-1.313,0.0,0.0,15.172,77.191,100.082,-0.5000000000000004,0.8660254037844384,0.0,1.0,0,0,0
2026-02-02 23:00:00,1770073200,64.647,65.445,-1.596,-1.596,0.0,19.409,77.895,73.852,-0.2588190451025215,0.965925826289068,0.0,1.0,0,0,0
2026-02-02 23:10:00,1770073800,62.374,64.421,-2.273,-1.935,0.0,20.654,65.346,66.245,-0.2588190451025215,0.965925826289068,0.0,1.0,0,0,0
2026-02-02 23:20:00,1770074400,60.953,63.554,-1.421,-1.764,0.0,18.216,62.716,37.792,-0.2588190451025215,0.965925826289068,0.0,1.0,0,0,0
2026-02-02 23:20:00,1770074400,68.735,68.735,-1.122,0.0,0.0,15.09,76.318,37.189,-0.2588190451025215,0.965925826289068,0.0,1.0,0,0,0
2026-02-02 23:30:00,1770075000,59.527,61.875,-1.426,-1.707,0.0,17.458,80.287,145.126,-0.2588190451025215,0.965925826289068,0.0,1.0,0,0,0
2026-02-02 23:30:00,1770075000,67.001,67.868,-1.734,-1.734,0.0,23.211,75.742,28.242,-0.2588190451025215,0.965925826289068,0.0,1.0,0,0,0
2026-02-02 23:40:00,1770075600,66.972,67.569,-0.029,-0.881,0.0,18.549,76.19,133.997,-0.2588190451025215,0.965925826289068,0.0,1.0,0,0,0
2026-02-02 23:40:00,1770075600,58.524,60.344,-1.002,-1.283,0.0,19.423,69.24,187.615,-0.2588190451025215,0.965925826289068,0.0,1.0,0,0,0
2026-02-02 23:50:00,1770076200,57.718,59.18,-0.806,-1.078,0.0,17.366,71.788,182.634,-0.2588190451025215,0.965925826289068,0.0,1.0,0,0,0
2026-02-02 23:50:00,1770076200,66.431,67.285,-0.541,-0.768,0.0,16.65,71.616,78.847,-0.2588190451025215,0.965925826289068,0.0,1.0,0,0,0
2026-02-03 00:00:00,1770076800,57.806,58.394,0.088,-0.574,0.0,19.011,77.701,76.102,0.0,1.0,0.7818314824680298,0.6234898018587336,0,0,0
2026-02-03 00:00:00,1770076800,65.484,66.472,-0.948,-0.506,0.0,18.806,65.517,91.846,0.0,1.0,0.7818314824680298,0.6234898018587336,0,0,0
2026-02-03 00:10:00,1770077400,57.368,57.854,-0.438,-0.385,0.0,20.329,69.074,65.023,0.0,1.0,0.7818314824680298,0.6234898018587336,0,0,0
2026-02-03 00:10:00,1770077400,64.695,65.896,-0.789,-0.759,0.0,19.44,77.18,215.107,0.0,1.0,0.7818314824680298,0.6234898018587336,0,0,0
2026-02-03 00:20:00,1770078000,63.171,64.945,-1.524,-1.087,0.0,17.684,70.322,127.064,0.0,1.0,0.7818314824680298,0.6234898018587336,0,0,0
2026-02-03 00:20:00,1770078000,56.365,57.314,-1.003,-0.451,0.0,17.086,79.235,20.0,0.0,1.0,0.7818314824680298,0.6234898018587336,0,0,0
2026-02-03 00:30:00,1770078600,63.81,64.29,0.639,-0.558,0.0,20.865,79.931,154.562,0.0,1.0,0.7818314824680298,0.6234898018587336,0,0,0
2026-02-03 00:30:00,1770078600,54.641,56.545,-1.724,-1.055,0.0,19.582,83.963,44.045,0.0,1.0,0.7818314824680298,0.6234898018587336,0,0,0
2026-02-03 00:40:00,1770079200,53.294,55.417,-1.347,-1.358,0.0,17.346,71.896,170.061,0.0,1.0,0.7818314824680298,0.6234898018587336,0,0,0
2026-02-03 00:40:00,1770079200,62.574,63.562,-1.236,-0.707,0.0,15.384,75.16,20.0,0.0,1.0,0.7818314824680298,0.6234898018587336,0,0,0
2026-02-03 00:50:00,1770079800,77.309,66.716,14.735,4.713,0.0,19.765,64.573,64.838,0.0,1.0,0.7818314824680298,0.6234898018587336,0,0,1
2026-02-03 01:00:00,1770080400,77.39,70.271,0.081,4.527,0.0,17.417,61.259,78.222,0.2588190451025207,0.9659258262890684,0.7818314824680298,0.6234898018587336,0,0,0
2026-02-03 01:10:00,1770081000,75.939,73.303,-1.45,4.455,0.0,15.569,64.804,20.0,0.2588190451025207,0.9659258262890684,0.7818314824680298,0.6234898018587336,0,0,0
2026-02-03 10:20:00,1770114000,51.133,51.133,-2.918,0.0,0.0,29.703,58.292,788.407,0.4999999999999999,-0.8660254037844387,0.7818314824680298,0.6234898018587336,0,0,0
2026-02-03 10:30:00,1770114600,49.96,50.546,-1.173,-1.173,0.0,27.517,63.103,776.943,0.4999999999999999,-0.8660254037844387,0.7818314824680298,0.6234898018587336,0,0,0
2026-02-03 10:40:00,1770115200,47.187,49.427,-2.772,-1.973,0.0,24.138,59.078,722.906,0.4999999999999999,-0.8660254037844387,0.7818314824680298,0.6234898018587336,0,0,0
2026-02-03 10:50:00,1770115800,45.105,48.346,-2.082,-2.009,0.0,24.519,51.29,837.412,0.4999999999999999,-0.8660254037844387,0.7818314824680298,0.6234898018587336,0,0,0
2026-02-03 11:00:00,1770116400,42.146,46.1,-2.959,-2.604,0.0,28.907,54.982,975.343,0.258819045102521,-0.9659258262890682,0.7818314824680298,0.6234898018587336,0,0,0
2026-02-03 11:10:00,1770117000,38.2,43.16,-3.946,-2.996,0.0,28.513,56.296,865.276,0.258819045102521,-0.9659258262890682,0.7818314824680298,0.6234898018587336,0,0,0
2026-02-03 11:20:00,1770117600,37.655,40.777,-0.545,-2.483,0.0,27.852,47.528,985.352,0.258819045102521,-0.9659258262890682,0.7818314824680298,0.6234898018587336,0,0,0
2026-02-03 11:30:00,1770118200,34.7,38.175,-2.955,-2.482,0.167,28.492,52.775,927.94,0.258819045102521,-0.9659258262890682,0.7818314824680298,0.6234898018587336,1,0,0
2026-02-03 11:40:00,1770118800,31.552,35.527,-3.148,-2.216,0.333,29.337,57.495,971.261,0.258819045102521,-0.9659258262890682,0.7818314824680298,0.6234898018587336,1,0,0
2026-02-03 11:50:00,1770119400,27.489,32.849,-4.062,-3.389,0.5,28.26,46.416,842.018,0.258819045102521,-0.9659258262890682,0.7818314824680298,0.6234898018587336,1,0,0
2026-02-03 12:00:00,1770120000,27.298,30.26,-0.191,-2.467,0.667,24.022,56.703,873.363,1.2246467991473532e-16,-1.0,0.7818314824680298,0.6234898018587336,1,0,0
2026-02-03 12:10:00,1770120600,25.982,28.08,-1.316,-1.857,0.833,28.018,58.439,911.988,1.2246467991473532e-16,-1.0,0.7818314824680298,0.6234898018587336,1,0,0
2026-02-03 14:10:00,1770127800,55.875,55.875,-2.739,0.0,0.0,24.678,62.897,829.396,-0.4999999999999997,-0.8660254037844388,0.7818314824680298,0.6234898018587336,0,0,0
2026-02-03 14:20:00,1770128400,52.888,54.382,-2.987,-2.987,0.0,30.776,54.298,822.953,-0.4999999999999997,-0.8660254037844388,0.7818314824680298,0.6234898018587336,0,0,0
2026-02-03 14:30:00,1770129000,53.29,54.018,0.401,-1.293,0.0,21.17,51.398,932.244,-0.4999999999999997,-0.8660254037844388,0.7818314824680298,0.6234898018587336,0,0,0
2026-02-03 14:40:00,1770129600,51.991,53.511,-1.299,-1.295,0.0,26.71,56.749,738.703,-0.4999999999999997,-0.8660254037844388,0.7818314824680298,0.6234898018587336,0,0,0
2026-02-03 14:50:00,1770130200,49.504,51.918,-2.487,-1.128,0.0,25.715,60.347,843.32,-0.4999999999999997,-0.8660254037844388,0.7818314824680298,0.6234898018587336,0,0,0
2026-02-03 15:00:00,1770130800,47.103,50.472,-2.401,-2.062,0.0,22.234,54.79,557.847,-0.7071067811865471,-0.7071067811865479,0.7818314824680298,0.6234898018587336,0,0,0
2026-02-03 15:10:00,1770131400,45.4,48.499,-1.703,-2.197,0.0,19.077,54.053,597.083,-0.7071067811865471,-0.7071067811865479,0.7818314824680298,0.6234898018587336,0,0,0
2026-02-03 15:20:00,1770132000,43.645,46.413,-1.755,-1.953,0.0,24.137,63.677,787.407,-0.7071067811865471,-0.7071067811865479,0.7818314824680298,0.6234898018587336,0,0,0
2026-02-03 15:30:00,1770132600,42.018,44.541,-1.628,-1.695,0.0,25.246,55.447,622.564,-0.7071067811865471,-0.7071067811865479,0.7818314824680298,0.6234898018587336,0,0,0
2026-02-03 15:40:00,1770133200,39.822,42.721,-2.195,-1.859,0.0,27.348,61.406,614.917,-0.7071067811865471,-0.7071067811865479,0.7818314824680298,0.6234898018587336,0,0,0
2026-02-03 15:50:00,1770133800,46.074,42.89,6.252,0.81,0.0,23.629,59.625,675.173,-0.7071067811865471,-0.7071067811865479,0.7818314824680298,0.6234898018587336,0,0,0
2026-02-03 16:00:00,1770134400,46.608,43.63,0.534,1.53,0.0,24.634,59.527,479.897,-0.8660254037844385,-0.5000000000000004,0.7818314824680298,0.6234898018587336,0,0,0
2026-02-03 18:30:00,1770143400,64.003,64.003,-1.091,0.0,0.0,18.779,75.673,22.281,-1.0,-1.8369701987210294e-16,0.7818314824680298,0.6234898018587336,0,0,0
2026-02-03 18:40:00,1770144000,62.436,63.219,-1.567,-1.567,0.0,18.063,74.71,130.902,-1.0,-1.8369701987210294e-16,0.7818314824680298,0.6234898018587336,0,0,0
2026-02-03 18:50:00,1770144600,61.331,62.59,-1.104,-1.336,0.0,19.505,76.612,132.869,-1.0,-1.8369701987210294e-16,0.7818314824680298,0.6234898018587336,0,0,0
2026-02-03 19:00:00,1770145200,61.71,62.37,0.378,-0.765,0.0,15.954,78.257,175.25,-0.9659258262890684,0.2588190451025203,0.7818314824680298,0.6234898018587336,0,0,0
2026-02-03 19:10:00,1770145800,59.995,61.368,-1.714,-0.813,0.0,17.367,70.95,31.853,-0.9659258262890684,0.2588190451025203,0.7818314824680298,0.6234898018587336,0,0,0
2026-02-03 19:20:00,1770146400,59.837,60.718,-0.159,-0.498,0.0,20.299,66.752,125.131,-0.9659258262890684,0.2588190451025203,0.7818314824680298,0.6234898018587336,0,0,0
2026-02-03 19:30:00,1770147000,59.53,60.268,-0.306,-0.726,0.0,20.138,77.293,185.692,-0.9659258262890684,0.2588190451025203,0.7818314824680298,0.6234898018587336,0,0,0
2026-02-03 19:40:00,1770147600,58.657,59.505,-0.873,-0.446,0.0,18.757,71.805,20.0,-0.9659258262890684,0.2588190451025203,0.7818314824680298,0.6234898018587336,0,0,0
2026-02-03 19:50:00,1770148200,57.39,58.854,-1.267,-0.815,0.0,19.785,71.115,124.407,-0.9659258262890684,0.2588190451025203,0.7818314824680298,0.6234898018587336,0,0,0
2026-02-03 20:00:00,1770148800,55.317,57.724,-2.073,-1.404,0.0,16.963,71.032,104.481,-0.8660254037844386,0.5000000000000001,0.7818314824680298,0.6234898018587336,0,0,0
2026-02-03 20:10:00,1770149400,53.714,56.27,-1.603,-1.648,0.0,17.851,79.923,66.113,-0.8660254037844386,0.5000000000000001,0.7818314824680298,0.6234898018587336,0,0,0
2026-02-03 20:20:00,1770150000,52.019,54.61,-1.696,-1.791,0.0,21.155,71.842,233.07,-0.8660254037844386,0.5000000000000001,0.7818314824680298,0.6234898018587336,0,0,0
2026-02-05 08:30:00,1770280200,64.788,64.788,-2.218,0.0,0.0,25.877,62.72,424.607,0.8660254037844387,-0.4999999999999998,0.4338837391175582,-0.900968867902419,0,0,0
2026-02-05 08:40:00,1770280800,65.344,65.066,0.556,0.556,0.0,22.39,60.142,396.841,0.8660254037844387,-0.4999999999999998,0.4338837391175582,-0.900968867902419,0,0,0
2026-02-05 08:50:00,1770281400,64.857,64.996,-0.486,0.035,0.0,22.336,65.278,354.152,0.8660254037844387,-0.4999999999999998,0.4338837391175582,-0.900968867902419,0,0,0
2026-02-05 09:00:00,1770282000,64.249,64.809,-0.608,-0.179,0.0,25.74,54.815,779.524,0.7071067811865476,-0.7071067811865475,0.4338837391175582,-0.900968867902419,0,0,0
2026-02-05 09:10:00,1770282600,62.172,64.155,-2.078,-1.057,0.0,24.53,53.011,634.97,0.7071067811865476,-0.7071067811865475,0.4338837391175582,-0.900968867902419,0,0,0
2026-02-05 09:20:00,1770283200,59.083,62.59,-3.089,-1.925,0.0,24.588,52.935,732.187,0.7071067811865476,-0.7071067811865475,0.4338837391175582,-0.900968867902419,0,0,0
2026-02-05 09:30:00,1770283800,55.566,55.566,-1.053,0.0,0.0,27.013,63.878,617.24,0.7071067811865476,-0.7071067811865475,0.4338837391175582,-0.900968867902419,0,0,0
2026-02-05 09:30:00,1770283800,57.74,60.811,-1.342,-2.17,0.0,24.255,56.935,686.125,0.7071067811865476,-0.7071067811865475,0.4338837391175582,-0.900968867902419,0,0,0
2026-02-05 09:40:00,1770284400,55.482,58.619,-2.259,-2.23,0.0,25.542,64.063,626.431,0.7071067811865476,-0.7071067811865475,0.4338837391175582,-0.900968867902419,0,0,0
2026-02-05 09:40:00,1770284400,52.805,54.185,-2.76,-2.76,0.0,23.506,54.931,662.076,0.7071067811865476,-0.7071067811865475,0.4338837391175582,-0.900968867902419,0,0,0
2026-02-05 09:50:00,1770285000,50.081,52.817,-2.724,-2.742,0.0,24.484,44.494,675.199,0.7071067811865476,-0.7071067811865475,0.4338837391175582,-0.900968867902419,0,0,0
2026-02-05 09:50:00,1770285000,68.576,60.22,13.094,3.164,0.0,22.741,60.115,678.381,0.7071067811865476,-0.7071067811865475,0.4338837391175582,-0.900968867902419,0,0,1
2026-02-05 10:00:00,1770285600,67.452,62.312,-1.124,3.237,0.0,29.558,66.799,816.82,0.4999999999999999,-0.8660254037844387,0.4338837391175582,-0.900968867902419,0,0,0
2026-02-05 10:00:00,1770285600,49.291,51.936,-0.789,-2.091,0.0,27.515,49.458,769.598,0.4999999999999999,-0.8660254037844387,0.4338837391175582,-0.900968867902419,0,0,0
2026-02-05 10:10:00,1770286200,46.953,49.783,-2.339,-1.951,0.0,31.446,63.994,836.424,0.4999999999999999,-0.8660254037844387,0.4338837391175582,-0.900968867902419,0,0,0
2026-02-05 10:10:00,1770286200,64.915,64.106,-2.537,3.144,0.0,25.828,57.831,847.695,0.4999999999999999,-0.8660254037844387,0.4338837391175582,-0.900968867902419,0,0,0
2026-02-05 10:20:00,1770286800,63.176,66.03,-1.739,-1.8,0.0,28.239,57.852,792.005,0.4999999999999999,-0.8660254037844387,0.4338837391175582,-0.900968867902419,0,0,0
2026-02-05 10:20:00,1770286800,44.771,47.774,-2.181,-1.77,0.0,27.814,55.885,793.333,0.4999999999999999,-0.8660254037844387,0.4338837391175582,-0.900968867902419,0,0,0
2026-02-05 10:30:00,1770287400,44.077,46.273,-0.694,-1.738,0.0,31.393,56.865,808.127,0.4999999999999999,-0.8660254037844387,0.4338837391175582,-0.900968867902419,0,0,0
2026-02-05 10:40:00,1770288000,42.613,44.604,-1.464,-1.446,0.0,25.345,52.143,883.529,0.4999999999999999,-0.8660254037844387,0.4338837391175582,-0.900968867902419,0,0,0
2026-02-05 10:50:00,1770288600,39.733,42.799,-2.881,-1.68,0.0,24.221,49.61,818.94,0.4999999999999999,-0.8660254037844387,0.4338837391175582,-0.900968867902419,0,0,0
2026-02-05 11:00:00,1770289200,35.785,40.552,-3.947,-2.764,0.0,29.943,54.546,908.701,0.258819045102521,-0.9659258262890682,0.4338837391175582,-0.900968867902419,0,0,0
2026-02-05 11:10:00,1770289800,33.068,37.8,-2.717,-3.182,0.167,31.885,47.328,889.641,0.258819045102521,-0.9659258262890682,0.4338837391175582,-0.900968867902419,1,0,0
2026-02-05 11:20:00,1770290400,31.287,34.968,-1.781,-2.815,0.333,28.82,55.186,932.535,0.258819045102521,-0.9659258262890682,0.4338837391175582,-0.900968867902419,1,0,0
2026-02-05 14:10:00,1770300600,72.512,72.512,-1.408,0.0,0.0,28.231,55.546,795.297,-0.4999999999999997,-0.8660254037844388,0.4338837391175582,-0.900968867902419,0,0,0
2026-02-05 14:20:00,1770301200,69.715,71.113,-2.797,-2.797,0.0,24.006,51.344,876.402,-0.4999999999999997,-0.8660254037844388,0.4338837391175582,-0.900968867902419,0,0,0
2026-02-05 14:30:00,1770301800,69.261,70.496,-0.453,-1.625,0.0,25.411,50.874,709.054,-0.4999999999999997,-0.8660254037844388,0.4338837391175582,-0.900968867902419,0,0,0
2026-02-05 14:40:00,1770302400,67.545,69.758,-1.716,-1.655,0.0,27.291,64.846,726.063,-0.4999999999999997,-0.8660254037844388,0.4338837391175582,-0.900968867902419,0,0,0
2026-02-05 14:50:00,1770303000,65.197,67.929,-2.349,-1.506,0.0,28.551,58.539,906.475,-0.4999999999999997,-0.8660254037844388,0.4338837391175582,-0.900968867902419,0,0,0
2026-02-05 15:00:00,1770303600,64.956,66.74,-0.241,-1.435,0.0,24.117,66.429,585.786,-0.7071067811865471,-0.7071067811865479,0.4338837391175582,-0.900968867902419,0,0,0
2026-02-05 15:10:00,1770304200,63.579,65.319,-1.377,-1.322,0.0,22.948,55.875,545.986,-0.7071067811865471,-0.7071067811865479,0.4338837391175582,-0.900968867902419,0,0,0
2026-02-05 15:20:00,1770304800,62.07,63.951,-1.509,-1.042,0.0,28.899,61.276,663.799,-0.7071067811865471,-0.7071067811865479,0.4338837391175582,-0.900968867902419,0,0,0
2026-02-05 15:30:00,1770305400,60.789,62.849,-1.281,-1.389,0.0,22.908,50.875,566.312,-0.7071067811865471,-0.7071067811865479,0.4338837391175582,-0.900968867902419,0,0,0
2026-02-05 15:40:00,1770306000,60.941,61.845,0.152,-0.879,0.0,25.66,66.617,613.47,-0.7071067811865471,-0.7071067811865479,0.4338837391175582,-0.900968867902419,0,0,0
2026-02-05 15:50:00,1770306600,57.792,60.398,-3.149,-1.426,0.0,26.84,66.031,668.802,-0.7071067811865471,-0.7071067811865479,0.4338837391175582,-0.900968867902419,0,0,0
2026-02-05 16:00:00,1770307200,56.984,59.127,-0.808,-1.268,0.0,22.43,61.225,466.879,-0.8660254037844385,-0.5000000000000004,0.4338837391175582,-0.900968867902419,0,0,0
2026-02-05 20:20:00,1770322800,47.646,47.646,-0.439,0.0,0.0,16.083,74.917,20.0,-0.8660254037844386,0.5000000000000001,0.4338837391175582,-0.900968867902419,0,0,0
2026-02-05 20:30:00,1770323400,49.191,48.418,1.545,1.545,0.0,16.139,60.236,60.817,-0.8660254037844386,0.5000000000000001,0.4338837391175582,-0.900968867902419,0,0,0
2026-02-05 20:40:00,1770324000,47.805,48.214,-1.385,0.08,0.0,19.557,64.843,89.575,-0.8660254037844386,0.5000000000000001,0.4338837391175582,-0.900968867902419,0,0,0
2026-02-05 20:50:00,1770324600,46.643,47.821,-1.162,-0.334,0.0,17.473,65.866,126.084,-0.8660254037844386,0.5000000000000001,0.4338837391175582,-0.900968867902419,0,0,0
2026-02-05 21:00:00,1770325200,45.825,47.366,-0.818,-1.122,0.0,18.623,66.052,223.44,-0.7071067811865477,0.7071067811865474,0.4338837391175582,-0.900968867902419,0,0,0
2026-02-05 21:10:00,1770325800,45.186,46.365,-0.639,-0.873,0.0,19.804,78.045,20.0,-0.7071067811865477,0.7071067811865474,0.4338837391175582,-0.900968867902419,0,0,0
2026-02-05 21:20:00,1770326400,44.685,45.585,-0.501,-0.653,0.0,15.682,71.331,42.979,-0.7071067811865477,0.7071067811865474,0.4338837391175582,-0.900968867902419,0,0,0
2026-02-05 21:30:00,1770327000,42.457,44.538,-2.228,-1.123,0.0,20.585,63.036,215.779,-0.7071067811865477,0.7071067811865474,0.4338837391175582,-0.900968867902419,0,0,0
2026-02-05 21:40:00,1770327600,41.654,43.496,-0.803,-1.177,0.0,20.782,80.119,190.123,-0.7071067811865477,0.7071067811865474,0.4338837391175582,-0.900968867902419,0,0,0
2026-02-05 21:50:00,1770328200,40.717,42.378,-0.937,-1.323,0.0,19.699,71.019,20.0,-0.7071067811865477,0.7071067811865474,0.4338837391175582,-0.900968867902419,0,0,0
2026-02-05 22:00:00,1770328800,41.987,41.704,1.27,-0.157,0.0,21.662,64.06,71.156,-0.5000000000000004,0.8660254037844384,0.4338837391175582,-0.900968867902419,0,0,0
2026-02-05 22:10:00,1770329400,41.835,41.548,-0.152,0.06,0.0,20.733,69.513,129.503,-0.5000000000000004,0.8660254037844384,0.4338837391175582,-0.900968867902419,0,0,0
2026-02-06 07:50:00,1770364200,47.851,47.851,-0.601,0.0,0.0,18.8,76.227,343.793,0.9659258262890684,-0.2588190451025206,-0.433883739117558,-0.9009688679024191,0,0,0
2026-02-06 08:00:00,1770364800,45.485,46.668,-2.365,-2.365,0.0,23.819,62.86,616.315,0.8660254037844387,-0.4999999999999998,-0.433883739117558,-0.9009688679024191,0,0,0
2026-02-06 08:10:00,1770365400,43.851,45.729,-1.635,-2.0,0.0,23.529,59.05,538.362,0.8660254037844387,-0.4999999999999998,-0.433883739117558,-0.9009688679024191,0,0,0
2026-02-06 08:20:00,1770366000,40.504,44.423,-3.346,-2.449,0.0,20.556,65.826,411.657,0.8660254037844387,-0.4999999999999998,-0.433883739117558,-0.9009688679024191,0,0,0
2026-02-06 08:30:00,1770366600,39.138,42.245,-1.367,-2.116,0.0,26.116,60.533,471.534,0.8660254037844387,-0.4999999999999998,-0.433883739117558,-0.9009688679024191,0,0,0
2026-02-06 08:40:00,1770367200,38.105,40.4,-1.032,-1.915,0.0,24.974,60.687,512.962,0.8660254037844387,-0.4999999999999998,-0.433883739117558,-0.9009688679024191,0,0,0
2026-02-06 08:50:00,1770367800,49.347,41.774,11.241,2.947,0.0,25.345,66.3,525.621,0.8660254037844387,-0.4999999999999998,-0.433883739117558,-0.9009688679024191,0,0,1
2026-02-06 09:00:00,1770368400,47.31,43.475,-2.037,2.724,0.0,26.685,61.762,611.437,0.7071067811865476,-0.7071067811865475,-0.433883739117558,-0.9009688679024191,0,0,0
2026-02-06 09:10:00,1770369000,47.708,45.618,0.398,3.201,0.0,22.915,65.067,734.721,0.7071067811865476,-0.7071067811865475,-0.433883739117558,-0.9009688679024191,0,0,0
2026-02-06 09:20:00,1770369600,44.961,47.332,-2.747,-1.462,0.0,24.378,50.221,721.858,0.7071067811865476,-0.7071067811865475,-0.433883739117558,-0.9009688679024191,0,0,0
2026-02-06 09:30:00,1770370200,42.971,45.738,-1.99,-1.446,0.0,28.809,60.636,579.75,0.7071067811865476,-0.7071067811865475,-0.433883739117558,-0.9009688679024191,0,0,0
2026-02-06 09:40:00,1770370800,41.125,44.191,-1.846,-2.195,0.0,27.293,59.11,668.94,0.7071067811865476,-0.7071067811865475,-0.433883739117558,-0.9009688679024191,0,0,0
2026-02-08 13:10:00,1770556200,35.788,35.788,-2.611,0.0,0.0,26.369,48.479,889.441,-0.2588190451025208,-0.9659258262890684,-0.7818314824680299,0.6234898018587334,0,0,0
2026-02-08 13:20:00,1770556800,33.231,34.509,-2.556,-2.556,0.167,26.931,57.225,849.166,-0.2588190451025208,-0.9659258262890684,-0.7818314824680299,0.6234898018587334,0,0,0
2026-02-08 13:30:00,1770557400,30.962,33.327,-2.269,-2.413,0.333,28.209,53.222,942.823,-0.2588190451025208,-0.9659258262890684,-0.7818314824680299,0.6234898018587334,1,0,0
2026-02-08 13:40:00,1770558000,27.536,31.879,-3.426,-2.75,0.5,28.655,50.704,890.742,-0.2588190451025208,-0.9659258262890684,-0.7818314824680299,0.6234898018587334,1,0,0
2026-02-08 13:50:00,1770558600,24.881,29.153,-2.656,-2.784,0.667,29.404,56.018,932.183,-0.2588190451025208,-0.9659258262890684,-0.7818314824680299,0.6234898018587334,1,0,0
2026-02-08 14:00:00,1770559200,23.315,26.673,-1.566,-2.549,0.833,29.417,55.908,881.579,-0.4999999999999997,-0.8660254037844388,-0.7818314824680299,0.6234898018587334,1,0,0
2026-02-08 14:10:00,1770559800,20.236,23.992,-3.079,-2.434,1.0,28.158,57.647,860.388,-0.4999999999999997,-0.8660254037844388,-0.7818314824680299,0.6234898018587334,1,0,0
2026-02-08 14:20:00,1770560400,17.448,21.47,-2.788,-2.478,1.167,26.845,56.767,1015.292,-0.4999999999999997,-0.8660254037844388,-0.7818314824680299,0.6234898018587334,1,0,0
2026-02-08 14:30:00,1770561000,13.739,18.684,-3.709,-3.192,1.333,26.248,54.041,924.233,-0.4999999999999997,-0.8660254037844388,-0.7818314824680299,0.6234898018587334,1,0,0
2026-02-08 14:40:00,1770561600,11.13,15.638,-2.608,-3.035,1.5,28.858,70.41,696.534,-0.4999999999999997,-0.8660254037844388,-0.7818314824680299,0.6234898018587334,1,0,0
2026-02-08 14:50:00,1770562200,8.642,12.74,-2.489,-2.935,1.667,26.14,62.908,879.122,-0.4999999999999997,-0.8660254037844388,-0.7818314824680299,0.6234898018587334,2,0,0
2026-02-08 15:00:00,1770562800,6.029,9.885,-2.613,-2.57,1.833,27.68,58.135,668.584,-0.7071067811865471,-0.7071067811865479,-0.7818314824680299,0.6234898018587334,2,0,0
2026-02-09 13:00:00,1770642000,38.194,38.194,-1.968,0.0,0.0,25.61,60.137,831.057,-0.2588190451025208,-0.9659258262890684,0.0,1.0,0,0,0
2026-02-09 13:10:00,1770642600,36.227,37.21,-1.967,-1.967,0.0,28.62,46.96,932.104,-0.2588190451025208,-0.9659258262890684,0.0,1.0,0,0,0
2026-02-09 13:20:00,1770643200,34.328,36.249,-1.899,-1.933,0.167,28.957,47.592,927.244,-0.2588190451025208,-0.9659258262890684,0.0,1.0,0,0,0
2026-02-09 13:30:00,1770643800,33.818,35.642,-0.51,-1.459,0.333,29.434,62.01,867.242,-0.2588190451025208,-0.9659258262890684,0.0,1.0,0,0,0
2026-02-09 13:40:00,1770644400,31.994,34.092,-1.824,-1.411,0.5,28.399,58.447,893.356,-0.2588190451025208,-0.9659258262890684,0.0,1.0,0,0,0
2026-02-09 13:40:00,1770644400,33.472,33.472,-1.528,0.0,0.167,29.141,61.479,922.238,-0.2588190451025208,-0.9659258262890684,0.0,1.0,0,0,0
2026-02-09 13:50:00,1770645000,32.786,33.129,-0.686,-0.686,0.333,29.086,51.478,864.04,-0.2588190451025208,-0.9659258262890684,0.0,1.0,0,0,0
2026-02-09 13:50:00,1770645000,29.66,32.45,-2.334,-1.556,0.667,27.575,50.967,958.7,-0.2588190451025208,-0.9659258262890684,0.0,1.0,1,0,0
2026-02-09 14:00:00,1770645600,27.596,30.767,-2.064,-2.074,0.833,27.475,59.762,816.331,-0.4999999999999997,-0.8660254037844388,0.0,1.0,1,0,0
2026-02-09 14:00:00,1770645600,31.052,32.437,-1.734,-1.21,0.5,29.044,55.497,822.089,-0.4999999999999997,-0.8660254037844388,0.0,1.0,0,0,0
2026-02-09 14:10:00,1770646200,29.592,31.726,-1.46,-1.293,0.667,26.224,60.557,713.063,-0.4999999999999997,-0.8660254037844388,0.0,1.0,0,0,0
2026-02-09 14:10:00,1770646200,37.574,37.574,-1.812,0.0,0.0,25.007,45.136,841.214,-0.4999999999999997,-0.8660254037844388,0.0,1.0,0,0,0
2026-02-09 14:10:00,1770646200,25.64,28.722,-1.955,-2.118,1.0,24.325,63.623,842.641,-0.4999999999999997,-0.8660254037844388,0.0,1.0,0,0,0
2026-02-09 14:20:00,1770646800,34.587,36.08,-2.987,-2.987,0.167,24.498,56.856,802.147,-0.4999999999999997,-0.8660254037844388,0.0,1.0,0,0,0
2026-02-09 14:20:00,1770646800,28.973,30.601,-0.619,-1.271,0.833,23.414,60.26,705.807,-0.4999999999999997,-0.8660254037844388,0.0,1.0,0,0,0
2026-02-09 14:20:00,1770646800,23.861,26.689,-1.779,-1.933,1.167,24.752,56.672,742.969,-0.4999999999999997,-0.8660254037844388,0.0,1.0,1,0,0
2026-02-09 14:30:00,1770647400,32.076,34.746,-2.511,-2.749,0.333,28.482,54.598,763.573,-0.4999999999999997,-0.8660254037844388,0.0,1.0,1,0,0
2026-02-09 14:30:00,1770647400,26.512,29.032,-2.461,-1.513,1.0,28.285,52.342,844.149,-0.4999999999999997,-0.8660254037844388,0.0,1.0,1,0,0
2026-02-09 14:30:00,1770647400,22.356,24.863,-1.505,-1.747,1.333,27.474,57.992,859.501,-0.4999999999999997,-0.8660254037844388,0.0,1.0,1,0,0
2026-02-09 14:40:00,1770648000,24.71,27.447,-1.802,-1.627,1.167,24.462,55.422,879.408,-0.4999999999999997,-0.8660254037844388,0.0,1.0,1,0,0
2026-02-09 14:40:00,1770648000,29.453,33.422,-2.623,-2.707,0.5,27.472,54.563,840.794,-0.4999999999999997,-0.8660254037844388,0.0,1.0,0,0,0
2026-02-09 14:40:00,1770648000,20.592,23.112,-1.764,-1.683,1.5,26.065,45.51,668.565,-0.4999999999999997,-0.8660254037844388,0.0,1.0,1,0,0
2026-02-09 14:50:00,1770648600,22.718,25.728,-1.992,-2.085,1.333,25.702,62.654,815.513,-0.4999999999999997,-0.8660254037844388,0.0,1.0,1,0,0
2026-02-09 14:50:00,1770648600,27.156,30.818,-2.297,-2.477,0.667,27.691,55.516,883.933,-0.4999999999999997,-0.8660254037844388,0.0,1.0,1,0,0
2026-02-09 14:50:00,1770648600,18.2,21.252,-2.392,-1.887,1.667,29.169,57.425,889.309,-0.4999999999999997,-0.8660254037844388,0.0,1.0,1,0,0
2026-02-09 15:00:00,1770649200,26.943,28.907,-0.213,-1.711,0.833,24.184,53.591,572.211,-0.7071067811865471,-0.7071067811865479,0.0,1.0,1,0,0
2026-02-09 15:00:00,1770649200,21.738,23.92,-0.979,-1.591,1.5,23.937,61.852,569.636,-0.7071067811865471,-0.7071067811865479,0.0,1.0,1,0,0
2026-02-09 15:10:00,1770649800,18.618,21.946,-3.12,-2.03,1.667,29.539,55.533,719.61,-0.7071067811865471,-0.7071067811865479,0.0,1.0,1,0,0
2026-02-09 15:10:00,1770649800,25.235,27.197,-1.708,-1.406,1.0,22.336,58.61,526.852,-0.7071067811865471,-0.7071067811865479,0.0,1.0,0,0,0
2026-02-09 15:20:00,1770650400,22.794,25.532,-2.442,-1.454,1.167,25.989,61.646,817.174,-0.7071067811865471,-0.7071067811865479,0.0,1.0,1,0,0
2026-02-09 15:20:00,1770650400,18.365,20.36,-0.253,-1.451,1.833,23.415,59.74,631.785,-0.7071067811865471,-0.7071067811865479,0.0,1.0,1,0,0
2026-02-09 15:30:00,1770651000,19.861,23.708,-2.933,-2.361,1.333,24.797,62.327,654.41,-0.7071067811865471,-0.7071067811865479,0.0,1.0,1,0,0
2026-02-09 15:30:00,1770651000,15.264,18.496,-3.101,-2.158,2.0,29.647,57.49,716.342,-0.7071067811865471,-0.7071067811865479,0.0,1.0,2,0,0
2026-02-09 15:40:00,1770651600,17.07,21.24,-2.791,-2.722,1.5,27.926,53.895,693.808,-0.7071067811865471,-0.7071067811865479,0.0,1.0,1,0,0
2026-02-09 15:50:00,1770652200,14.465,18.547,-2.605,-2.776,1.667,25.496,56.95,698.562,-0.7071067811865471,-0.7071067811865479,0.0,1.0,1,0,0
2026-02-09 16:00:00,1770652800,14.398,16.448,-0.066,-1.821,1.833,22.569,59.572,501.606,-0.8660254037844385,-0.5000000000000004,0.0,1.0,1,0,0
2026-02-09 16:30:00,1770654600,42.438,42.438,-1.423,0.0,0.0,23.293,57.114,392.513,-0.8660254037844385,-0.5000000000000004,0.0,1.0,0,0,0
2026-02-09 16:40:00,1770655200,40.592,41.515,-1.845,-1.845,0.0,25.878,64.845,397.142,-0.8660254037844385,-0.5000000000000004,0.0,1.0,0,0,0
2026-02-09 16:50:00,1770655800,40.408,41.146,-0.184,-1.015,0.0,23.9,61.282,429.102,-0.8660254037844385,-0.5000000000000004,0.0,1.0,0,0,0
2026-02-09 17:00:00,1770656400,39.602,40.76,-0.806,-0.945,0.0,18.552,65.538,304.107,-0.9659258262890684,-0.2588190451025206,0.0,1.0,0,0,0
2026-02-09 17:10:00,1770657000,38.636,39.809,-0.966,-0.652,0.0,21.983,74.915,266.002,-0.9659258262890684,-0.2588190451025206,0.0,1.0,0,0,0
2026-02-09 17:20:00,1770657600,37.173,38.955,-1.462,-1.078,0.0,23.498,64.293,343.508,-0.9659258262890684,-0.2588190451025206,0.0,1.0,0,0,0
2026-02-09 17:30:00,1770658200,36.635,38.011,-0.538,-0.989,0.0,22.914,67.967,338.236,-0.9659258262890684,-0.2588190451025206,0.0,1.0,0,0,0
2026-02-09 17:40:00,1770658800,35.438,36.971,-1.197,-1.066,0.0,23.361,70.729,361.973,-0.9659258262890684,-0.2588190451025206,0.0,1.0,0,0,0
2026-02-09 17:50:00,1770659400,33.345,35.648,-2.093,-1.276,0.167,21.726,68.844,237.416,-0.9659258262890684,-0.2588190451025206,0.0,1.0,0,0,0
2026-02-09 18:00:00,1770660000,31.922,34.335,-1.423,-1.571,0.333,18.144,72.199,20.0,-1.0,-1.8369701987210294e-16,0.0,1.0,0,0,0
2026-02-09 18:10:00,1770660600,30.473,32.795,-1.45,-1.655,0.5,17.36,74.84,84.659,-1.0,-1.8369701987210294e-16,0.0,1.0,0,0,0
2026-02-09 18:20:00,1770661200,30.552,31.573,0.08,-0.931,0.667,16.657,67.078,72.336,-1.0,-1.8369701987210294e-16,0.0,1.0,0,0,0
2026-02-10 07:10:00,1770707400,34.977,34.977,-1.511,0.0,0.167,23.326,67.121,240.999,0.9659258262890684,-0.2588190451025206,0.7818314824680298,0.6234898018587336,0,0,0
2026-02-10 07:20:00,1770708000,33.704,34.341,-1.273,-1.273,0.333,24.814,68.878,260.801,0.9659258262890684,-0.2588190451025206,0.7818314824680298,0.6234898018587336,0,0,0
2026-02-10 07:30:00,1770708600,31.92,33.534,-1.785,-1.529,0.5,23.939,63.736,471.215,0.9659258262890684,-0.2588190451025206,0.7818314824680298,0.6234898018587336,0,0,0
2026-02-10 07:30:00,1770708600,71.679,71.679,-1.637,0.0,0.0,20.944,66.886,261.653,0.9659258262890684,-0.2588190451025206,0.7818314824680298,0.6234898018587336,0,0,0
2026-02-10 07:40:00,1770709200,71.571,71.625,-0.108,-0.108,0.0,22.049,68.023,260.731,0.9659258262890684,-0.2588190451025206,0.7818314824680298,0.6234898018587336,0,0,0
2026-02-10 07:40:00,1770709200,32.065,33.167,0.145,-0.971,0.667,19.927,69.535,310.207,0.9659258262890684,-0.2588190451025206,0.7818314824680298,0.6234898018587336,0,0,0
2026-02-10 07:50:00,1770709800,32.713,32.6,0.648,-0.33,0.833,20.363,65.157,221.026,0.9659258262890684,-0.2588190451025206,0.7818314824680298,0.6234898018587336,0,0,0
2026-02-10 07:50:00,1770709800,71.598,71.616,0.027,-0.041,0.0,24.094,71.175,353.15,0.9659258262890684,-0.2588190451025206,0.7818314824680298,0.6234898018587336,0,0,0
2026-02-10 08:00:00,1770710400,69.928,71.194,-1.671,-0.584,0.0,24.913,61.974,571.582,0.8660254037844387,-0.4999999999999998,0.7818314824680298,0.6234898018587336,0,0,0
2026-02-10 08:00:00,1770710400,29.965,31.666,-2.748,-0.652,1.0,22.971,61.568,571.103,0.8660254037844387,-0.4999999999999998,0.7818314824680298,0.6234898018587336,0,0,0
2026-02-10 08:10:00,1770711000,28.01,30.688,-1.955,-1.352,1.167,26.072,61.946,539.374,0.8660254037844387,-0.4999999999999998,0.7818314824680298,0.6234898018587336,0,0,0
2026-02-10 08:10:00,1770711000,66.677,69.944,-3.25,-1.631,0.0,22.059,62.044,548.488,0.8660254037844387,-0.4999999999999998,0.7818314824680298,0.6234898018587336,0,0,0
2026-02-10 08:20:00,1770711600,65.408,68.403,-1.269,-2.063,0.0,24.411,70.289,489.567,0.8660254037844387,-0.4999999999999998,0.7818314824680298,0.6234898018587336,0,0,0
2026-02-10 08:20:00,1770711600,37.844,32.133,9.834,1.71,1.0,20.56,66.68,567.433,0.8660254037844387,-0.4999999999999998,0.7818314824680298,0.6234898018587336,0,0,1
2026-02-10 08:30:00,1770712200,36.305,33.031,-1.539,2.113,0.833,26.395,71.373,495.447,0.8660254037844387,-0.4999999999999998,0.7818314824680298,0.6234898018587336,0,0,0
2026-02-10 08:30:00,1770712200,63.803,66.454,-1.605,-2.042,0.0,28.295,68.436,418.078,0.8660254037844387,-0.4999999999999998,0.7818314824680298,0.6234898018587336,0,0,0
2026-02-10 08:40:00,1770712800,60.998,64.222,-2.805,-1.893,0.0,22.923,70.221,423.196,0.8660254037844387,-0.4999999999999998,0.7818314824680298,0.6234898018587336,0,0,0
2026-02-10 08:40:00,1770712800,34.156,34.079,-2.149,2.049,1.0,25.407,60.744,501.994,0.8660254037844387,-0.4999999999999998,0.7818314824680298,0.6234898018587336,0,0,0
2026-02-10 08:50:00,1770713400,60.352,62.64,-0.646,-1.685,0.0,27.438,55.085,542.252,0.8660254037844387,-0.4999999999999998,0.7818314824680298,0.6234898018587336,0,0,0
2026-02-10 08:50:00,1770713400,31.867,35.043,-2.289,-1.992,1.167,26.074,59.792,360.763,0.8660254037844387,-0.4999999999999998,0.7818314824680298,0.6234898018587336,0,0,0
2026-02-10 09:00:00,1770714000,28.29,32.655,-3.577,-2.672,1.333,28.891,69.741,666.736,0.7071067811865476,-0.7071067811865475,0.7818314824680298,0.6234898018587336,1,0,0
2026-02-10 09:00:00,1770714000,58.995,61.037,-1.357,-1.602,0.0,22.92,53.833,649.75,0.7071067811865476,-0.7071067811865475,0.7818314824680298,0.6234898018587336,0,0,0
2026-02-10 09:10:00,1770714600,56.697,59.261,-2.298,-1.433,0.0,24.038,53.207,732.861,0.7071067811865476,-0.7071067811865475,0.7818314824680298,0.6234898018587336,0,0,0
2026-02-10 09:20:00,1770715200,55.787,57.958,-0.91,-1.522,0.0,25.432,62.753,661.626,0.7071067811865476,-0.7071067811865475,0.7818314824680298,0.6234898018587336,0,0,0
2026-02-10 13:40:00,1770730800,38.201,38.201,-2.481,0.0,0.0,30.508,53.93,1027.787,-0.2588190451025208,-0.9659258262890684,0.7818314824680298,0.6234898018587336,0,0,0
2026-02-10 13:50:00,1770731400,36.403,37.302,-1.798,-1.798,0.0,25.999,59.296,911.327,-0.2588190451025208,-0.9659258262890684,0.7818314824680298,0.6234898018587336,0,0,0
2026-02-10 14:00:00,1770732000,33.815,36.14,-2.588,-2.193,0.167,26.919,46.945,727.141,-0.4999999999999997,-0.8660254037844388,0.7818314824680298,0.6234898018587336,0,0,0
2026-02-10 14:10:00,1770732600,32.7,35.28,-1.115,-1.834,0.333,30.554,59.271,836.211,-0.4999999999999997,-0.8660254037844388,0.7818314824680298,0.6234898018587336,0,0,0
2026-02-10 14:20:00,1770733200,29.602,33.13,-3.098,-2.267,0.5,30.508,52.752,894.875,-0.4999999999999997,-0.8660254037844388,0.7818314824680298,0.6234898018587336,1,0,0
2026-02-10 14:30:00,1770733800,27.058,30.794,-2.544,-2.252,0.667,27.235,55.168,815.864,-0.4999999999999997,-0.8660254037844388,0.7818314824680298,0.6234898018587336,1,0,0
2026-02-10 14:40:00,1770734400,23.806,28.292,-3.253,-2.965,0.833,28.167,59.033,739.131,-0.4999999999999997,-0.8660254037844388,0.7818314824680298,0.6234898018587336,1,0,0
2026-02-10 14:50:00,1770735000,21.647,25.528,-2.159,-2.652,1.0,27.923,54.576,769.733,-0.4999999999999997,-0.8660254037844388,0.7818314824680298,0.6234898018587336,1,0,0
2026-02-10 15:00:00,1770735600,19.361,22.968,-2.287,-2.566,1.167,25.506,61.767,843.855,-0.7071067811865471,-0.7071067811865479,0.7818314824680298,0.6234898018587336,1,0,0
2026-02-10 15:10:00,1770736200,16.89,20.426,-2.47,-2.305,1.333,21.531,60.665,814.929,-0.7071067811865471,-0.7071067811865479,0.7818314824680298,0.6234898018587336,1,0,0
2026-02-10 15:20:00,1770736800,13.345,17.811,-3.545,-2.767,1.5,23.392,59.449,636.374,-0.7071067811865471,-0.7071067811865479,0.7818314824680298,0.6234898018587336,1,0,0
2026-02-10 15:30:00,1770737400,11.414,15.252,-1.931,-2.649,1.667,22.645,66.838,674.72,-0.7071067811865471,-0.7071067811865479,0.7818314824680298,0.6234898018587336,1,0,0
2026-02-10 18:20:00,1770747600,61.832,61.832,-0.951,0.0,0.0,20.795,62.15,82.062,-1.0,-1.8369701987210294e-16,0.7818314824680298,0.6234898018587336,0,0,0
2026-02-10 18:30:00,1770748200,61.03,61.431,-0.801,-0.801,0.0,19.74,71.614,94.356,-1.0,-1.8369701987210294e-16,0.7818314824680298,0.6234898018587336,0,0,0
2026-02-10 18:40:00,1770748800,61.797,61.553,0.766,-0.018,0.0,19.083,72.739,101.104,-1.0,-1.8369701987210294e-16,0.7818314824680298,0.6234898018587336,0,0,0
2026-02-10 18:50:00,1770749400,60.721,61.345,-1.076,-0.37,0.0,15.182,64.83,43.989,-1.0,-1.8369701987210294e-16,0.7818314824680298,0.6234898018587336,0,0,0
2026-02-10 19:00:00,1770750000,59.286,60.708,-1.434,-0.581,0.0,19.702,69.157,41.106,-0.9659258262890684,0.2588190451025203,0.7818314824680298,0.6234898018587336,0,0,0
2026-02-10 19:10:00,1770750600,57.06,59.716,-2.226,-1.579,0.0,16.786,73.219,175.858,-0.9659258262890684,0.2588190451025203,0.7818314824680298,0.6234898018587336,0,0,0
2026-02-10 19:20:00,1770751200,55.611,58.17,-1.449,-1.703,0.0,21.27,68.106,38.786,-0.9659258262890684,0.2588190451025203,0.7818314824680298,0.6234898018587336,0,0,0
2026-02-10 19:30:00,1770751800,54.696,56.663,-0.915,-1.53,0.0,17.43,81.931,82.596,-0.9659258262890684,0.2588190451025203,0.7818314824680298,0.6234898018587336,0,0,0
2026-02-10 19:40:00,1770752400,55.325,55.673,0.628,-0.578,0.0,19.88,78.175,51.875,-0.9659258262890684,0.2588190451025203,0.7818314824680298,0.6234898018587336,0,0,0
2026-02-10 19:50:00,1770753000,54.541,55.043,-0.783,-0.357,0.0,20.099,76.873,157.056,-0.9659258262890684,0.2588190451025203,0.7818314824680298,0.6234898018587336,0,0,0
2026-02-10 20:00:00,1770753600,53.931,54.623,-0.611,-0.255,0.0,20.909,79.829,145.5,-0.8660254037844386,0.5000000000000001,0.7818314824680298,0.6234898018587336,0,0,0
2026-02-10 20:10:00,1770754200,52.347,54.036,-1.583,-0.992,0.0,15.777,70.029,20.0,-0.8660254037844386,0.5000000000000001,0.7818314824680298,0.6234898018587336,0,0,0
2026-02-10 20:40:00,1770756000,37.515,37.515,1.59,0.0,0.0,19.262,73.827,73.469,-0.8660254037844386,0.5000000000000001,0.7818314824680298,0.6234898018587336,0,0,0
2026-02-10 20:50:00,1770756600,36.076,36.796,-1.439,-1.439,0.0,20.938,70.191,30.491,-0.8660254037844386,0.5000000000000001,0.7818314824680298,0.6234898018587336,0,0,0
2026-02-10 21:00:00,1770757200,35.392,36.328,-0.684,-1.062,0.0,19.557,72.07,82.176,-0.7071067811865477,0.7071067811865474,0.7818314824680298,0.6234898018587336,0,0,0
2026-02-10 21:10:00,1770757800,33.252,35.559,-2.141,-1.421,0.167,20.333,67.09,20.0,-0.7071067811865477,0.7071067811865474,0.7818314824680298,0.6234898018587336,0,0,0
2026-02-10 21:20:00,1770758400,31.225,33.986,-2.027,-1.617,0.333,17.613,76.155,85.879,-0.7071067811865477,0.7071067811865474,0.7818314824680298,0.6234898018587336,0,0,0
2026-02-10 21:30:00,1770759000,29.465,32.333,-1.76,-1.976,0.5,18.907,73.394,39.059,-0.7071067811865477,0.7071067811865474,0.7818314824680298,0.6234898018587336,0,0,0
2026-02-10 21:40:00,1770759600,28.502,30.611,-0.963,-1.583,0.667,15.216,62.207,84.41,-0.7071067811865477,0.7071067811865474,0.7818314824680298,0.6234898018587336,0,0,0
2026-02-10 21:50:00,1770760200,28.306,29.374,-0.195,-0.973,0.833,18.944,73.128,72.761,-0.7071067811865477,0.7071067811865474,0.7818314824680298,0.6234898018587336,0,0,0
2026-02-10 22:00:00,1770760800,28.349,28.656,0.043,-0.372,1.0,16.813,73.445,20.0,-0.5000000000000004,0.8660254037844384,0.7818314824680298,0.6234898018587336,0,0,0
2026-02-10 22:10:00,1770761400,26.95,28.027,-1.4,-0.517,1.167,15.592,67.835,20.0,-0.5000000000000004,0.8660254037844384,0.7818314824680298,0.6234898018587336,0,0,0
2026-02-10 22:20:00,1770762000,25.455,27.265,-1.494,-0.95,1.333,18.377,77.247,82.701,-0.5000000000000004,0.8660254037844384,0.7818314824680298,0.6234898018587336,0,0,0
2026-02-10 22:30:00,1770762600,24.584,26.335,-0.871,-1.255,1.5,15.929,73.948,113.521,-0.5000000000000004,0.8660254037844384,0.7818314824680298,0.6234898018587336,0,0,0
2026-02-10 23:10:00,1770765000,41.712,41.712,-0.645,0.0,0.0,19.22,66.776,132.693,-0.2588190451025215,0.965925826289068,0.7818314824680298,0.6234898018587336,0,0,0
2026-02-10 23:20:00,1770765600,41.721,41.717,0.009,0.009,0.0,20.14,79.063,102.932,-0.2588190451025215,0.965925826289068,0.7818314824680298,0.6234898018587336,0,0,0
2026-02-10 23:30:00,1770766200,41.193,41.542,-0.528,-0.26,0.0,17.8,70.902,20.0,-0.2588190451025215,0.965925826289068,0.7818314824680298,0.6234898018587336,0,0,0
2026-02-10 23:40:00,1770766800,40.275,41.225,-0.918,-0.479,0.0,16.624,63.744,20.0,-0.2588190451025215,0.965925826289068,0.7818314824680298,0.6234898018587336,0,0,0
2026-02-10 23:50:00,1770767400,39.848,40.759,-0.426,-0.624,0.0,18.212,65.32,20.0,-0.2588190451025215,0.965925826289068,0.7818314824680298,0.6234898018587336,0,0,0
2026-02-11 00:00:00,1770768000,38.547,39.966,-1.301,-0.882,0.0,18.126,74.687,41.54,0.0,1.0,0.9749279121818236,-0.2225209339563143,0,0,0
2026-02-11 00:10:00,1770768600,38.498,39.292,-0.049,-0.592,0.0,20.768,75.008,163.755,0.0,1.0,0.9749279121818236,-0.2225209339563143,0,0,0
2026-02-11 00:20:00,1770769200,38.078,38.743,-0.42,-0.59,0.0,19.784,77.054,174.768,0.0,1.0,0.9749279121818236,-0.2225209339563143,0,0,0
2026-02-11 00:30:00,1770769800,38.042,38.291,-0.036,-0.168,0.0,19.734,70.441,60.728,0.0,1.0,0.9749279121818236,-0.2225209339563143,0,0,0
2026-02-11 00:40:00,1770770400,36.884,37.876,-1.158,-0.538,0.0,23.09,68.87,42.09,0.0,1.0,0.9749279121818236,-0.2225209339563143,0,0,0
2026-02-11 00:50:00,1770771000,36.833,37.459,-0.051,-0.415,0.0,17.527,71.072,103.509,0.0,1.0,0.9749279121818236,-0.2225209339563143,0,0,0
2026-02-11 01:00:00,1770771600,36.166,36.981,-0.667,-0.625,0.0,20.644,77.275,135.203,0.2588190451025207,0.9659258262890684,0.9749279121818236,-0.2225209339563143,0,0,0
2026-02-11 09:30:00,1770802200,67.623,67.623,-2.028,0.0,0.0,24.352,62.51,649.968,0.7071067811865476,-0.7071067811865475,0.9749279121818236,-0.2225209339563143,0,0,0
2026-02-11 09:40:00,1770802800,64.767,66.195,-2.856,-2.856,0.0,27.09,58.463,757.163,0.7071067811865476,-0.7071067811865475,0.9749279121818236,-0.2225209339563143,0,0,0
2026-02-11 09:50:00,1770803400,63.071,65.154,-1.696,-2.276,0.0,22.151,57.706,735.213,0.7071067811865476,-0.7071067811865475,0.9749279121818236,-0.2225209339563143,0,0,0
2026-02-11 10:00:00,1770804000,60.653,64.029,-2.418,-2.323,0.0,27.362,59.338,879.829,0.4999999999999999,-0.8660254037844387,0.9749279121818236,-0.2225209339563143,0,0,0
2026-02-11 10:10:00,1770804600,56.748,61.31,-3.906,-2.673,0.0,26.832,56.238,797.833,0.4999999999999999,-0.8660254037844387,0.9749279121818236,-0.2225209339563143,0,0,0
2026-02-11 10:20:00,1770805200,54.748,58.805,-2.0,-2.774,0.0,26.231,55.177,820.056,0.4999999999999999,-0.8660254037844387,0.9749279121818236,-0.2225209339563143,0,0,0
2026-02-11 10:30:00,1770805800,53.977,56.531,-0.771,-2.225,0.0,26.098,60.232,702.159,0.4999999999999999,-0.8660254037844387,0.9749279121818236,-0.2225209339563143,0,0,0
2026-02-11 10:40:00,1770806400,51.906,54.344,-2.071,-1.614,0.0,26.329,57.695,713.343,0.4999999999999999,-0.8660254037844387,0.9749279121818236,-0.2225209339563143,0,0,0
2026-02-11 10:50:00,1770807000,50.269,52.725,-1.636,-1.493,0.0,26.924,58.513,751.928,0.4999999999999999,-0.8660254037844387,0.9749279121818236,-0.2225209339563143,0,0,0
2026-02-11 11:00:00,1770807600,47.69,50.961,-2.579,-2.095,0.0,22.286,51.506,876.876,0.258819045102521,-0.9659258262890682,0.9749279121818236,-0.2225209339563143,0,0,0
2026-02-11 11:10:00,1770808200,44.955,48.705,-2.735,-2.317,0.0,27.581,43.317,912.63,0.258819045102521,-0.9659258262890682,0.9749279121818236,-0.2225209339563143,0,0,0
2026-02-11 11:20:00,1770808800,42.343,46.315,-2.612,-2.642,0.0,25.13,54.763,935.035,0.258819045102521,-0.9659258262890682,0.9749279121818236,-0.2225209339563143,0,0,0
2026-02-11 17:50:00,1770832200,41.681,41.681,-0.301,0.0,0.0,19.148,70.498,329.142,-0.9659258262890684,-0.2588190451025206,0.9749279121818236,-0.2225209339563143,0,0,0
2026-02-11 18:00:00,1770832800,40.359,41.02,-1.322,-1.322,0.0,16.444,81.431,20.0,-1.0,-1.8369701987210294e-16,0.9749279121818236,-0.2225209339563143,0,0,0
2026-02-11 18:10:00,1770833400,39.696,40.579,-0.663,-0.992,0.0,19.027,77.525,166.467,-1.0,-1.8369701987210294e-16,0.9749279121818236,-0.2225209339563143,0,0,0
2026-02-11 18:20:00,1770834000,39.552,40.322,-0.144,-0.71,0.0,20.395,83.387,105.411,-1.0,-1.8369701987210294e-16,0.9749279121818236,-0.2225209339563143,0,0,0
2026-02-11 18:30:00,1770834600,38.207,39.454,-1.345,-0.717,0.0,21.283,78.014,111.266,-1.0,-1.8369701987210294e-16,0.9749279121818236,-0.2225209339563143,0,0,0
2026-02-11 18:40:00,1770835200,36.532,38.497,-1.675,-1.055,0.0,24.145,68.25,144.942,-1.0,-1.8369701987210294e-16,0.9749279121818236,-0.2225209339563143,0,0,0
2026-02-11 18:50:00,1770835800,35.257,37.387,-1.274,-1.432,0.0,17.22,58.187,45.684,-1.0,-1.8369701987210294e-16,0.9749279121818236,-0.2225209339563143,0,0,0
2026-02-11 19:00:00,1770836400,35.139,36.284,-0.118,-1.023,0.0,22.871,72.067,45.474,-0.9659258262890684,0.2588190451025203,0.9749279121818236,-0.2225209339563143,0,0,0
2026-02-11 19:10:00,1770837000,34.299,35.307,-0.84,-0.744,0.167,19.558,78.844,137.849,-0.9659258262890684,0.2588190451025203,0.9749279121818236,-0.2225209339563143,0,0,0
2026-02-11 19:10:00,1770837000,42.327,42.327,-0.482,0.0,0.0,21.817,59.304,20.0,-0.9659258262890684,0.2588190451025203,0.9749279121818236,-0.2225209339563143,0,0,0
2026-02-11 19:20:00,1770837600,40.624,41.476,-1.703,-1.703,0.0,22.385,68.429,51.276,-0.9659258262890684,0.2588190451025203,0.9749279121818236,-0.2225209339563143,0,0,0
2026-02-11 19:20:00,1770837600,35.202,34.974,0.903,-0.018,0.0,18.423,74.025,105.643,-0.9659258262890684,0.2588190451025203,0.9749279121818236,-0.2225209339563143,0,0,0
2026-02-11 19:30:00,1770838200,34.186,34.707,-1.016,-0.318,0.167,21.516,77.701,109.363,-0.9659258262890684,0.2588190451025203,0.9749279121818236,-0.2225209339563143,0,0,0
2026-02-11 19:30:00,1770838200,39.005,40.652,-1.619,-1.661,0.0,18.116,64.131,108.969,-0.9659258262890684,0.2588190451025203,0.9749279121818236,-0.2225209339563143,0,0,0
2026-02-11 19:40:00,1770838800,37.551,39.877,-1.454,-1.592,0.0,19.902,70.693,85.234,-0.9659258262890684,0.2588190451025203,0.9749279121818236,-0.2225209339563143,0,0,0
2026-02-11 19:40:00,1770838800,33.437,34.281,-0.749,-0.287,0.333,14.561,79.35,116.169,-0.9659258262890684,0.2588190451025203,0.9749279121818236,-0.2225209339563143,0,0,0
2026-02-11 19:50:00,1770839400,36.046,38.307,-1.505,-1.526,0.0,18.113,77.481,66.827,-0.9659258262890684,0.2588190451025203,0.9749279121818236,-0.2225209339563143,0,0,0
2026-02-11 20:00:00,1770840000,36.793,37.349,0.747,-0.738,0.0,19.001,73.298,80.717,-0.8660254037844386,0.5000000000000001,0.9749279121818236,-0.2225209339563143,0,0,0
2026-02-11 20:10:00,1770840600,35.9,36.572,-0.892,-0.55,0.0,19.653,72.189,20.0,-0.8660254037844386,0.5000000000000001,0.9749279121818236,-0.2225209339563143,0,0,0
2026-02-11 20:20:00,1770841200,34.54,35.82,-1.36,-0.502,0.167,18.895,75.065,77.993,-0.8660254037844386,0.5000000000000001,0.9749279121818236,-0.2225209339563143,0,0,0
2026-02-11 20:30:00,1770841800,32.31,34.886,-2.23,-1.494,0.333,17.568,72.501,291.665,-0.8660254037844386,0.5000000000000001,0.9749279121818236,-0.2225209339563143,0,0,0
2026-02-11 20:40:00,1770842400,31.761,33.628,-0.549,-1.38,0.5,18.115,77.225,20.0,-0.8660254037844386,0.5000000000000001,0.9749279121818236,-0.2225209339563143,0,0,0
2026-02-11 20:50:00,1770843000,46.021,36.158,14.26,3.827,0.333,22.674,66.041,20.0,-0.8660254037844386,0.5000000000000001,0.9749279121818236,-0.2225209339563143,0,0,1
2026-02-11 21:00:00,1770843600,45.118,38.803,-0.904,4.269,0.167,19.303,69.645,20.151,-0.7071067811865477,0.7071067811865474,0.9749279121818236,-0.2225209339563143,0,0,0
2026-02-11 22:20:00,1770848400,35.39,35.39,-0.539,0.0,0.0,20.523,66.321,72.97,-0.5000000000000004,0.8660254037844384,0.9749279121818236,-0.2225209339563143,0,0,0
2026-02-11 22:30:00,1770849000,34.605,34.998,-0.785,-0.785,0.167,20.37,63.63,20.0,-0.5000000000000004,0.8660254037844384,0.9749279121818236,-0.2225209339563143,0,0,0
2026-02-11 22:40:00,1770849600,34.047,34.681,-0.559,-0.672,0.333,16.686,63.749,180.187,-0.5000000000000004,0.8660254037844384,0.9749279121818236,-0.2225209339563143,0,0,0
2026-02-11 22:50:00,1770850200,32.549,34.148,-1.498,-0.947,0.5,20.052,62.043,20.0,-0.5000000000000004,0.8660254037844384,0.9749279121818236,-0.2225209339563143,0,0,0
2026-02-11 23:00:00,1770850800,31.65,33.212,-0.899,-0.985,0.667,21.591,77.514,136.156,-0.2588190451025215,0.965925826289068,0.9749279121818236,-0.2225209339563143,0,0,0
2026-02-11 23:10:00,1770851400,31.219,32.366,-0.431,-0.943,0.833,21.941,78.169,107.36,-0.2588190451025215,0.965925826289068,0.9749279121818236,-0.2225209339563143,0,0,0
2026-02-11 23:20:00,1770852000,29.435,31.213,-1.784,-1.038,1.0,22.868,64.916,43.229,-0.2588190451025215,0.965925826289068,0.9749279121818236,-0.2225209339563143,0,0,0
2026-02-11 23:30:00,1770852600,29.139,30.36,-0.296,-0.837,1.167,16.636,79.64,49.819,-0.2588190451025215,0.965925826289068,0.9749279121818236,-0.2225209339563143,0,0,0
2026-02-11 23:40:00,1770853200,29.375,29.792,0.236,-0.615,1.333,23.095,71.878,20.0,-0.2588190451025215,0.965925826289068,0.9749279121818236,-0.2225209339563143,0,0,0
2026-02-11 23:50:00,1770853800,29.88,29.457,0.505,0.148,1.5,17.974,79.232,43.537,-0.2588190451025215,0.965925826289068,0.9749279121818236,-0.2225209339563143,0,0,0
2026-02-12 00:00:00,1770854400,29.424,29.454,-0.456,0.095,1.667,18.758,66.833,118.485,0.0,1.0,0.4338837391175582,-0.900968867902419,0,0,0
2026-02-12 00:10:00,1770855000,28.701,29.345,-0.723,-0.225,1.833,17.403,69.501,47.348,0.0,1.0,0.4338837391175582,-0.900968867902419,0,0,0
2026-02-12 07:40:00,1770882000,59.199,59.199,-0.186,0.0,0.0,20.846,71.442,272.617,0.9659258262890684,-0.2588190451025206,0.4338837391175582,-0.900968867902419,0,0,0
2026-02-12 07:50:00,1770882600,57.849,58.524,-1.349,-1.349,0.0,24.528,70.288,266.983,0.9659258262890684,-0.2588190451025206,0.4338837391175582,-0.900968867902419,0,0,0
2026-02-12 08:00:00,1770883200,56.703,57.917,-1.146,-1.248,0.0,23.731,62.182,576.743,0.8660254037844387,-0.4999999999999998,0.4338837391175582,-0.900968867902419,0,0,0
2026-02-12 08:10:00,1770883800,55.802,57.388,-0.902,-1.132,0.0,25.907,69.297,501.032,0.8660254037844387,-0.4999999999999998,0.4338837391175582,-0.900968867902419,0,0,0
2026-02-12 08:20:00,1770884400,55.358,56.428,-0.444,-0.831,0.0,24.881,68.022,505.595,0.8660254037844387,-0.4999999999999998,0.4338837391175582,-0.900968867902419,0,0,0
2026-02-12 08:30:00,1770885000,53.761,55.406,-1.596,-0.981,0.0,27.414,60.302,549.183,0.8660254037844387,-0.4999999999999998,0.4338837391175582,-0.900968867902419,0,0,0
2026-02-12 08:40:00,1770885600,52.044,54.241,-1.718,-1.253,0.0,19.522,69.874,479.235,0.8660254037844387,-0.4999999999999998,0.4338837391175582,-0.900968867902419,0,0,0
2026-02-12 08:50:00,1770886200,64.719,56.47,12.675,3.12,0.0,24.741,59.073,405.47,0.8660254037844387,-0.4999999999999998,0.4338837391175582,-0.900968867902419,0,0,1
2026-02-12 09:00:00,1770886800,62.635,58.29,-2.084,2.958,0.0,25.708,63.272,640.85,0.7071067811865476,-0.7071067811865475,0.4338837391175582,-0.900968867902419,0,0,0
2026-02-12 09:10:00,1770887400,60.263,59.915,-2.372,2.74,0.0,26.442,66.586,682.685,0.7071067811865476,-0.7071067811865475,0.4338837391175582,-0.900968867902419,0,0,0
2026-02-12 09:20:00,1770888000,57.79,61.352,-2.473,-2.31,0.0,29.31,54.307,763.346,0.7071067811865476,-0.7071067811865475,0.4338837391175582,-0.900968867902419,0,0,0
2026-02-12 09:30:00,1770888600,57.73,59.604,-0.06,-1.635,0.0,23.845,60.494,640.599,0.7071067811865476,-0.7071067811865475,0.4338837391175582,-0.900968867902419,0,0,0
2026-02-12 14:10:00,1770905400,37.43,37.43,-2.085,0.0,0.0,29.77,60.438,956.73,-0.4999999999999997,-0.8660254037844388,0.4338837391175582,-0.900968867902419,0,0,0
2026-02-12 14:20:00,1770906000,35.754,36.592,-1.676,-1.676,0.0,23.898,50.778,763.376,-0.4999999999999997,-0.8660254037844388,0.4338837391175582,-0.900968867902419,0,0,0
2026-02-12 14:30:00,1770906600,33.007,35.397,-2.747,-2.212,0.167,26.72,54.819,713.261,-0.4999999999999997,-0.8660254037844388,0.4338837391175582,-0.900968867902419,0,0,0
2026-02-12 14:40:00,1770907200,29.791,33.996,-3.217,-2.547,0.333,25.561,61.045,793.655,-0.4999999999999997,-0.8660254037844388,0.4338837391175582,-0.900968867902419,0,0,0
2026-02-12 14:50:00,1770907800,27.506,31.514,-2.285,-2.75,0.5,26.986,58.433,816.352,-0.4999999999999997,-0.8660254037844388,0.4338837391175582,-0.900968867902419,1,0,0
2026-02-12 15:00:00,1770908400,25.738,29.01,-1.768,-2.423,0.667,24.481,67.027,680.529,-0.7071067811865471,-0.7071067811865479,0.4338837391175582,-0.900968867902419,1,0,0
2026-02-12 15:10:00,1770909000,24.55,26.896,-1.188,-1.747,0.833,24.974,62.053,854.32,-0.7071067811865471,-0.7071067811865479,0.4338837391175582,-0.900968867902419,1,0,0
2026-02-12 15:20:00,1770909600,22.46,25.063,-2.09,-1.682,1.0,25.752,59.774,701.305,-0.7071067811865471,-0.7071067811865479,0.4338837391175582,-0.900968867902419,1,0,0
2026-02-12 15:30:00,1770910200,21.254,23.5,-1.207,-1.495,1.167,27.785,60.792,823.046,-0.7071067811865471,-0.7071067811865479,0.4338837391175582,-0.900968867902419,1,0,0
2026-02-12 15:40:00,1770910800,18.932,21.799,-2.322,-1.873,1.333,27.26,66.708,662.805,-0.7071067811865471,-0.7071067811865479,0.4338837391175582,-0.900968867902419,1,0,0
2026-02-12 15:50:00,1770911400,17.367,20.003,-1.565,-1.698,1.5,25.556,68.389,833.737,-0.7071067811865471,-0.7071067811865479,0.4338837391175582,-0.900968867902419,1,0,0
2026-02-12 16:00:00,1770912000,15.14,18.173,-2.227,-2.038,1.667,25.385,69.789,483.616,-0.8660254037844385,-0.5000000000000004,0.4338837391175582,-0.900968867902419,1,0,0
2026-02-12 18:30:00,1770921000,50.84,50.84,-1.285,0.0,0.0,19.78,70.492,180.796,-1.0,-1.8369701987210294e-16,0.4338837391175582,-0.900968867902419,0,0,0
2026-02-12 18:40:00,1770921600,51.77,51.305,0.93,0.93,0.0,17.386,75.787,118.067,-1.0,-1.8369701987210294e-16,0.4338837391175582,-0.900968867902419,0,0,0
2026-02-12 18:50:00,1770922200,50.946,51.185,-0.824,0.053,0.0,16.311,75.883,20.0,-1.0,-1.8369701987210294e-16,0.4338837391175582,-0.900968867902419,0,0,0
2026-02-12 19:00:00,1770922800,49.53,50.771,-1.416,-0.437,0.0,20.661,71.209,42.646,-0.9659258262890684,0.2588190451025203,0.4338837391175582,-0.900968867902419,0,0,0
2026-02-12 19:10:00,1770923400,49.027,50.318,-0.503,-0.914,0.0,22.979,71.518,20.0,-0.9659258262890684,0.2588190451025203,0.4338837391175582,-0.900968867902419,0,0,0
2026-02-12 19:20:00,1770924000,47.834,49.334,-1.193,-1.037,0.0,18.532,77.506,20.0,-0.9659258262890684,0.2588190451025203,0.4338837391175582,-0.900968867902419,0,0,0
2026-02-12 19:30:00,1770924600,47.341,48.433,-0.493,-0.73,0.0,19.998,80.214,90.882,-0.9659258262890684,0.2588190451025203,0.4338837391175582,-0.900968867902419,0,0,0
2026-02-12 19:40:00,1770925200,45.697,47.475,-1.643,-1.11,0.0,16.694,67.183,130.349,-0.9659258262890684,0.2588190451025203,0.4338837391175582,-0.900968867902419,0,0,0
2026-02-12 19:50:00,1770925800,42.847,45.93,-2.85,-1.662,0.0,19.58,72.397,135.682,-0.9659258262890684,0.2588190451025203,0.4338837391175582,-0.900968867902419,0,0,0
2026-02-12 20:00:00,1770926400,41.168,44.263,-1.679,-2.058,0.0,23.104,64.754,20.0,-0.8660254037844386,0.5000000000000001,0.4338837391175582,-0.900968867902419,0,0,0
2026-02-12 20:10:00,1770927000,39.294,42.252,-1.874,-2.135,0.0,16.797,66.635,105.349,-0.8660254037844386,0.5000000000000001,0.4338837391175582,-0.900968867902419,0,0,0
2026-02-12 20:20:00,1770927600,38.479,40.447,-0.815,-1.456,0.0,22.624,68.571,129.802,-0.8660254037844386,0.5000000000000001,0.4338837391175582,-0.900968867902419,0,0,0
2026-02-13 06:30:00,1770964200,60.907,60.907,-0.166,0.0,0.0,14.321,66.718,20.0,1.0,6.123233995736766e-17,-0.433883739117558,-0.9009688679024191,0,0,0
2026-02-13 06:40:00,1770964800,60.314,60.611,-0.592,-0.592,0.0,22.582,68.818,20.0,1.0,6.123233995736766e-17,-0.433883739117558,-0.9009688679024191,0,0,0
2026-02-13 06:50:00,1770965400,58.352,59.858,-1.963,-1.277,0.0,15.955,70.845,126.377,1.0,6.123233995736766e-17,-0.433883739117558,-0.9009688679024191,0,0,0
2026-02-13 07:00:00,1770966000,56.487,59.015,-1.865,-1.473,0.0,19.234,62.138,188.355,0.9659258262890684,-0.2588190451025206,-0.433883739117558,-0.9009688679024191,0,0,0
2026-02-13 07:10:00,1770966600,53.778,57.233,-2.709,-2.179,0.0,20.378,60.739,469.568,0.9659258262890684,-0.2588190451025206,-0.433883739117558,-0.9009688679024191,0,0,0
2026-02-13 07:20:00,1770967200,53.359,55.494,-0.419,-1.664,0.0,20.027,68.448,277.851,0.9659258262890684,-0.2588190451025206,-0.433883739117558,-0.9009688679024191,0,0,0
2026-02-13 07:30:00,1770967800,52.636,54.065,-0.723,-1.284,0.0,19.126,70.67,277.867,0.9659258262890684,-0.2588190451025206,-0.433883739117558,-0.9009688679024191,0,0,0
2026-02-13 07:40:00,1770968400,51.234,52.752,-1.402,-0.848,0.0,18.486,60.17,355.301,0.9659258262890684,-0.2588190451025206,-0.433883739117558,-0.9009688679024191,0,0,0
2026-02-13 07:50:00,1770969000,50.613,51.96,-0.621,-0.915,0.0,22.032,72.837,352.864,0.9659258262890684,-0.2588190451025206,-0.433883739117558,-0.9009688679024191,0,0,0
2026-02-13 08:00:00,1770969600,50.493,51.244,-0.12,-0.714,0.0,24.439,63.341,588.981,0.8660254037844387,-0.4999999999999998,-0.433883739117558,-0.9009688679024191,0,0,0
2026-02-13 08:10:00,1770970200,57.175,57.175,-1.237,0.0,0.0,22.608,65.791,325.748,0.8660254037844387,-0.4999999999999998,-0.433883739117558,-0.9009688679024191,0,0,0
2026-02-13 08:10:00,1770970200,50.45,50.698,-0.043,-0.261,0.0,21.824,66.515,483.696,0.8660254037844387,-0.4999999999999998,-0.433883739117558,-0.9009688679024191,0,0,0
2026-02-13 08:20:00,1770970800,49.419,50.244,-1.031,-0.398,0.0,19.56,62.723,596.554,0.8660254037844387,-0.4999999999999998,-0.433883739117558,-0.9009688679024191,0,0,0
2026-02-13 08:20:00,1770970800,54.577,55.876,-2.598,-2.598,0.0,24.264,66.995,597.464,0.8660254037844387,-0.4999999999999998,-0.433883739117558,-0.9009688679024191,0,0,0
2026-02-13 08:30:00,1770971400,52.263,54.672,-2.315,-2.456,0.0,23.702,59.884,617.988,0.8660254037844387,-0.4999999999999998,-0.433883739117558,-0.9009688679024191,0,0,0
2026-02-13 08:40:00,1770972000,50.649,53.666,-1.614,-2.175,0.0,20.934,55.498,455.373,0.8660254037844387,-0.4999999999999998,-0.433883739117558,-0.9009688679024191,0,0,0
2026-02-13 08:50:00,1770972600,48.244,51.433,-2.405,-2.111,0.0,24.086,64.327,582.501,0.8660254037844387,-0.4999999999999998,-0.433883739117558,-0.9009688679024191,0,0,0
2026-02-13 09:00:00,1770973200,46.849,49.501,-1.394,-1.804,0.0,26.796,58.803,706.311,0.7071067811865476,-0.7071067811865475,-0.433883739117558,-0.9009688679024191,0,0,0
2026-02-13 09:10:00,1770973800,44.797,47.635,-2.053,-1.951,0.0,24.384,50.209,736.54,0.7071067811865476,-0.7071067811865475,-0.433883739117558,-0.9009688679024191,0,0,0
2026-02-13 09:20:00,1770974400,41.903,45.448,-2.894,-2.114,0.0,26.208,57.529,721.315,0.7071067811865476,-0.7071067811865475,-0.433883739117558,-0.9009688679024191,0,0,0
2026-02-13 09:30:00,1770975000,39.218,43.192,-2.685,-2.544,0.0,24.242,64.819,710.892,0.7071067811865476,-0.7071067811865475,-0.433883739117558,-0.9009688679024191,0,0,0
2026-02-13 09:40:00,1770975600,37.021,40.734,-2.197,-2.592,0.0,27.101,57.482,795.591,0.7071067811865476,-0.7071067811865475,-0.433883739117558,-0.9009688679024191,0,0,0
2026-02-13 09:50:00,1770976200,35.065,38.301,-1.956,-2.279,0.0,23.551,59.018,488.848,0.7071067811865476,-0.7071067811865475,-0.433883739117558,-0.9009688679024191,0,0,0
2026-02-13 10:00:00,1770976800,32.716,36.005,-2.349,-2.167,0.167,26.151,51.123,895.185,0.4999999999999999,-0.8660254037844387,-0.433883739117558,-0.9009688679024191,0,0,0
2026-02-13 12:10:00,1770984600,35.891,35.891,-3.367,0.0,0.0,29.941,65.059,998.671,1.2246467991473532e-16,-1.0,-0.433883739117558,-0.9009688679024191,0,0,0
2026-02-13 12:20:00,1770985200,34.276,35.083,-1.615,-1.615,0.167,27.535,56.368,1041.389,1.2246467991473532e-16,-1.0,-0.433883739117558,-0.9009688679024191,0,0,0
2026-02-13 12:30:00,1770985800,31.452,33.873,-2.824,-2.22,0.333,26.745,42.2,920.453,1.2246467991473532e-16,-1.0,-0.433883739117558,-0.9009688679024191,0,0,0
2026-02-13 12:40:00,1770986400,29.174,32.698,-2.278,-2.239,0.5,28.844,46.743,854.726,1.2246467991473532e-16,-1.0,-0.433883739117558,-0.9009688679024191,1,0,0
2026-02-13 12:50:00,1770987000,26.927,30.457,-2.247,-2.45,0.667,27.873,48.049,901.986,1.2246467991473532e-16,-1.0,-0.433883739117558,-0.9009688679024191,1,0,0
2026-02-13 13:00:00,1770987600,22.866,27.605,-4.061,-2.862,0.833,28.697,51.401,919.366,-0.2588190451025208,-0.9659258262890684,-0.433883739117558,-0.9009688679024191,1,0,0
2026-02-13 13:10:00,1770988200,21.362,25.082,-1.504,-2.604,1.0,26.623,56.659,949.247,-0.2588190451025208,-0.9659258262890684,-0.433883739117558,-0.9009688679024191,1,0,0
2026-02-13 13:20:00,1770988800,18.624,22.445,-2.739,-2.768,1.167,24.716,48.027,861.518,-0.2588190451025208,-0.9659258262890684,-0.433883739117558,-0.9009688679024191,1,0,0
2026-02-13 13:30:00,1770989400,15.632,19.621,-2.991,-2.411,1.333,26.501,51.529,850.046,-0.2588190451025208,-0.9659258262890684,-0.433883739117558,-0.9009688679024191,1,0,0
2026-02-13 13:40:00,1770990000,14.82,17.61,-0.812,-2.181,1.5,29.862,53.889,811.433,-0.2588190451025208,-0.9659258262890684,-0.433883739117558,-0.9009688679024191,1,0,0
2026-02-13 13:50:00,1770990600,11.511,15.147,-3.31,-2.371,1.667,30.476,52.555,1012.328,-0.2588190451025208,-0.9659258262890684,-0.433883739117558,-0.9009688679024191,1,0,0
2026-02-13 14:00:00,1770991200,7.873,12.459,-3.638,-2.587,1.833,26.793,56.515,752.434,-0.4999999999999997,-0.8660254037844388,-0.433883739117558,-0.9009688679024191,2,0,0
2026-02-13 19:20:00,1771010400,70.375,70.375,-1.64,0.0,0.0,19.729,57.515,43.452,-0.9659258262890684,0.2588190451025203,-0.433883739117558,-0.9009688679024191,0,0,0
2026-02-13 19:30:00,1771011000,69.741,70.058,-0.634,-0.634,0.0,19.749,76.411,150.21,-0.9659258262890684,0.2588190451025203,-0.433883739117558,-0.9009688679024191,0,0,0
2026-02-13 19:40:00,1771011600,69.945,70.02,0.204,-0.215,0.0,19.232,68.838,57.904,-0.9659258262890684,0.2588190451025203,-0.433883739117558,-0.9009688679024191,0,0,0
2026-02-13 19:50:00,1771012200,70.16,70.055,0.215,-0.072,0.0,18.184,67.231,176.594,-0.9659258262890684,0.2588190451025203,-0.433883739117558,-0.9009688679024191,0,0,0
2026-02-13 20:00:00,1771012800,68.486,69.583,-1.675,-0.418,0.0,17.733,74.128,103.001,-0.8660254037844386,0.5000000000000001,-0.433883739117558,-0.9009688679024191,0,0,0
2026-02-13 20:10:00,1771013400,66.382,68.743,-2.104,-1.188,0.0,22.262,75.543,176.522,-0.8660254037844386,0.5000000000000001,-0.433883739117558,-0.9009688679024191,0,0,0
2026-02-13 20:20:00,1771014000,66.677,67.926,0.294,-1.161,0.0,17.263,71.704,229.778,-0.8660254037844386,0.5000000000000001,-0.433883739117558,-0.9009688679024191,0,0,0
2026-02-13 20:30:00,1771014600,66.795,67.085,0.119,-0.563,0.0,17.534,67.051,253.611,-0.8660254037844386,0.5000000000000001,-0.433883739117558,-0.9009688679024191,0,0,0
2026-02-13 20:40:00,1771015200,64.167,64.167,-1.048,0.0,0.0,22.85,81.911,60.113,-0.8660254037844386,0.5000000000000001,-0.433883739117558,-0.9009688679024191,0,0,0
2026-02-13 20:40:00,1771015200,66.48,66.584,-0.315,0.033,0.0,18.869,77.18,66.226,-0.8660254037844386,0.5000000000000001,-0.433883739117558,-0.9009688679024191,0,0,0
2026-02-13 20:50:00,1771015800,66.106,66.515,-0.374,-0.19,0.0,21.43,92.129,51.83,-0.8660254037844386,0.5000000000000001,-0.433883739117558,-0.9009688679024191,0,0,0
2026-02-13 20:50:00,1771015800,62.889,63.528,-1.278,-1.278,0.0,21.212,70.355,53.859,-0.8660254037844386,0.5000000000000001,-0.433883739117558,-0.9009688679024191,0,0,0
2026-02-13 21:00:00,1771016400,62.617,63.224,-0.272,-0.775,0.0,18.924,64.093,42.319,-0.7071067811865477,0.7071067811865474,-0.433883739117558,-0.9009688679024191,0,0,0
2026-02-13 21:00:00,1771016400,64.872,66.063,-1.234,-0.641,0.0,17.725,70.931,20.0,-0.7071067811865477,0.7071067811865474,-0.433883739117558,-0.9009688679024191,0,0,0
2026-02-13 21:10:00,1771017000,62.968,65.107,-1.904,-1.171,0.0,21.494,71.206,204.461,-0.7071067811865477,0.7071067811865474,-0.433883739117558,-0.9009688679024191,0,0,0
2026-02-13 21:10:00,1771017000,61.803,62.869,-0.815,-0.788,0.0,21.924,67.769,130.486,-0.7071067811865477,0.7071067811865474,-0.433883739117558,-0.9009688679024191,0,0,0
2026-02-13 21:20:00,1771017600,59.79,61.775,-2.013,-1.033,0.0,20.544,72.509,64.056,-0.7071067811865477,0.7071067811865474,-0.433883739117558,-0.9009688679024191,0,0,0
2026-02-13 21:30:00,1771018200,60.045,61.064,0.255,-0.858,0.0,19.983,82.319,20.0,-0.7071067811865477,0.7071067811865474,-0.433883739117558,-0.9009688679024191,0,0,0
2026-02-13 21:40:00,1771018800,72.163,63.45,12.119,3.454,0.0,20.873,64.274,179.475,-0.7071067811865477,0.7071067811865474,-0.433883739117558,-0.9009688679024191,0,0,1
2026-02-13 21:50:00,1771019400,71.131,65.782,-1.033,3.78,0.0,20.221,61.312,20.0,-0.7071067811865477,0.7071067811865474,-0.433883739117558,-0.9009688679024191,0,0,0
2026-02-13 22:00:00,1771020000,71.075,68.603,-0.055,3.677,0.0,18.002,76.447,81.288,-0.5000000000000004,0.8660254037844384,-0.433883739117558,-0.9009688679024191,0,0,0
2026-02-13 22:10:00,1771020600,70.351,71.18,-0.725,-0.604,0.0,21.163,75.665,141.204,-0.5000000000000004,0.8660254037844384,-0.433883739117558,-0.9009688679024191,0,0,0
2026-02-13 22:20:00,1771021200,69.29,70.462,-1.061,-0.613,0.0,16.575,67.223,63.392,-0.5000000000000004,0.8660254037844384,-0.433883739117558,-0.9009688679024191,0,0,0
2026-02-13 22:30:00,1771021800,69.319,70.009,0.028,-0.586,0.0,18.916,77.017,180.857,-0.5000000000000004,0.8660254037844384,-0.433883739117558,-0.9009688679024191,0,0,0
2026-02-14 17:00:00,1771088400,67.849,67.849,0.936,0.0,0.0,22.021,72.893,340.956,-0.9659258262890684,-0.2588190451025206,-0.9749279121818236,-0.2225209339563146,0,0,0
2026-02-14 17:10:00,1771089000,66.269,67.059,-1.579,-1.579,0.0,22.471,73.893,308.169,-0.9659258262890684,-0.2588190451025206,-0.9749279121818236,-0.2225209339563146,0,0,0
2026-02-14 17:20:00,1771089600,65.436,66.518,-0.834,-1.206,0.0,19.762,64.752,192.375,-0.9659258262890684,-0.2588190451025206,-0.9749279121818236,-0.2225209339563146,0,0,0
2026-02-14 17:30:00,1771090200,65.586,66.285,0.15,-0.754,0.0,20.305,63.701,337.516,-0.9659258262890684,-0.2588190451025206,-0.9749279121818236,-0.2225209339563146,0,0,0
2026-02-14 17:40:00,1771090800,63.799,65.273,-1.787,-0.823,0.0,21.244,72.966,301.967,-0.9659258262890684,-0.2588190451025206,-0.9749279121818236,-0.2225209339563146,0,0,0
2026-02-14 17:50:00,1771091400,62.873,64.423,-0.926,-0.854,0.0,22.54,63.463,459.082,-0.9659258262890684,-0.2588190451025206,-0.9749279121818236,-0.2225209339563146,0,0,0
2026-02-14 18:00:00,1771092000,61.736,63.498,-1.137,-1.283,0.0,21.202,77.589,20.0,-1.0,-1.8369701987210294e-16,-0.9749279121818236,-0.2225209339563146,0,0,0
2026-02-14 18:10:00,1771092600,60.138,62.136,-1.598,-1.22,0.0,19.5,69.188,20.0,-1.0,-1.8369701987210294e-16,-0.9749279121818236,-0.2225209339563146,0,0,0
2026-02-14 18:20:00,1771093200,59.888,61.159,-0.25,-0.995,0.0,20.945,76.417,112.654,-1.0,-1.8369701987210294e-16,-0.9749279121818236,-0.2225209339563146,0,0,0
2026-02-14 18:30:00,1771093800,59.372,60.284,-0.515,-0.788,0.0,19.262,74.192,99.079,-1.0,-1.8369701987210294e-16,-0.9749279121818236,-0.2225209339563146,0,0,0
2026-02-14 18:40:00,1771094400,57.064,59.116,-2.309,-1.025,0.0,20.092,70.979,20.0,-1.0,-1.8369701987210294e-16,-0.9749279121818236,-0.2225209339563146,0,0,0
2026-02-14 18:50:00,1771095000,55.442,57.941,-1.622,-1.482,0.0,24.857,70.044,147.574,-1.0,-1.8369701987210294e-16,-0.9749279121818236,-0.2225209339563146,0,0,0
2026-02-14 21:50:00,1771105800,47.394,47.394,-0.462,0.0,0.0,22.657,71.324,20.0,-0.7071067811865477,0.7071067811865474,-0.9749279121818236,-0.2225209339563146,0,0,0
2026-02-14 22:00:00,1771106400,46.814,47.104,-0.579,-0.579,0.0,18.066,78.18,68.461,-0.5000000000000004,0.8660254037844384,-0.9749279121818236,-0.2225209339563146,0,0,0
2026-02-14 22:10:00,1771107000,44.665,46.291,-2.15,-1.364,0.0,22.113,75.827,175.073,-0.5000000000000004,0.8660254037844384,-0.9749279121818236,-0.2225209339563146,0,0,0
2026-02-14 22:20:00,1771107600,42.615,45.372,-2.05,-1.593,0.0,21.255,72.853,20.0,-0.5000000000000004,0.8660254037844384,-0.9749279121818236,-0.2225209339563146,0,0,0
2026-02-14 22:30:00,1771108200,42.209,44.076,-0.405,-1.535,0.0,19.694,63.723,20.0,-0.5000000000000004,0.8660254037844384,-0.9749279121818236,-0.2225209339563146,0,0,0
2026-02-14 22:40:00,1771108800,41.891,42.845,-0.318,-0.925,0.0,21.496,69.885,213.556,-0.5000000000000004,0.8660254037844384,-0.9749279121818236,-0.2225209339563146,0,0,0
2026-02-14 22:50:00,1771109400,40.992,41.927,-0.899,-0.541,0.0,20.466,61.209,20.0,-0.5000000000000004,0.8660254037844384,-0.9749279121818236,-0.2225209339563146,0,0,0
2026-02-14 23:00:00,1771110000,40.179,41.318,-0.813,-0.677,0.0,17.645,74.121,87.091,-0.2588190451025215,0.965925826289068,-0.9749279121818236,-0.2225209339563146,0,0,0
2026-02-14 23:10:00,1771110600,38.275,40.334,-1.904,-1.205,0.0,18.263,70.766,80.471,-0.2588190451025215,0.965925826289068,-0.9749279121818236,-0.2225209339563146,0,0,0
2026-02-14 23:20:00,1771111200,36.82,39.067,-1.455,-1.391,0.0,24.738,68.891,121.29,-0.2588190451025215,0.965925826289068,-0.9749279121818236,-0.2225209339563146,0,0,0
2026-02-14 23:30:00,1771111800,36.812,38.022,-0.008,-1.122,0.0,20.563,71.733,94.848,-0.2588190451025215,0.965925826289068,-0.9749279121818236,-0.2225209339563146,0,0,0
2026-02-14 23:40:00,1771112400,35.655,36.891,-1.157,-0.873,0.0,20.877,71.94,149.032,-0.2588190451025215,0.965925826289068,-0.9749279121818236,-0.2225209339563146,0,0,0
2026-02-15 13:10:00,1771161000,53.131,53.131,-2.532,0.0,0.0,27.672,52.748,869.03,-0.2588190451025208,-0.9659258262890684,-0.7818314824680299,0.6234898018587334,0,0,0
2026-02-15 13:20:00,1771161600,51.535,52.333,-1.596,-1.596,0.0,28.954,55.73,863.283,-0.2588190451025208,-0.9659258262890684,-0.7818314824680299,0.6234898018587334,0,0,0
2026-02-15 13:30:00,1771162200,48.305,50.99,-3.23,-2.413,0.0,30.323,53.87,1006.911,-0.2588190451025208,-0.9659258262890684,-0.7818314824680299,0.6234898018587334,0,0,0
2026-02-15 13:40:00,1771162800,45.582,49.638,-2.723,-2.516,0.0,30.137,57.729,942.027,-0.2588190451025208,-0.9659258262890684,-0.7818314824680299,0.6234898018587334,0,0,0
2026-02-15 13:50:00,1771163400,42.203,46.906,-3.379,-3.111,0.0,30.254,54.453,989.298,-0.2588190451025208,-0.9659258262890684,-0.7818314824680299,0.6234898018587334,0,0,0
2026-02-15 14:00:00,1771164000,38.806,43.724,-3.397,-3.166,0.0,28.108,59.011,768.436,-0.4999999999999997,-0.8660254037844388,-0.7818314824680299,0.6234898018587334,0,0,0
2026-02-15 14:10:00,1771164600,36.426,40.754,-2.38,-3.052,0.0,25.795,58.581,833.152,-0.4999999999999997,-0.8660254037844388,-0.7818314824680299,0.6234898018587334,0,0,0
2026-02-15 14:20:00,1771165200,33.728,37.791,-2.698,-2.825,0.167,28.379,52.169,819.846,-0.4999999999999997,-0.8660254037844388,-0.7818314824680299,0.6234898018587334,1,0,0
2026-02-15 14:30:00,1771165800,31.249,35.052,-2.478,-2.519,0.333,24.279,48.729,762.775,-0.4999999999999997,-0.8660254037844388,-0.7818314824680299,0.6234898018587334,0,0,0
2026-02-15 14:40:00,1771166400,28.255,32.414,-2.994,-2.724,0.5,30.924,49.519,791.781,-0.4999999999999997,-0.8660254037844388,-0.7818314824680299,0.6234898018587334,1,0,0
2026-02-15 14:50:00,1771167000,36.681,32.478,8.426,0.984,0.333,26.859,55.627,844.691,-0.4999999999999997,-0.8660254037844388,-0.7818314824680299,0.6234898018587334,0,0,0
2026-02-15 15:00:00,1771167600,33.894,32.52,-2.787,0.882,0.5,23.406,59.788,628.008,-0.7071067811865471,-0.7071067811865479,-0.7818314824680299,0.6234898018587334,0,0,0
2026-02-15 23:40:00,1771198800,65.543,65.543,-1.218,0.0,0.0,17.846,74.259,100.532,-0.2588190451025215,0.965925826289068,-0.7818314824680299,0.6234898018587334,0,0,0
2026-02-15 23:50:00,1771199400,63.269,64.406,-2.275,-2.275,0.0,19.464,76.599,176.877,-0.2588190451025215,0.965925826289068,-0.7818314824680299,0.6234898018587334,0,0,0
2026-02-16 00:00:00,1771200000,62.1,63.637,-1.169,-1.722,0.0,22.847,62.2,81.938,0.0,1.0,0.0,1.0,0,0,0
2026-02-16 00:10:00,1771200600,61.406,63.079,-0.693,-1.379,0.0,18.574,73.659,25.049,0.0,1.0,0.0,1.0,0,0,0
2026-02-16 00:20:00,1771201200,59.827,61.65,-1.58,-1.147,0.0,21.656,70.2,111.393,0.0,1.0,0.0,1.0,0,0,0
2026-02-16 00:30:00,1771201800,58.448,60.445,-1.378,-1.217,0.0,19.967,70.071,20.0,0.0,1.0,0.0,1.0,0,0,0
2026-02-16 00:40:00,1771202400,58.487,59.542,0.039,-0.973,0.0,20.541,69.608,20.0,0.0,1.0,0.0,1.0,0,0,0
2026-02-16 00:50:00,1771203000,57.734,58.624,-0.753,-0.698,0.0,19.359,75.72,124.234,0.0,1.0,0.0,1.0,0,0,0
2026-02-16 01:00:00,1771203600,57.445,58.029,-0.289,-0.334,0.0,18.825,75.948,150.616,0.2588190451025207,0.9659258262890684,0.0,1.0,0,0,0
2026-02-16 01:10:00,1771204200,57.326,57.748,-0.119,-0.387,0.0,20.311,70.484,20.0,0.2588190451025207,0.9659258262890684,0.0,1.0,0,0,0
2026-02-16 01:20:00,1771204800,56.186,57.173,-1.14,-0.516,0.0,19.847,73.44,151.639,0.2588190451025207,0.9659258262890684,0.0,1.0,0,0,0
2026-02-16 01:30:00,1771205400,55.382,56.585,-0.804,-0.688,0.0,18.892,74.656,163.5,0.2588190451025207,0.9659258262890684,0.0,1.0,0,0,0
2026-02-16 16:40:00,1771260000,70.662,70.662,-1.166,0.0,0.0,24.584,62.094,489.557,-0.8660254037844385,-0.5000000000000004,0.0,1.0,0,0,0
2026-02-16 16:50:00,1771260600,68.882,69.772,-1.78,-1.78,0.0,21.275,66.969,617.293,-0.8660254037844385,-0.5000000000000004,0.0,1.0,0,0,0
2026-02-16 17:00:00,1771261200,68.505,69.35,-0.377,-1.079,0.0,21.841,69.629,283.119,-0.9659258262890684,-0.2588190451025206,0.0,1.0,0,0,0
2026-02-16 17:10:00,1771261800,67.807,68.964,-0.698,-0.952,0.0,24.757,67.806,323.224,-0.9659258262890684,-0.2588190451025206,0.0,1.0,0,0,0
2026-02-16 17:20:00,1771262400,66.597,67.948,-1.21,-0.762,0.0,21.692,69.857,261.552,-0.9659258262890684,-0.2588190451025206,0.0,1.0,0,0,0
2026-02-16 17:30:00,1771263000,66.497,67.351,-0.1,-0.669,0.0,21.283,52.622,360.572,-0.9659258262890684,-0.2588190451025206,0.0,1.0,0,0,0
2026-02-16 17:40:00,1771263600,65.053,66.488,-1.444,-0.918,0.0,19.081,65.659,242.367,-0.9659258262890684,-0.2588190451025206,0.0,1.0,0,0,0
2026-02-16 17:50:00,1771264200,64.468,65.654,-0.585,-0.71,0.0,22.389,77.493,252.247,-0.9659258262890684,-0.2588190451025206,0.0,1.0,0,0,0
2026-02-16 18:00:00,1771264800,62.996,64.753,-1.471,-1.167,0.0,19.209,74.132,53.581,-1.0,-1.8369701987210294e-16,0.0,1.0,0,0,0
2026-02-16 18:10:00,1771265400,60.98,63.374,-2.017,-1.358,0.0,21.181,72.337,139.819,-1.0,-1.8369701987210294e-16,0.0,1.0,0,0,0
2026-02-16 18:20:00,1771266000,59.82,62.066,-1.16,-1.549,0.0,19.15,73.277,20.0,-1.0,-1.8369701987210294e-16,0.0,1.0,0,0,0
2026-02-16 18:30:00,1771266600,58.673,60.617,-1.146,-1.441,0.0,19.514,65.992,109.183,-1.0,-1.8369701987210294e-16,0.0,1.0,0,0,0
2026-02-16 20:40:00,1771274400,44.903,44.903,0.191,0.0,0.0,19.057,73.993,20.0,-0.8660254037844386,0.5000000000000001,0.0,1.0,0,0,0
2026-02-16 20:50:00,1771275000,44.16,44.532,-0.743,-0.743,0.0,19.318,71.343,93.538,-0.8660254037844386,0.5000000000000001,0.0,1.0,0,0,0
2026-02-16 21:00:00,1771275600,44.008,44.357,-0.152,-0.448,0.0,19.39,69.8,99.58,-0.7071067811865477,0.7071067811865474,0.0,1.0,0,0,0
2026-02-16 21:10:00,1771276200,42.594,43.916,-1.414,-0.77,0.0,16.915,72.498,127.416,-0.7071067811865477,0.7071067811865474,0.0,1.0,0,0,0
2026-02-16 21:20:00,1771276800,42.719,43.37,0.126,-0.48,0.0,21.554,75.917,20.0,-0.7071067811865477,0.7071067811865474,0.0,1.0,0,0,0
2026-02-16 21:30:00,1771277400,41.902,42.806,-0.817,-0.702,0.0,18.149,80.709,61.058,-0.7071067811865477,0.7071067811865474,0.0,1.0,0,0,0
2026-02-16 21:40:00,1771278000,41.412,42.157,-0.491,-0.394,0.0,19.288,79.53,150.523,-0.7071067811865477,0.7071067811865474,0.0,1.0,0,0,0
2026-02-16 21:50:00,1771278600,40.017,41.512,-1.395,-0.901,0.0,15.923,69.073,186.828,-0.7071067811865477,0.7071067811865474,0.0,1.0,0,0,0
2026-02-16 22:00:00,1771279200,67.488,67.488,-0.108,0.0,0.0,20.085,71.928,81.768,-0.5000000000000004,0.8660254037844384,0.0,1.0,0,0,0
2026-02-16 22:00:00,1771279200,39.643,40.743,-0.374,-0.753,0.0,17.885,76.527,141.122,-0.5000000000000004,0.8660254037844384,0.0,1.0,0,0,0
2026-02-16 22:10:00,1771279800,72.478,72.478,0.352,0.0,0.0,16.99,67.792,158.89,-0.5000000000000004,0.8660254037844384,0.0,1.0,0,0,0
2026-02-16 22:10:00,1771279800,65.881,66.684,-1.607,-1.607,0.0,22.954,68.977,20.0,-0.5000000000000004,0.8660254037844384,0.0,1.0,0,0,0
2026-02-16 22:10:00,1771279800,39.693,40.191,0.05,-0.573,0.0,17.472,72.449,48.122,-0.5000000000000004,0.8660254037844384,0.0,1.0,0,0,0
2026-02-16 22:20:00,1771280400,71.549,72.014,-0.929,-0.929,0.0,19.804,71.823,126.883,-0.5000000000000004,0.8660254037844384,0.0,1.0,0,0,0
2026-02-16 22:20:00,1771280400,38.565,39.479,-1.128,-0.484,0.0,16.602,73.021,30.864,-0.5000000000000004,0.8660254037844384,0.0,1.0,0,0,0
2026-02-16 22:20:00,1771280400,64.969,66.112,-0.911,-1.259,0.0,18.227,71.913,84.703,-0.5000000000000004,0.8660254037844384,0.0,1.0,0,0,0
2026-02-16 22:30:00,1771281000,38.324,39.056,-0.241,-0.44,0.0,18.111,73.469,63.285,-0.5000000000000004,0.8660254037844384,0.0,1.0,0,0,0
2026-02-16 22:30:00,1771281000,64.299,65.659,-0.67,-1.063,0.0,22.762,71.264,20.0,-0.5000000000000004,0.8660254037844384,0.0,1.0,0,0,0
2026-02-16 22:30:00,1771281000,71.864,71.964,0.314,-0.307,0.0,21.168,66.073,161.364,-0.5000000000000004,0.8660254037844384,0.0,1.0,0,0,0
2026-02-16 22:40:00,1771281600,71.646,71.884,-0.218,-0.277,0.0,18.661,76.156,27.148,-0.5000000000000004,0.8660254037844384,0.0,1.0,0,0,0
2026-02-16 22:40:00,1771281600,62.951,64.525,-1.348,-0.977,0.0,17.655,79.349,47.03,-0.5000000000000004,0.8660254037844384,0.0,1.0,0,0,0
2026-02-16 22:50:00,1771282200,70.429,71.372,-1.216,-0.373,0.0,19.28,69.135,138.637,-0.5000000000000004,0.8660254037844384,0.0,1.0,0,0,0
2026-02-16 22:50:00,1771282200,63.098,63.829,0.147,-0.624,0.0,18.095,70.772,34.471,-0.5000000000000004,0.8660254037844384,0.0,1.0,0,0,0
2026-02-16 23:00:00,1771282800,69.395,70.834,-1.034,-0.823,0.0,16.249,76.236,74.224,-0.2588190451025215,0.965925826289068,0.0,1.0,0,0,0
2026-02-16 23:00:00,1771282800,44.316,44.316,-2.729,0.0,0.0,20.402,78.057,140.062,-0.2588190451025215,0.965925826289068,0.0,1.0,0,0,0
2026-02-16 23:00:00,1771282800,61.569,62.979,-1.529,-0.91,0.0,15.105,66.562,20.0,-0.2588190451025215,0.965925826289068,0.0,1.0,0,0,0
2026-02-16 23:10:00,1771283400,61.65,62.317,0.081,-0.434,0.0,14.971,66.91,28.61,-0.2588190451025215,0.965925826289068,0.0,1.0,0,0,0
2026-02-16 23:10:00,1771283400,67.965,69.859,-1.43,-1.227,0.0,18.639,68.5,20.0,-0.2588190451025215,0.965925826289068,0.0,1.0,0,0,0
2026-02-16 23:10:00,1771283400,43.78,44.048,-0.535,-0.535,0.0,15.912,75.618,103.482,-0.2588190451025215,0.965925826289068,0.0,1.0,0,0,0
2026-02-16 23:20:00,1771284000,59.859,61.544,-1.791,-1.08,0.0,16.994,64.32,93.123,-0.2588190451025215,0.965925826289068,0.0,1.0,0,0,0
2026-02-16 23:20:00,1771284000,65.849,68.41,-2.116,-1.527,0.0,19.287,68.041,203.94,-0.2588190451025215,0.965925826289068,0.0,1.0,0,0,0
2026-02-16 23:20:00,1771284000,42.995,43.697,-0.785,-0.66,0.0,19.861,64.636,149.938,-0.2588190451025215,0.965925826289068,0.0,1.0,0,0,0
2026-02-16 23:30:00,1771284600,41.66,43.188,-1.335,-0.885,0.0,21.796,65.793,125.434,-0.2588190451025215,0.965925826289068,0.0,1.0,0,0,0
2026-02-16 23:30:00,1771284600,58.315,60.348,-1.544,-1.085,0.0,20.805,75.153,140.772,-0.2588190451025215,0.965925826289068,0.0,1.0,0,0,0
2026-02-16 23:30:00,1771284600,63.381,66.647,-2.468,-2.005,0.0,17.733,70.88,42.448,-0.2588190451025215,0.965925826289068,0.0,1.0,0,0,0
2026-02-16 23:40:00,1771285200,61.937,64.783,-1.444,-2.009,0.0,22.246,62.528,151.941,-0.2588190451025215,0.965925826289068,0.0,1.0,0,0,0
2026-02-16 23:40:00,1771285200,41.511,42.486,-0.149,-0.756,0.0,19.825,69.785,48.227,-0.2588190451025215,0.965925826289068,0.0,1.0,0,0,0
2026-02-16 23:40:00,1771285200,56.026,58.962,-2.289,-1.875,0.0,18.598,82.186,57.506,-0.2588190451025215,0.965925826289068,0.0,1.0,0,0,0
2026-02-16 23:50:00,1771285800,61.321,63.122,-0.615,-1.509,0.0,16.56,80.411,90.2,-0.2588190451025215,0.965925826289068,0.0,1.0,0,0,0
2026-02-16 23:50:00,1771285800,42.013,42.044,0.502,-0.327,0.0,16.764,78.93,157.123,-0.2588190451025215,0.965925826289068,0.0,1.0,0,0,0
2026-02-16 23:50:00,1771285800,54.723,57.231,-1.303,-1.712,0.0,16.068,68.781,164.822,-0.2588190451025215,0.965925826289068,0.0,1.0,0,0,0
2026-02-17 00:00:00,1771286400,60.071,61.677,-1.251,-1.103,0.0,18.968,74.002,191.49,0.0,1.0,0.7818314824680298,0.6234898018587336,0,0,0
2026-02-17 00:00:00,1771286400,51.19,44.093,9.177,3.177,0.0,17.496,67.079,68.953,0.0,1.0,0.7818314824680298,0.6234898018587336,0,0,1
2026-02-17 00:10:00,1771287000,50.435,46.287,-0.754,2.975,0.0,18.029,71.807,171.459,0.0,1.0,0.7818314824680298,0.6234898018587336,0,0,0
2026-02-17 00:20:00,1771287600,50.051,48.422,-0.384,2.679,0.0,19.726,72.709,131.502,0.0,1.0,0.7818314824680298,0.6234898018587336,0,0,0
2026-02-17 00:30:00,1771288200,49.584,50.315,-0.467,-0.535,0.0,17.323,76.482,122.381,0.0,1.0,0.7818314824680298,0.6234898018587336,0,0,0
2026-02-17 00:40:00,1771288800,48.076,49.537,-1.508,-0.786,0.0,19.689,77.409,96.396,0.0,1.0,0.7818314824680298,0.6234898018587336,0,0,0
2026-02-17 00:50:00,1771289400,46.604,48.579,-1.472,-1.149,0.0,17.988,69.316,81.622,0.0,1.0,0.7818314824680298,0.6234898018587336,0,0,0
2026-02-17 18:10:00,1771351800,47.085,47.085,-0.955,0.0,0.0,21.592,72.805,77.618,-1.0,-1.8369701987210294e-16,0.7818314824680298,0.6234898018587336,0,0,0
2026-02-17 18:20:00,1771352400,46.857,46.971,-0.228,-0.228,0.0,16.941,68.373,203.044,-1.0,-1.8369701987210294e-16,0.7818314824680298,0.6234898018587336,0,0,0
2026-02-17 18:30:00,1771353000,46.605,46.849,-0.252,-0.24,0.0,20.248,76.496,169.221,-1.0,-1.8369701987210294e-16,0.7818314824680298,0.6234898018587336,0,0,0
2026-02-17 18:40:00,1771353600,46.313,46.715,-0.292,-0.257,0.0,18.72,67.124,20.0,-1.0,-1.8369701987210294e-16,0.7818314824680298,0.6234898018587336,0,0,0
2026-02-17 18:50:00,1771354200,45.394,46.293,-0.919,-0.488,0.0,19.744,76.623,183.377,-1.0,-1.8369701987210294e-16,0.7818314824680298,0.6234898018587336,0,0,0
2026-02-17 19:00:00,1771354800,43.864,45.544,-1.53,-0.914,0.0,18.227,73.346,113.157,-0.9659258262890684,0.2588190451025203,0.7818314824680298,0.6234898018587336,0,0,0
2026-02-17 19:10:00,1771355400,43.665,44.809,-0.2,-0.883,0.0,20.773,67.072,124.479,-0.9659258262890684,0.2588190451025203,0.7818314824680298,0.6234898018587336,0,0,0
2026-02-17 19:20:00,1771356000,43.489,44.103,-0.175,-0.635,0.0,21.834,76.037,81.155,-0.9659258262890684,0.2588190451025203,0.7818314824680298,0.6234898018587336,0,0,0
2026-02-17 19:30:00,1771356600,42.605,43.406,-0.885,-0.42,0.0,17.028,68.389,30.728,-0.9659258262890684,0.2588190451025203,0.7818314824680298,0.6234898018587336,0,0,0
2026-02-17 19:40:00,1771357200,42.205,42.991,-0.399,-0.486,0.0,17.911,75.919,65.48,-0.9659258262890684,0.2588190451025203,0.7818314824680298,0.6234898018587336,0,0,0
2026-02-17 19:50:00,1771357800,41.098,42.349,-1.107,-0.797,0.0,20.447,68.157,121.297,-0.9659258262890684,0.2588190451025203,0.7818314824680298,0.6234898018587336,0,0,0
2026-02-17 20:00:00,1771358400,39.661,41.392,-1.437,-0.981,0.0,17.515,72.371,20.0,-0.8660254037844386,0.5000000000000001,0.7818314824680298,0.6234898018587336,0,0,0
2026-02-18 13:20:00,1771420800,52.627,52.627,-2.814,0.0,0.0,25.764,46.175,888.411,-0.2588190451025208,-0.9659258262890684,0.9749279121818236,-0.2225209339563143,0,0,0
2026-02-18 13:30:00,1771421400,50.869,51.748,-1.757,-1.757,0.0,28.748,45.725,806.54,-0.2588190451025208,-0.9659258262890684,0.9749279121818236,-0.2225209339563143,0,0,0
2026-02-18 13:40:00,1771422000,48.498,50.665,-2.371,-2.064,0.0,25.624,58.435,897.968,-0.2588190451025208,-0.9659258262890684,0.9749279121818236,-0.2225209339563143,0,0,0
2026-02-18 13:50:00,1771422600,45.061,49.264,-3.437,-2.522,0.0,24.328,46.437,915.025,-0.2588190451025208,-0.9659258262890684,0.9749279121818236,-0.2225209339563143,0,0,0
2026-02-18 14:00:00,1771423200,42.76,46.797,-2.301,-2.703,0.0,28.892,51.812,815.894,-0.4999999999999997,-0.8660254037844388,0.9749279121818236,-0.2225209339563143,0,0,0
2026-02-18 14:10:00,1771423800,39.812,44.033,-2.949,-2.896,0.0,27.565,56.081,750.108,-0.4999999999999997,-0.8660254037844388,0.9749279121818236,-0.2225209339563143,0,0,0
2026-02-18 14:20:00,1771424400,41.534,41.534,-2.272,0.0,0.0,25.718,57.651,860.937,-0.4999999999999997,-0.8660254037844388,0.9749279121818236,-0.2225209339563143,0,0,0
2026-02-18 14:20:00,1771424400,36.319,40.988,-3.493,-2.914,0.0,26.487,54.349,807.054,-0.4999999999999997,-0.8660254037844388,0.9749279121818236,-0.2225209339563143,0,0,0
2026-02-18 14:30:00,1771425000,39.041,40.288,-2.493,-2.493,0.0,23.649,49.502,778.685,-0.4999999999999997,-0.8660254037844388,0.9749279121818236,-0.2225209339563143,0,0,0
2026-02-18 14:30:00,1771425000,34.707,38.399,-1.612,-2.684,0.167,24.754,55.208,759.932,-0.4999999999999997,-0.8660254037844388,0.9749279121818236,-0.2225209339563143,0,0,0
2026-02-18 14:40:00,1771425600,35.55,38.708,-3.492,-2.992,0.0,25.863,68.285,844.836,-0.4999999999999997,-0.8660254037844388,0.9749279121818236,-0.2225209339563143,0,0,0
2026-02-18 14:40:00,1771425600,30.587,35.356,-4.12,-3.075,0.333,25.652,59.591,778.942,-0.4999999999999997,-0.8660254037844388,0.9749279121818236,-0.2225209339563143,1,0,0
2026-02-18 14:50:00,1771426200,30.257,32.967,-0.33,-2.021,0.5,23.963,53.84,684.94,-0.4999999999999997,-0.8660254037844388,0.9749279121818236,-0.2225209339563143,1,0,0
2026-02-18 14:50:00,1771426200,31.644,36.942,-3.906,-3.297,0.167,25.807,57.119,737.165,-0.4999999999999997,-0.8660254037844388,0.9749279121818236,-0.2225209339563143,1,0,0
2026-02-18 15:00:00,1771426800,30.524,34.19,-1.12,-2.839,0.333,24.457,60.571,814.244,-0.7071067811865471,-0.7071067811865479,0.9749279121818236,-0.2225209339563143,0,0,0
2026-02-18 15:00:00,1771426800,27.956,30.877,-2.301,-2.25,0.667,26.077,49.961,730.495,-0.7071067811865471,-0.7071067811865479,0.9749279121818236,-0.2225209339563143,1,0,0
2026-02-18 15:10:00,1771427400,29.013,31.683,-1.51,-2.179,0.5,20.812,62.477,640.374,-0.7071067811865471,-0.7071067811865479,0.9749279121818236,-0.2225209339563143,0,0,0
2026-02-18 15:10:00,1771427400,26.564,28.841,-1.392,-1.341,0.833,25.674,56.917,623.874,-0.7071067811865471,-0.7071067811865479,0.9749279121818236,-0.2225209339563143,0,0,0
2026-02-18 15:20:00,1771428000,27.64,29.705,-1.373,-1.335,0.667,24.197,56.63,689.903,-0.7071067811865471,-0.7071067811865479,0.9749279121818236,-0.2225209339563143,0,0,0
2026-02-18 15:20:00,1771428000,45.225,45.225,-2.64,0.0,0.0,22.651,51.56,706.368,-0.7071067811865471,-0.7071067811865479,0.9749279121818236,-0.2225209339563143,0,0,0
2026-02-18 15:30:00,1771428600,43.317,44.271,-1.908,-1.908,0.0,26.633,58.427,635.973,-0.7071067811865471,-0.7071067811865479,0.9749279121818236,-0.2225209339563143,0,0,0
2026-02-18 15:30:00,1771428600,27.383,28.64,-0.257,-1.047,0.833,22.569,55.959,754.353,-0.7071067811865471,-0.7071067811865479,0.9749279121818236,-0.2225209339563143,0,0,0
2026-02-18 15:40:00,1771429200,25.651,27.422,-1.733,-1.121,1.0,23.483,56.626,687.873,-0.7071067811865471,-0.7071067811865479,0.9749279121818236,-0.2225209339563143,0,0,0
2026-02-18 15:40:00,1771429200,40.703,43.082,-2.613,-2.261,0.0,26.538,62.247,648.726,-0.7071067811865471,-0.7071067811865479,0.9749279121818236,-0.2225209339563143,0,0,0
2026-02-18 15:50:00,1771429800,38.335,41.895,-2.368,-2.297,0.0,25.329,55.806,834.96,-0.7071067811865471,-0.7071067811865479,0.9749279121818236,-0.2225209339563143,0,0,0
2026-02-18 15:50:00,1771429800,22.59,25.816,-3.06,-1.683,1.167,25.302,58.2,674.68,-0.7071067811865471,-0.7071067811865479,0.9749279121818236,-0.2225209339563143,1,0,0
2026-02-18 16:00:00,1771430400,20.597,24.055,-1.993,-2.262,1.333,20.763,62.052,569.024,-0.8660254037844385,-0.5000000000000004,0.9749279121818236,-0.2225209339563143,1,0,0
2026-02-18 16:00:00,1771430400,35.9,39.564,-2.435,-2.472,0.0,23.437,55.783,494.418,-0.8660254037844385,-0.5000000000000004,0.9749279121818236,-0.2225209339563143,0,0,0
2026-02-18 16:10:00,1771431000,71.513,71.513,-0.491,0.0,0.0,21.469,64.568,402.044,-0.8660254037844385,-0.5000000000000004,0.9749279121818236,-0.2225209339563143,0,0,0
2026-02-18 16:10:00,1771431000,34.488,37.357,-1.413,-2.072,0.167,22.368,62.115,493.431,-0.8660254037844385,-0.5000000000000004,0.9749279121818236,-0.2225209339563143,0,0,0
2026-02-18 16:10:00,1771431000,17.79,21.657,-2.807,-2.62,1.5,26.455,65.533,477.796,-0.8660254037844385,-0.5000000000000004,0.9749279121818236,-0.2225209339563143,1,0,0
2026-02-18 16:20:00,1771431600,33.295,35.504,-1.193,-1.68,0.333,24.298,60.292,498.055,-0.8660254037844385,-0.5000000000000004,0.9749279121818236,-0.2225209339563143,0,0,0
2026-02-18 16:20:00,1771431600,68.039,69.776,-3.475,-3.475,0.0,24.329,58.052,708.97,-0.8660254037844385,-0.5000000000000004,0.9749279121818236,-0.2225209339563143,0,0,0
2026-02-18 16:30:00,1771432200,66.611,68.721,-1.428,-2.451,0.0,22.669,59.94,448.094,-0.8660254037844385,-0.5000000000000004,0.9749279121818236,-0.2225209339563143,0,0,0
2026-02-18 16:30:00,1771432200,31.43,33.778,-1.865,-1.49,0.5,24.927,65.944,565.607,-0.8660254037844385,-0.5000000000000004,0.9749279121818236,-0.2225209339563143,0,0,0
2026-02-18 16:40:00,1771432800,30.029,32.31,-1.401,-1.486,0.667,22.196,59.858,579.446,-0.8660254037844385,-0.5000000000000004,0.9749279121818236,-0.2225209339563143,0,0,0
2026-02-18 16:40:00,1771432800,63.796,67.49,-2.815,-2.572,0.0,23.183,57.822,515.993,-0.8660254037844385,-0.5000000000000004,0.9749279121818236,-0.2225209339563143,0,0,0
2026-02-18 16:50:00,1771433400,26.753,30.377,-3.275,-2.18,0.833,23.35,62.53,447.313,-0.8660254037844385,-0.5000000000000004,0.9749279121818236,-0.2225209339563143,0,0,0
2026-02-18 16:50:00,1771433400,62.835,65.32,-0.961,-1.735,0.0,27.036,63.651,501.235,-0.8660254037844385,-0.5000000000000004,0.9749279121818236,-0.2225209339563143,0,0,0
2026-02-18 17:00:00,1771434000,24.679,28.223,-2.074,-2.25,1.0,21.009,74.421,288.984,-0.9659258262890684,-0.2588190451025206,0.9749279121818236,-0.2225209339563143,0,0,0
2026-02-18 17:00:00,1771434000,63.694,64.234,0.859,-0.972,0.0,19.399,63.715,217.05,-0.9659258262890684,-0.2588190451025206,0.9749279121818236,-0.2225209339563143,0,0,0
2026-02-18 17:10:00,1771434600,63.013,63.334,-0.682,-0.261,0.0,19.524,71.999,358.69,-0.9659258262890684,-0.2588190451025206,0.9749279121818236,-0.2225209339563143,0,0,0
2026-02-18 17:10:00,1771434600,23.332,26.198,-1.348,-2.232,1.167,20.368,65.363,117.142,-0.9659258262890684,-0.2588190451025206,0.9749279121818236,-0.2225209339563143,1,0,0
2026-02-18 17:20:00,1771435200,61.721,62.816,-1.292,-0.372,0.0,20.02,69.572,297.143,-0.9659258262890684,-0.2588190451025206,0.9749279121818236,-0.2225209339563143,0,0,0
2026-02-18 17:30:00,1771435800,60.867,62.323,-0.854,-0.943,0.0,21.675,75.237,210.541,-0.9659258262890684,-0.2588190451025206,0.9749279121818236,-0.2225209339563143,0,0,0
2026-02-18 17:40:00,1771436400,59.246,61.211,-1.62,-1.255,0.0,23.941,68.438,320.004,-0.9659258262890684,-0.2588190451025206,0.9749279121818236,-0.2225209339563143,0,0,0
2026-02-18 17:50:00,1771437000,56.925,59.689,-2.321,-1.599,0.0,24.401,68.257,330.009,-0.9659258262890684,-0.2588190451025206,0.9749279121818236,-0.2225209339563143,0,0,0
2026-02-18 18:00:00,1771437600,55.58,58.154,-1.345,-1.762,0.0,22.447,71.102,195.565,-1.0,-1.8369701987210294e-16,0.9749279121818236,-0.2225209339563143,0,0,0
2026-02-18 23:40:00,1771458000,36.511,36.511,0.14,0.0,0.0,17.678,76.318,76.788,-0.2588190451025215,0.965925826289068,0.9749279121818236,-0.2225209339563143,0,0,0
2026-02-18 23:50:00,1771458600,35.782,36.146,-0.729,-0.729,0.0,16.153,78.443,226.544,-0.2588190451025215,0.965925826289068,0.9749279121818236,-0.2225209339563143,0,0,0
2026-02-19 00:00:00,1771459200,34.224,35.505,-1.558,-1.144,0.167,18.933,73.042,51.344,0.0,1.0,0.4338837391175582,-0.900968867902419,0,0,0
2026-02-19 00:10:00,1771459800,32.482,34.75,-1.742,-1.343,0.333,16.57,67.913,26.053,0.0,1.0,0.4338837391175582,-0.900968867902419,0,0,0
2026-02-19 00:20:00,1771460400,29.891,33.095,-2.59,-1.963,0.5,19.241,81.872,110.273,0.0,1.0,0.4338837391175582,-0.900968867902419,0,0,0
2026-02-19 00:30:00,1771461000,28.883,31.37,-1.008,-1.78,0.667,20.631,75.582,80.449,0.0,1.0,0.4338837391175582,-0.900968867902419,0,0,0
2026-02-19 00:40:00,1771461600,28.663,29.98,-0.22,-1.273,0.833,20.227,62.606,27.915,0.0,1.0,0.4338837391175582,-0.900968867902419,0,0,0
2026-02-19 00:50:00,1771462200,46.233,33.418,17.57,5.447,0.667,18.535,71.204,45.906,0.0,1.0,0.4338837391175582,-0.900968867902419,0,0,1
2026-02-19 01:00:00,1771462800,44.649,37.107,-1.584,5.255,0.5,20.26,75.367,40.427,0.2588190451025207,0.9659258262890684,0.4338837391175582,-0.900968867902419,0,0,0
2026-02-19 01:10:00,1771463400,43.197,40.685,-1.452,4.845,0.333,20.615,63.941,75.57,0.2588190451025207,0.9659258262890684,0.4338837391175582,-0.900968867902419,0,0,0
2026-02-19 01:20:00,1771464000,44.098,44.544,0.902,-0.712,0.167,21.833,64.943,82.921,0.2588190451025207,0.9659258262890684,0.4338837391175582,-0.900968867902419,0,0,0
2026-02-19 01:30:00,1771464600,43.245,43.797,-0.853,-0.468,0.0,18.882,66.328,20.0,0.2588190451025207,0.9659258262890684,0.4338837391175582,-0.900968867902419,0,0,0
2026-02-19 15:40:00,1771515600,69.949,69.949,-1.205,0.0,0.0,24.415,55.043,709.408,-0.7071067811865471,-0.7071067811865479,0.4338837391175582,-0.900968867902419,0,0,0
2026-02-19 15:50:00,1771516200,67.072,68.511,-2.877,-2.877,0.0,28.368,53.998,715.367,-0.7071067811865471,-0.7071067811865479,0.4338837391175582,-0.900968867902419,0,0,0
2026-02-19 16:00:00,1771516800,64.585,67.202,-2.487,-2.682,0.0,25.066,62.063,465.498,-0.8660254037844385,-0.5000000000000004,0.4338837391175582,-0.900968867902419,0,0,0
2026-02-19 16:10:00,1771517400,63.173,66.195,-1.412,-2.259,0.0,25.369,64.966,516.924,-0.8660254037844385,-0.5000000000000004,0.4338837391175582,-0.900968867902419,0,0,0
2026-02-19 16:20:00,1771518000,61.469,64.075,-1.704,-1.868,0.0,22.068,64.444,491.824,-0.8660254037844385,-0.5000000000000004,0.4338837391175582,-0.900968867902419,0,0,0
2026-02-19 16:30:00,1771518600,59.582,62.202,-1.887,-1.667,0.0,24.766,64.892,598.953,-0.8660254037844385,-0.5000000000000004,0.4338837391175582,-0.900968867902419,0,0,0
2026-02-19 16:40:00,1771519200,58.367,60.648,-1.215,-1.602,0.0,23.703,64.147,489.868,-0.8660254037844385,-0.5000000000000004,0.4338837391175582,-0.900968867902419,0,0,0
2026-02-19 16:50:00,1771519800,57.58,59.25,-0.787,-1.296,0.0,22.134,70.254,456.549,-0.8660254037844385,-0.5000000000000004,0.4338837391175582,-0.900968867902419,0,0,0
2026-02-19 17:00:00,1771520400,56.838,58.092,-0.743,-0.915,0.0,21.124,67.499,292.491,-0.9659258262890684,-0.2588190451025206,0.4338837391175582,-0.900968867902419,0,0,0
2026-02-19 17:10:00,1771521000,64.929,59.429,8.092,2.187,0.0,22.655,58.909,313.279,-0.9659258262890684,-0.2588190451025206,0.4338837391175582,-0.900968867902419,0,0,1
2026-02-19 17:20:00,1771521600,62.169,60.379,-2.761,1.529,0.0,22.677,76.932,20.0,-0.9659258262890684,-0.2588190451025206,0.4338837391175582,-0.900968867902419,0,0,0
2026-02-19 17:30:00,1771522200,59.074,60.752,-3.094,0.746,0.0,23.205,67.298,105.959,-0.9659258262890684,-0.2588190451025206,0.4338837391175582,-0.900968867902419,0,0,0
2026-02-20 07:40:00,1771573200,38.28,38.28,-0.371,0.0,0.0,21.344,78.512,387.242,0.9659258262890684,-0.2588190451025206,-0.433883739117558,-0.9009688679024191,0,0,0
2026-02-20 07:50:00,1771573800,36.082,37.181,-2.197,-2.197,0.0,21.024,66.089,304.869,0.9659258262890684,-0.2588190451025206,-0.433883739117558,-0.9009688679024191,0,0,0
2026-02-20 08:00:00,1771574400,34.591,36.317,-1.491,-1.844,0.167,18.449,61.28,407.997,0.8660254037844387,-0.4999999999999998,-0.433883739117558,-0.9009688679024191,0,0,0
2026-02-20 08:10:00,1771575000,33.169,35.53,-1.421,-1.703,0.333,21.798,62.132,287.783,0.8660254037844387,-0.4999999999999998,-0.433883739117558,-0.9009688679024191,0,0,0
2026-02-20 08:20:00,1771575600,32.664,34.126,-0.505,-1.139,0.5,24.533,68.132,602.486,0.8660254037844387,-0.4999999999999998,-0.433883739117558,-0.9009688679024191,0,0,0
2026-02-20 08:30:00,1771576200,30.627,32.763,-2.037,-1.321,0.667,25.49,60.82,535.738,0.8660254037844387,-0.4999999999999998,-0.433883739117558,-0.9009688679024191,0,0,0
2026-02-20 08:40:00,1771576800,30.002,31.616,-0.624,-1.056,0.833,21.324,59.666,401.286,0.8660254037844387,-0.4999999999999998,-0.433883739117558,-0.9009688679024191,0,0,0
2026-02-20 08:50:00,1771577400,29.229,30.63,-0.774,-1.145,1.0,21.656,58.123,577.266,0.8660254037844387,-0.4999999999999998,-0.433883739117558,-0.9009688679024191,0,0,0
2026-02-20 09:00:00,1771578000,29.25,29.777,0.021,-0.459,1.167,21.65,60.726,638.795,0.7071067811865476,-0.7071067811865475,-0.433883739117558,-0.9009688679024191,0,0,0
2026-02-20 09:10:00,1771578600,37.106,31.397,7.857,2.368,1.0,25.245,50.445,752.56,0.7071067811865476,-0.7071067811865475,-0.433883739117558,-0.9009688679024191,0,0,1
2026-02-20 09:10:00,1771578600,50.271,50.271,-1.548,0.0,0.0,23.007,54.277,694.926,0.7071067811865476,-0.7071067811865475,-0.433883739117558,-0.9009688679024191,0,0,0
2026-02-20 09:20:00,1771579200,47.488,48.879,-2.782,-2.782,0.0,24.541,60.394,691.71,0.7071067811865476,-0.7071067811865475,-0.433883739117558,-0.9009688679024191,0,0,0
2026-02-20 09:20:00,1771579200,34.751,32.584,-2.356,1.841,1.167,29.062,52.116,710.407,0.7071067811865476,-0.7071067811865475,-0.433883739117558,-0.9009688679024191,0,0,0
2026-02-20 09:30:00,1771579800,45.203,47.654,-2.286,-2.534,0.0,24.025,58.438,694.102,0.7071067811865476,-0.7071067811865475,-0.433883739117558,-0.9009688679024191,0,0,0
2026-02-20 09:30:00,1771579800,31.827,33.233,-2.924,0.859,1.333,25.555,59.279,592.282,0.7071067811865476,-0.7071067811865475,-0.433883739117558,-0.9009688679024191,0,0,0
2026-02-20 09:40:00,1771580400,42.658,46.405,-2.544,-2.537,0.0,25.675,62.141,666.884,0.7071067811865476,-0.7071067811865475,-0.433883739117558,-0.9009688679024191,0,0,0
2026-02-20 09:50:00,1771581000,40.954,44.076,-1.704,-2.178,0.0,22.256,60.536,700.251,0.7071067811865476,-0.7071067811865475,-0.433883739117558,-0.9009688679024191,0,0,0
2026-02-20 10:00:00,1771581600,37.735,41.637,-3.219,-2.489,0.0,27.313,63.098,818.616,0.4999999999999999,-0.8660254037844387,-0.433883739117558,-0.9009688679024191,0,0,0
2026-02-20 10:10:00,1771582200,37.54,39.722,-0.194,-1.706,0.0,27.756,58.709,862.785,0.4999999999999999,-0.8660254037844387,-0.433883739117558,-0.9009688679024191,0,0,0
2026-02-20 10:20:00,1771582800,34.833,37.765,-2.708,-2.04,0.167,26.18,51.447,895.287,0.4999999999999999,-0.8660254037844387,-0.433883739117558,-0.9009688679024191,0,0,0
2026-02-20 10:30:00,1771583400,32.092,35.55,-2.74,-1.881,0.333,27.601,55.34,844.6,0.4999999999999999,-0.8660254037844387,-0.433883739117558,-0.9009688679024191,0,0,0
2026-02-20 10:40:00,1771584000,30.061,33.632,-2.032,-2.493,0.5,28.476,51.38,866.835,0.4999999999999999,-0.8660254037844387,-0.433883739117558,-0.9009688679024191,1,0,0
2026-02-20 10:50:00,1771584600,27.501,31.122,-2.559,-2.444,0.667,26.41,64.24,848.946,0.4999999999999999,-0.8660254037844387,-0.433883739117558,-0.9009688679024191,1,0,0
2026-02-20 11:00:00,1771585200,24.915,28.642,-2.587,-2.393,0.833,25.945,54.249,943.498,0.258819045102521,-0.9659258262890682,-0.433883739117558,-0.9009688679024191,1,0,0
2026-02-20 18:40:00,1771612800,55.869,55.869,-1.271,0.0,0.0,20.669,71.491,76.805,-1.0,-1.8369701987210294e-16,-0.433883739117558,-0.9009688679024191,0,0,0
2026-02-20 18:50:00,1771613400,56.069,55.969,0.2,0.2,0.0,16.713,76.741,20.0,-1.0,-1.8369701987210294e-16,-0.433883739117558,-0.9009688679024191,0,0,0
2026-02-20 19:00:00,1771614000,56.375,56.104,0.306,0.253,0.0,14.488,68.825,110.861,-0.9659258262890684,0.2588190451025203,-0.433883739117558,-0.9009688679024191,0,0,0
2026-02-20 19:10:00,1771614600,55.589,55.975,-0.786,-0.093,0.0,18.527,65.467,175.385,-0.9659258262890684,0.2588190451025203,-0.433883739117558,-0.9009688679024191,0,0,0
2026-02-20 19:20:00,1771615200,54.894,55.732,-0.695,-0.391,0.0,19.456,72.083,189.59,-0.9659258262890684,0.2588190451025203,-0.433883739117558,-0.9009688679024191,0,0,0
2026-02-20 19:30:00,1771615800,55.237,55.524,0.343,-0.379,0.0,17.551,66.712,123.851,-0.9659258262890684,0.2588190451025203,-0.433883739117558,-0.9009688679024191,0,0,0
2026-02-20 19:40:00,1771616400,55.261,55.245,0.024,-0.109,0.0,15.179,69.077,194.642,-0.9659258262890684,0.2588190451025203,-0.433883739117558,-0.9009688679024191,0,0,0
2026-02-20 19:50:00,1771617000,54.335,54.932,-0.926,-0.186,0.0,19.853,72.335,20.0,-0.9659258262890684,0.2588190451025203,-0.433883739117558,-0.9009688679024191,0,0,0
2026-02-20 20:00:00,1771617600,53.389,54.556,-0.945,-0.616,0.0,17.836,84.173,77.578,-0.8660254037844386,0.5000000000000001,-0.433883739117558,-0.9009688679024191,0,0,0
2026-02-20 20:10:00,1771618200,52.721,53.927,-0.668,-0.847,0.0,22.554,63.805,42.085,-0.8660254037844386,0.5000000000000001,-0.433883739117558,-0.9009688679024191,0,0,0
2026-02-20 20:20:00,1771618800,51.276,52.93,-1.445,-1.019,0.0,17.362,73.585,20.0,-0.8660254037844386,0.5000000000000001,-0.433883739117558,-0.9009688679024191,0,0,0
2026-02-20 20:30:00,1771619400,49.844,51.808,-1.432,-1.182,0.0,19.341,64.732,201.041,-0.8660254037844386,0.5000000000000001,-0.433883739117558,-0.9009688679024191,0,0,0
2026-02-22 12:50:00,1771764600,49.639,49.639,-2.063,0.0,0.0,26.032,52.005,823.714,1.2246467991473532e-16,-1.0,-0.7818314824680299,0.6234898018587334,0,0,0
2026-02-22 13:00:00,1771765200,49.307,49.473,-0.332,-0.332,0.0,26.321,62.08,958.391,-0.2588190451025208,-0.9659258262890684,-0.7818314824680299,0.6234898018587334,0,0,0
2026-02-22 13:10:00,1771765800,47.099,48.682,-2.208,-1.27,0.0,26.029,57.732,931.765,-0.2588190451025208,-0.9659258262890684,-0.7818314824680299,0.6234898018587334,0,0,0
2026-02-22 13:20:00,1771766400,45.866,47.978,-1.234,-1.258,0.0,27.562,52.988,880.784,-0.2588190451025208,-0.9659258262890684,-0.7818314824680299,0.6234898018587334,0,0,0
2026-02-22 13:30:00,1771767000,43.299,46.393,-2.567,-2.003,0.0,25.843,62.69,1022.489,-0.2588190451025208,-0.9659258262890684,-0.7818314824680299,0.6234898018587334,0,0,0
2026-02-22 13:40:00,1771767600,42.604,44.717,-0.695,-1.498,0.0,27.806,58.62,866.723,-0.2588190451025208,-0.9659258262890684,-0.7818314824680299,0.6234898018587334,0,0,0
2026-02-22 13:50:00,1771768200,39.686,42.864,-2.918,-2.06,0.0,28.862,50.703,872.697,-0.2588190451025208,-0.9659258262890684,-0.7818314824680299,0.6234898018587334,0,0,0
2026-02-22 14:00:00,1771768800,37.587,40.794,-2.099,-1.904,0.0,28.093,46.852,785.491,-0.4999999999999997,-0.8660254037844388,-0.7818314824680299,0.6234898018587334,0,0,0
2026-02-22 14:10:00,1771769400,35.968,38.961,-1.619,-2.212,0.0,26.424,49.427,894.655,-0.4999999999999997,-0.8660254037844388,-0.7818314824680299,0.6234898018587334,0,0,0
2026-02-22 14:20:00,1771770000,32.74,36.495,-3.227,-2.315,0.167,27.167,65.568,893.832,-0.4999999999999997,-0.8660254037844388,-0.7818314824680299,0.6234898018587334,0,0,0
2026-02-22 14:30:00,1771770600,31.27,34.391,-1.47,-2.106,0.333,26.932,49.562,809.086,-0.4999999999999997,-0.8660254037844388,-0.7818314824680299,0.6234898018587334,1,0,0
2026-02-22 14:40:00,1771771200,28.313,32.073,-2.956,-2.551,0.5,29.61,53.442,941.081,-0.4999999999999997,-0.8660254037844388,-0.7818314824680299,0.6234898018587334,1,0,0
2026-02-22 16:20:00,1771777200,57.051,57.051,-2.262,0.0,0.0,25.01,63.366,482.227,-0.8660254037844385,-0.5000000000000004,-0.7818314824680299,0.6234898018587334,0,0,0
2026-02-22 16:30:00,1771777800,56.075,56.563,-0.975,-0.975,0.0,22.021,61.557,501.453,-0.8660254037844385,-0.5000000000000004,-0.7818314824680299,0.6234898018587334,0,0,0
2026-02-22 16:30:00,1771777800,40.694,40.694,-1.451,0.0,0.0,23.929,70.002,422.071,-0.8660254037844385,-0.5000000000000004,-0.7818314824680299,0.6234898018587334,0,0,0
2026-02-22 16:40:00,1771778400,53.502,55.542,-2.574,-1.774,0.0,25.654,58.1,488.902,-0.8660254037844385,-0.5000000000000004,-0.7818314824680299,0.6234898018587334,0,0,0
2026-02-22 16:40:00,1771778400,38.992,39.843,-1.702,-1.702,0.0,26.396,59.739,452.589,-0.8660254037844385,-0.5000000000000004,-0.7818314824680299,0.6234898018587334,0,0,0
2026-02-22 16:50:00,1771779000,37.844,39.177,-1.148,-1.425,0.0,24.801,59.304,551.304,-0.8660254037844385,-0.5000000000000004,-0.7818314824680299,0.6234898018587334,0,0,0
2026-02-22 16:50:00,1771779000,52.928,54.889,-0.574,-1.374,0.0,24.627,61.623,609.83,-0.8660254037844385,-0.5000000000000004,-0.7818314824680299,0.6234898018587334,0,0,0
2026-02-22 17:00:00,1771779600,51.494,53.5,-1.434,-1.527,0.0,21.107,62.283,456.428,-0.9659258262890684,-0.2588190451025206,-0.7818314824680299,0.6234898018587334,0,0,0
2026-02-22 17:00:00,1771779600,36.565,38.524,-1.279,-1.376,0.0,18.459,69.838,259.13,-0.9659258262890684,-0.2588190451025206,-0.7818314824680299,0.6234898018587334,0,0,0
2026-02-22 17:10:00,1771780200,35.257,37.165,-1.309,-1.245,0.0,21.217,65.997,338.929,-0.9659258262890684,-0.2588190451025206,-0.7818314824680299,0.6234898018587334,0,0,0
2026-02-22 17:10:00,1771780200,50.214,52.034,-1.28,-1.096,0.0,27.333,68.934,243.456,-0.9659258262890684,-0.2588190451025206,-0.7818314824680299,0.6234898018587334,0,0,0
2026-02-22 17:20:00,1771780800,34.303,35.992,-0.953,-1.18,0.167,19.658,61.362,302.101,-0.9659258262890684,-0.2588190451025206,-0.7818314824680299,0.6234898018587334,0,0,0
2026-02-22 17:20:00,1771780800,47.905,50.635,-2.309,-1.674,0.0,24.18,58.962,259.559,-0.9659258262890684,-0.2588190451025206,-0.7818314824680299,0.6234898018587334,0,0,0
2026-02-22 17:30:00,1771781400,32.728,34.713,-1.576,-1.279,0.333,23.4,70.764,190.635,-0.9659258262890684,-0.2588190451025206,-0.7818314824680299,0.6234898018587334,0,0,0
2026-02-22 17:30:00,1771781400,46.671,49.071,-1.234,-1.608,0.0,21.38,69.422,394.569,-0.9659258262890684,-0.2588190451025206,-0.7818314824680299,0.6234898018587334,0,0,0
2026-02-22 17:40:00,1771782000,46.163,47.738,-0.508,-1.35,0.0,23.601,66.347,189.066,-0.9659258262890684,-0.2588190451025206,-0.7818314824680299,0.6234898018587334,0,0,0
2026-02-22 17:40:00,1771782000,29.235,32.881,-3.493,-2.007,0.5,23.334,70.365,313.165,-0.9659258262890684,-0.2588190451025206,-0.7818314824680299,0.6234898018587334,0,0,0
2026-02-22 17:50:00,1771782600,43.935,46.168,-2.228,-1.323,0.0,21.924,62.329,301.704,-0.9659258262890684,-0.2588190451025206,-0.7818314824680299,0.6234898018587334,0,0,0
2026-02-22 17:50:00,1771782600,28.601,31.217,-0.634,-1.901,0.667,21.308,67.522,336.249,-0.9659258262890684,-0.2588190451025206,-0.7818314824680299,0.6234898018587334,0,0,0
2026-02-22 18:00:00,1771783200,27.295,29.465,-1.306,-1.811,0.833,22.054,71.407,185.554,-1.0,-1.8369701987210294e-16,-0.7818314824680299,0.6234898018587334,0,0,0
2026-02-22 18:00:00,1771783200,41.521,44.573,-2.414,-1.716,0.0,18.286,70.35,89.095,-1.0,-1.8369701987210294e-16,-0.7818314824680299,0.6234898018587334,0,0,0
2026-02-22 18:10:00,1771783800,40.696,43.079,-0.825,-1.822,0.0,21.21,71.565,151.651,-1.0,-1.8369701987210294e-16,-0.7818314824680299,0.6234898018587334,0,0,0
2026-02-22 18:10:00,1771783800,35.196,30.082,7.901,1.987,0.667,17.093,73.106,57.145,-1.0,-1.8369701987210294e-16,-0.7818314824680299,0.6234898018587334,0,0,1
2026-02-22 18:20:00,1771784400,32.771,30.966,-2.425,1.39,0.833,24.361,73.162,78.161,-1.0,-1.8369701987210294e-16,-0.7818314824680299,0.6234898018587334,0,0,0
2026-02-23 15:20:00,1771860000,40.657,40.657,-3.281,0.0,0.0,28.863,64.92,729.471,-0.7071067811865471,-0.7071067811865479,0.0,1.0,0,0,0
2026-02-23 15:30:00,1771860600,39.818,40.238,-0.839,-0.839,0.0,22.178,59.493,621.823,-0.7071067811865471,-0.7071067811865479,0.0,1.0,0,0,0
2026-02-23 15:40:00,1771861200,38.083,39.519,-1.735,-1.287,0.0,26.566,56.531,735.44,-0.7071067811865471,-0.7071067811865479,0.0,1.0,0,0,0
2026-02-23 15:50:00,1771861800,36.993,38.888,-1.09,-1.221,0.0,25.379,60.116,657.782,-0.7071067811865471,-0.7071067811865479,0.0,1.0,0,0,0
2026-02-23 16:00:00,1771862400,35.752,37.661,-1.241,-1.355,0.0,24.072,68.01,486.496,-0.8660254037844385,-0.5000000000000004,0.0,1.0,0,0,0
2026-02-23 16:10:00,1771863000,34.267,36.274,-1.485,-1.272,0.167,22.206,65.614,491.968,-0.8660254037844385,-0.5000000000000004,0.0,1.0,0,0,0
2026-02-23 16:20:00,1771863600,32.76,34.943,-1.507,-1.411,0.333,22.892,61.359,506.978,-0.8660254037844385,-0.5000000000000004,0.0,1.0,0,0,0
2026-02-23 16:30:00,1771864200,31.141,33.48,-1.619,-1.537,0.5,23.963,67.248,531.803,-0.8660254037844385,-0.5000000000000004,0.0,1.0,0,0,0
2026-02-23 16:40:00,1771864800,28.722,31.722,-2.42,-1.848,0.667,21.75,58.032,478.418,-0.8660254037844385,-0.5000000000000004,0.0,1.0,1,0,0
2026-02-23 16:50:00,1771865400,28.845,30.367,0.123,-1.305,0.833,24.701,58.52,600.975,-0.8660254037844385,-0.5000000000000004,0.0,1.0,0,0,0
2026-02-23 17:00:00,1771866000,29.599,29.577,0.755,-0.514,1.0,24.204,70.636,281.164,-0.9659258262890684,-0.2588190451025206,0.0,1.0,0,0,0
2026-02-23 17:10:00,1771866600,28.626,28.948,-0.973,-0.032,1.167,20.106,58.106,272.204,-0.9659258262890684,-0.2588190451025206,0.0,1.0,0,0,0
2026-02-24 06:40:00,1771915200,35.599,35.599,-1.363,0.0,0.0,19.143,68.862,51.673,1.0,6.123233995736766e-17,0.7818314824680298,0.6234898018587336,0,0,0
2026-02-24 06:40:00,1771915200,65.017,65.017,-0.245,0.0,0.0,18.983,68.959,39.128,1.0,6.123233995736766e-17,0.7818314824680298,0.6234898018587336,0,0,0
2026-02-24 06:50:00,1771915800,64.532,64.775,-0.485,-0.485,0.0,18.444,73.129,20.0,1.0,6.123233995736766e-17,0.7818314824680298,0.6234898018587336,0,0,0
2026-02-24 06:50:00,1771915800,35.306,35.452,-0.293,-0.293,0.0,23.263,74.194,92.97,1.0,6.123233995736766e-17,0.7818314824680298,0.6234898018587336,0,0,0
2026-02-24 07:00:00,1771916400,34.797,35.234,-0.508,-0.401,0.167,19.883,69.319,336.757,0.9659258262890684,-0.2588190451025206,0.7818314824680298,0.6234898018587336,0,0,0
2026-02-24 07:00:00,1771916400,63.626,64.392,-0.906,-0.695,0.0,21.182,69.472,253.173,0.9659258262890684,-0.2588190451025206,0.7818314824680298,0.6234898018587336,0,0,0
2026-02-24 07:10:00,1771917000,61.476,63.663,-2.15,-1.18,0.0,20.308,61.973,191.548,0.9659258262890684,-0.2588190451025206,0.7818314824680298,0.6234898018587336,0,0,0
2026-02-24 07:10:00,1771917000,33.804,34.876,-0.994,-0.598,0.333,24.185,73.227,468.509,0.9659258262890684,-0.2588190451025206,0.7818314824680298,0.6234898018587336,0,0,0
2026-02-24 07:20:00,1771917600,32.062,33.992,-1.742,-1.081,0.5,24.07,62.385,199.408,0.9659258262890684,-0.2588190451025206,0.7818314824680298,0.6234898018587336,0,0,0
2026-02-24 07:20:00,1771917600,59.788,62.355,-1.688,-1.581,0.0,22.497,70.347,226.7,0.9659258262890684,-0.2588190451025206,0.7818314824680298,0.6234898018587336,0,0,0
2026-02-24 07:30:00,1771918200,59.676,61.141,-0.112,-1.317,0.0,20.341,69.336,169.919,0.9659258262890684,-0.2588190451025206,0.7818314824680298,0.6234898018587336,0,0,0
2026-02-24 07:30:00,1771918200,31.025,32.922,-1.037,-1.258,0.667,19.022,64.779,386.322,0.9659258262890684,-0.2588190451025206,0.7818314824680298,0.6234898018587336,0,0,0
2026-02-24 07:40:00,1771918800,28.573,31.366,-2.452,-1.744,0.833,28.201,69.438,359.778,0.9659258262890684,-0.2588190451025206,0.7818314824680298,0.6234898018587336,0,0,0
2026-02-24 07:40:00,1771918800,37.204,37.204,-1.465,0.0,0.0,20.416,74.46,359.938,0.9659258262890684,-0.2588190451025206,0.7818314824680298,0.6234898018587336,0,0,0
2026-02-24 07:40:00,1771918800,59.337,60.069,-0.339,-0.713,0.0,18.298,61.103,373.626,0.9659258262890684,-0.2588190451025206,0.7818314824680298,0.6234898018587336,0,0,0
2026-02-24 07:50:00,1771919400,27.943,29.901,-0.63,-1.373,1.0,19.449,69.679,277.228,0.9659258262890684,-0.2588190451025206,0.7818314824680298,0.6234898018587336,0,0,0
2026-02-24 07:50:00,1771919400,36.785,36.994,-0.42,-0.42,0.0,19.486,70.25,403.476,0.9659258262890684,-0.2588190451025206,0.7818314824680298,0.6234898018587336,0,0,0
2026-02-24 07:50:00,1771919400,56.68,58.87,-2.657,-1.036,0.0,21.249,56.365,334.536,0.9659258262890684,-0.2588190451025206,0.7818314824680298,0.6234898018587336,0,0,0
2026-02-24 08:00:00,1771920000,26.856,28.599,-1.087,-1.39,1.167,22.029,62.403,643.947,0.8660254037844387,-0.4999999999999998,0.7818314824680298,0.6234898018587336,1,0,0
2026-02-24 08:00:00,1771920000,55.666,57.84,-1.014,-1.337,0.0,21.288,63.328,479.936,0.8660254037844387,-0.4999999999999998,0.7818314824680298,0.6234898018587336,0,0,0
2026-02-24 08:00:00,1771920000,34.138,36.042,-2.647,-1.533,0.167,26.365,63.087,453.039,0.8660254037844387,-0.4999999999999998,0.7818314824680298,0.6234898018587336,0,0,0
2026-02-24 08:10:00,1771920600,54.069,56.438,-1.596,-1.756,0.0,25.957,63.04,514.562,0.8660254037844387,-0.4999999999999998,0.7818314824680298,0.6234898018587336,0,0,0
2026-02-24 08:10:00,1771920600,33.632,35.439,-0.506,-1.191,0.333,21.382,64.561,505.173,0.8660254037844387,-0.4999999999999998,0.7818314824680298,0.6234898018587336,0,0,0
2026-02-24 08:10:00,1771920600,24.56,26.983,-2.296,-1.338,1.333,24.357,68.255,594.43,0.8660254037844387,-0.4999999999999998,0.7818314824680298,0.6234898018587336,1,0,0
2026-02-24 08:20:00,1771921200,21.767,25.282,-2.793,-2.059,1.5,26.526,54.658,568.331,0.8660254037844387,-0.4999999999999998,0.7818314824680298,0.6234898018587336,1,0,0
2026-02-24 08:20:00,1771921200,32.414,34.242,-1.218,-1.457,0.5,23.203,62.977,467.071,0.8660254037844387,-0.4999999999999998,0.7818314824680298,0.6234898018587336,0,0,0
2026-02-24 08:20:00,1771921200,52.695,54.777,-1.375,-1.328,0.0,29.129,64.876,436.509,0.8660254037844387,-0.4999999999999998,0.7818314824680298,0.6234898018587336,0,0,0
2026-02-24 08:30:00,1771921800,19.841,23.256,-1.926,-2.338,1.667,24.484,68.299,319.404,0.8660254037844387,-0.4999999999999998,0.7818314824680298,0.6234898018587336,1,0,0
2026-02-24 08:30:00,1771921800,52.17,53.65,-0.525,-1.165,0.0,25.085,54.975,636.4,0.8660254037844387,-0.4999999999999998,0.7818314824680298,0.6234898018587336,0,0,0
2026-02-24 08:30:00,1771921800,31.315,32.874,-1.099,-0.941,0.667,20.695,60.188,524.036,0.8660254037844387,-0.4999999999999998,0.7818314824680298,0.6234898018587336,0,0,0
2026-02-24 08:40:00,1771922400,30.063,31.856,-1.252,-1.19,0.833,27.049,63.653,595.849,0.8660254037844387,-0.4999999999999998,0.7818314824680298,0.6234898018587336,0,0,0
2026-02-24 08:50:00,1771923000,31.186,31.244,1.123,-0.409,1.0,21.349,62.687,535.092,0.8660254037844387,-0.4999999999999998,0.7818314824680298,0.6234898018587336,0,0,0
2026-02-24 09:00:00,1771923600,28.533,30.274,-2.653,-0.927,1.167,26.18,56.687,620.574,0.7071067811865476,-0.7071067811865475,0.7818314824680298,0.6234898018587336,1,0,0
2026-02-24 09:10:00,1771924200,26.283,29.016,-2.25,-1.26,1.333,26.055,57.313,755.718,0.7071067811865476,-0.7071067811865475,0.7818314824680298,0.6234898018587336,1,0,0
2026-02-24 09:20:00,1771924800,25.073,27.769,-1.21,-2.038,1.5,19.198,71.377,702.501,0.7071067811865476,-0.7071067811865475,0.7818314824680298,0.6234898018587336,1,0,0
2026-02-24 09:30:00,1771925400,22.769,25.665,-2.304,-1.921,1.667,26.295,63.007,757.109,0.7071067811865476,-0.7071067811865475,0.7818314824680298,0.6234898018587336,1,0,0
2026-02-24 11:40:00,1771933200,36.966,36.966,-2.457,0.0,0.0,27.97,58.414,950.174,0.258819045102521,-0.9659258262890682,0.7818314824680298,0.6234898018587336,0,0,0
2026-02-24 11:50:00,1771933800,35.033,36.0,-1.933,-1.933,0.0,27.334,55.597,851.71,0.258819045102521,-0.9659258262890682,0.7818314824680298,0.6234898018587336,0,0,0
2026-02-24 12:00:00,1771934400,32.98,34.993,-2.053,-1.993,0.167,27.468,53.412,966.482,1.2246467991473532e-16,-1.0,0.7818314824680298,0.6234898018587336,0,0,0
2026-02-24 12:10:00,1771935000,29.76,33.685,-3.22,-2.402,0.333,25.036,42.332,839.247,1.2246467991473532e-16,-1.0,0.7818314824680298,0.6234898018587336,1,0,0
2026-02-24 12:20:00,1771935600,28.165,31.485,-1.595,-2.289,0.5,28.396,59.446,910.058,1.2246467991473532e-16,-1.0,0.7818314824680298,0.6234898018587336,1,0,0
2026-02-24 12:30:00,1771936200,24.811,28.929,-3.354,-2.723,0.667,28.184,49.813,1024.751,1.2246467991473532e-16,-1.0,0.7818314824680298,0.6234898018587336,1,0,0
2026-02-24 12:40:00,1771936800,23.644,26.595,-1.166,-2.039,0.833,27.284,58.018,867.831,1.2246467991473532e-16,-1.0,0.7818314824680298,0.6234898018587336,1,0,0
2026-02-24 12:50:00,1771937400,21.054,24.418,-2.59,-2.37,1.0,25.919,56.373,957.498,1.2246467991473532e-16,-1.0,0.7818314824680298,0.6234898018587336,1,0,0
2026-02-24 13:00:00,1771938000,17.544,21.763,-3.51,-2.422,1.167,26.483,51.944,966.018,-0.2588190451025208,-0.9659258262890684,0.7818314824680298,0.6234898018587336,1,0,0
2026-02-24 13:10:00,1771938600,15.205,19.362,-2.34,-2.813,1.333,27.315,56.257,930.989,-0.2588190451025208,-0.9659258262890684,0.7818314824680298,0.6234898018587336,2,0,0
2026-02-24 13:20:00,1771939200,12.69,16.623,-2.514,-2.788,1.5,24.74,59.949,877.042,-0.2588190451025208,-0.9659258262890684,0.7818314824680298,0.6234898018587336,2,0,0
2026-02-24 13:30:00,1771939800,11.613,14.263,-1.077,-1.977,1.667,27.431,56.357,927.873,-0.2588190451025208,-0.9659258262890684,0.7818314824680298,0.6234898018587336,2,0,0
2026-02-24 16:10:00,1771949400,40.078,40.078,-1.782,0.0,0.0,24.164,57.083,579.905,-0.8660254037844385,-0.5000000000000004,0.7818314824680298,0.6234898018587336,0,0,0
2026-02-24 16:20:00,1771950000,38.63,39.354,-1.448,-1.448,0.0,23.343,62.954,420.946,-0.8660254037844385,-0.5000000000000004,0.7818314824680298,0.6234898018587336,0,0,0
2026-02-24 16:30:00,1771950600,37.772,38.827,-0.858,-1.153,0.0,24.4,59.168,476.109,-0.8660254037844385,-0.5000000000000004,0.7818314824680298,0.6234898018587336,0,0,0
2026-02-24 16:40:00,1771951200,35.649,38.032,-2.123,-1.476,0.0,23.391,58.524,463.843,-0.8660254037844385,-0.5000000000000004,0.7818314824680298,0.6234898018587336,0,0,0
2026-02-24 16:50:00,1771951800,34.074,36.531,-1.575,-1.519,0.167,18.673,71.827,466.22,-0.8660254037844385,-0.5000000000000004,0.7818314824680298,0.6234898018587336,0,0,0
2026-02-24 17:00:00,1771952400,32.127,34.906,-1.948,-1.882,0.333,21.046,66.525,414.86,-0.9659258262890684,-0.2588190451025206,0.7818314824680298,0.6234898018587336,0,0,0
2026-02-24 17:10:00,1771953000,30.813,33.166,-1.313,-1.612,0.5,22.055,68.869,288.349,-0.9659258262890684,-0.2588190451025206,0.7818314824680298,0.6234898018587336,0,0,0
2026-02-24 17:20:00,1771953600,31.527,32.135,0.713,-0.849,0.667,22.25,68.148,171.391,-0.9659258262890684,-0.2588190451025206,0.7818314824680298,0.6234898018587336,0,0,0
2026-02-24 17:20:00,1771953600,62.186,62.186,-2.236,0.0,0.0,23.004,62.674,290.973,-0.9659258262890684,-0.2588190451025206,0.7818314824680298,0.6234898018587336,0,0,0
2026-02-24 17:30:00,1771954200,61.447,61.816,-0.739,-0.739,0.0,18.848,60.402,304.213,-0.9659258262890684,-0.2588190451025206,0.7818314824680298,0.6234898018587336,0,0,0
2026-02-24 17:30:00,1771954200,31.054,31.38,-0.472,-0.357,0.833,21.228,65.702,234.009,-0.9659258262890684,-0.2588190451025206,0.7818314824680298,0.6234898018587336,0,0,0
2026-02-24 17:40:00,1771954800,31.45,31.211,0.396,0.212,1.0,18.058,68.656,211.8,-0.9659258262890684,-0.2588190451025206,0.7818314824680298,0.6234898018587336,0,0,0
2026-02-24 17:40:00,1771954800,61.316,61.65,-0.131,-0.435,0.0,23.26,64.182,198.32,-0.9659258262890684,-0.2588190451025206,0.7818314824680298,0.6234898018587336,0,0,0
2026-02-24 17:50:00,1771955400,59.31,61.065,-2.006,-0.959,0.0,20.906,54.065,320.629,-0.9659258262890684,-0.2588190451025206,0.7818314824680298,0.6234898018587336,0,0,0
2026-02-24 17:50:00,1771955400,29.715,30.937,-1.736,-0.604,1.167,23.355,68.675,356.927,-0.9659258262890684,-0.2588190451025206,0.7818314824680298,0.6234898018587336,0,0,0
2026-02-24 18:00:00,1771956000,28.64,30.215,-1.075,-0.805,1.333,20.06,75.741,164.495,-1.0,-1.8369701987210294e-16,0.7818314824680298,0.6234898018587336,0,0,0
2026-02-24 18:00:00,1771956000,57.63,59.926,-1.68,-1.272,0.0,15.421,71.732,105.531,-1.0,-1.8369701987210294e-16,0.7818314824680298,0.6234898018587336,0,0,0
2026-02-24 18:10:00,1771956600,57.174,58.858,-0.455,-1.381,0.0,20.487,77.334,78.642,-1.0,-1.8369701987210294e-16,0.7818314824680298,0.6234898018587336,0,0,0
2026-02-24 18:20:00,1771957200,55.588,57.425,-1.587,-1.241,0.0,24.646,65.906,55.476,-1.0,-1.8369701987210294e-16,0.7818314824680298,0.6234898018587336,0,0,0
2026-02-24 18:30:00,1771957800,53.138,55.882,-2.449,-1.497,0.0,19.975,75.377,132.69,-1.0,-1.8369701987210294e-16,0.7818314824680298,0.6234898018587336,0,0,0
2026-02-24 18:40:00,1771958400,52.438,54.585,-0.7,-1.579,0.0,21.492,61.832,65.728,-1.0,-1.8369701987210294e-16,0.7818314824680298,0.6234898018587336,0,0,0
2026-02-24 18:50:00,1771959000,50.809,52.993,-1.63,-1.593,0.0,19.634,73.83,120.048,-1.0,-1.8369701987210294e-16,0.7818314824680298,0.6234898018587336,0,0,0
2026-02-24 19:00:00,1771959600,50.147,51.633,-0.662,-0.997,0.0,19.991,76.946,67.388,-0.9659258262890684,0.2588190451025203,0.7818314824680298,0.6234898018587336,0,0,0
2026-02-24 19:10:00,1771960200,46.638,50.008,-3.509,-1.934,0.0,24.222,80.23,87.531,-0.9659258262890684,0.2588190451025203,0.7818314824680298,0.6234898018587336,0,0,0
2026-02-25 12:00:00,1772020800,47.571,47.571,-1.317,0.0,0.0,27.65,48.413,861.49,1.2246467991473532e-16,-1.0,0.9749279121818236,-0.2225209339563143,0,0,0
2026-02-25 12:10:00,1772021400,44.584,46.078,-2.986,-2.986,0.0,24.741,63.508,1030.069,1.2246467991473532e-16,-1.0,0.9749279121818236,-0.2225209339563143,0,0,0
2026-02-25 12:20:00,1772022000,42.131,44.762,-2.454,-2.72,0.0,30.615,55.128,886.542,1.2246467991473532e-16,-1.0,0.9749279121818236,-0.2225209339563143,0,0,0
2026-02-25 12:30:00,1772022600,41.084,43.842,-1.047,-2.162,0.0,30.265,57.993,833.685,1.2246467991473532e-16,-1.0,0.9749279121818236,-0.2225209339563143,0,0,0
2026-02-25 12:40:00,1772023200,39.071,41.717,-2.012,-1.838,0.0,25.511,56.324,745.053,1.2246467991473532e-16,-1.0,0.9749279121818236,-0.2225209339563143,0,0,0
2026-02-25 12:50:00,1772023800,37.321,39.902,-1.75,-1.603,0.0,29.895,56.281,852.774,1.2246467991473532e-16,-1.0,0.9749279121818236,-0.2225209339563143,0,0,0
2026-02-25 13:00:00,1772024400,33.434,37.728,-3.887,-2.55,0.167,25.018,53.964,913.377,-0.2588190451025208,-0.9659258262890684,0.9749279121818236,-0.2225209339563143,0,0,0
2026-02-25 13:10:00,1772025000,29.866,34.923,-3.568,-3.068,0.333,32.444,45.61,878.475,-0.2588190451025208,-0.9659258262890684,0.9749279121818236,-0.2225209339563143,1,0,0
2026-02-25 13:20:00,1772025600,27.575,32.049,-2.291,-3.249,0.5,28.098,58.124,1024.897,-0.2588190451025208,-0.9659258262890684,0.9749279121818236,-0.2225209339563143,1,0,0
2026-02-25 13:30:00,1772026200,24.402,28.819,-3.172,-3.011,0.667,26.377,58.235,906.79,-0.2588190451025208,-0.9659258262890684,0.9749279121818236,-0.2225209339563143,1,0,0
2026-02-25 13:40:00,1772026800,21.437,25.82,-2.965,-2.81,0.833,27.264,46.398,903.789,-0.2588190451025208,-0.9659258262890684,0.9749279121818236,-0.2225209339563143,1,0,0
2026-02-25 13:50:00,1772027400,19.242,23.164,-2.195,-2.778,1.0,28.25,50.216,886.435,-0.2588190451025208,-0.9659258262890684,0.9749279121818236,-0.2225209339563143,1,0,0
2026-02-26 12:30:00,1772109000,41.033,41.033,-1.205,0.0,0.0,28.951,51.375,960.183,1.2246467991473532e-16,-1.0,0.4338837391175582,-0.900968867902419,0,0,0
2026-02-26 12:40:00,1772109600,38.541,39.787,-2.492,-2.492,0.0,29.189,62.594,959.462,1.2246467991473532e-16,-1.0,0.4338837391175582,-0.900968867902419,0,0,0
2026-02-26 12:50:00,1772110200,36.5,38.691,-2.041,-2.267,0.0,31.105,56.107,825.13,1.2246467991473532e-16,-1.0,0.4338837391175582,-0.900968867902419,1,0,0
2026-02-26 13:00:00,1772110800,33.689,37.441,-2.81,-2.448,0.167,25.089,53.634,923.79,-0.2588190451025208,-0.9659258262890684,0.4338837391175582,-0.900968867902419,0,0,0
2026-02-26 13:10:00,1772111400,32.717,35.362,-0.972,-1.941,0.333,26.519,47.647,872.856,-0.2588190451025208,-0.9659258262890684,0.4338837391175582,-0.900968867902419,0,0,0
2026-02-26 13:20:00,1772112000,30.65,33.389,-2.068,-1.95,0.5,29.209,56.969,885.254,-0.2588190451025208,-0.9659258262890684,0.4338837391175582,-0.900968867902419,1,0,0
2026-02-26 13:30:00,1772112600,28.521,31.394,-2.129,-1.723,0.667,29.034,58.379,910.412,-0.2588190451025208,-0.9659258262890684,0.4338837391175582,-0.900968867902419,0,0,0
2026-02-26 13:40:00,1772113200,26.746,29.658,-1.775,-1.991,0.833,26.738,56.57,1008.165,-0.2588190451025208,-0.9659258262890684,0.4338837391175582,-0.900968867902419,1,0,0
2026-02-26 13:40:00,1772113200,53.902,53.902,-2.494,0.0,0.0,24.227,58.923,965.179,-0.2588190451025208,-0.9659258262890684,0.4338837391175582,-0.900968867902419,0,0,0
2026-02-26 13:50:00,1772113800,51.997,52.95,-1.905,-1.905,0.0,30.351,60.842,822.148,-0.2588190451025208,-0.9659258262890684,0.4338837391175582,-0.900968867902419,0,0,0
2026-02-26 13:50:00,1772113800,23.416,27.333,-3.33,-2.411,1.0,26.986,52.152,844.489,-0.2588190451025208,-0.9659258262890684,0.4338837391175582,-0.900968867902419,1,0,0
2026-02-26 14:00:00,1772114400,19.134,24.454,-4.282,-3.129,1.167,29.326,59.183,834.757,-0.4999999999999997,-0.8660254037844388,0.4338837391175582,-0.900968867902419,1,0,0
2026-02-26 14:00:00,1772114400,49.229,51.71,-2.768,-2.337,0.0,27.604,48.385,874.16,-0.4999999999999997,-0.8660254037844388,0.4338837391175582,-0.900968867902419,0,0,0
2026-02-26 14:10:00,1772115000,16.91,21.551,-2.224,-3.279,1.333,27.7,56.341,777.051,-0.4999999999999997,-0.8660254037844388,0.4338837391175582,-0.900968867902419,1,0,0
2026-02-26 14:10:00,1772115000,47.958,50.772,-1.271,-1.981,0.0,27.149,57.868,855.047,-0.4999999999999997,-0.8660254037844388,0.4338837391175582,-0.900968867902419,0,0,0
2026-02-26 14:20:00,1772115600,15.524,18.746,-1.386,-2.631,1.5,29.483,56.313,814.552,-0.4999999999999997,-0.8660254037844388,0.4338837391175582,-0.900968867902419,2,0,0
2026-02-26 14:20:00,1772115600,44.428,48.403,-3.531,-2.523,0.0,26.159,55.588,615.428,-0.4999999999999997,-0.8660254037844388,0.4338837391175582,-0.900968867902419,0,0,0
2026-02-26 14:30:00,1772116200,41.446,45.765,-2.982,-2.594,0.0,24.621,58.094,903.535,-0.4999999999999997,-0.8660254037844388,0.4338837391175582,-0.900968867902419,0,0,0
2026-02-26 14:40:00,1772116800,37.609,42.86,-3.837,-3.45,0.0,25.709,58.723,919.539,-0.4999999999999997,-0.8660254037844388,0.4338837391175582,-0.900968867902419,1,0,0
2026-02-26 14:50:00,1772117400,34.133,39.404,-3.476,-3.431,0.167,26.429,59.289,858.307,-0.4999999999999997,-0.8660254037844388,0.4338837391175582,-0.900968867902419,1,0,0
2026-02-26 15:00:00,1772118000,31.637,36.206,-2.496,-3.27,0.333,24.956,56.814,658.362,-0.7071067811865471,-0.7071067811865479,0.4338837391175582,-0.900968867902419,1,0,0
2026-02-26 15:10:00,1772118600,29.861,33.31,-1.777,-2.583,0.5,26.667,59.228,698.954,-0.7071067811865471,-0.7071067811865479,0.4338837391175582,-0.900968867902419,0,0,0
2026-02-26 15:20:00,1772119200,29.061,31.173,-0.8,-1.691,0.667,22.228,65.577,837.122,-0.7071067811865471,-0.7071067811865479,0.4338837391175582,-0.900968867902419,0,0,0
2026-02-26 15:30:00,1772119800,26.687,29.311,-2.374,-1.65,0.833,27.355,64.128,837.09,-0.7071067811865471,-0.7071067811865479,0.4338837391175582,-0.900968867902419,1,0,0
2026-02-27 17:10:00,1772212200,41.202,41.202,-1.736,0.0,0.0,22.191,68.175,370.893,-0.9659258262890684,-0.2588190451025206,-0.433883739117558,-0.9009688679024191,0,0,0
2026-02-27 17:20:00,1772212800,39.067,40.135,-2.135,-2.135,0.0,22.095,80.193,80.763,-0.9659258262890684,-0.2588190451025206,-0.433883739117558,-0.9009688679024191,0,0,0
2026-02-27 17:30:00,1772213400,38.558,39.609,-0.51,-1.322,0.0,20.404,72.523,299.442,-0.9659258262890684,-0.2588190451025206,-0.433883739117558,-0.9009688679024191,0,0,0
2026-02-27 17:40:00,1772214000,37.661,39.122,-0.897,-1.18,0.0,21.363,83.241,355.805,-0.9659258262890684,-0.2588190451025206,-0.433883739117558,-0.9009688679024191,0,0,0
2026-02-27 17:50:00,1772214600,35.813,37.775,-1.848,-1.085,0.0,20.242,73.078,180.263,-0.9659258262890684,-0.2588190451025206,-0.433883739117558,-0.9009688679024191,0,0,0
2026-02-27 18:00:00,1772215200,34.644,36.669,-1.169,-1.305,0.167,21.741,72.212,82.262,-1.0,-1.8369701987210294e-16,-0.433883739117558,-0.9009688679024191,0,0,0
2026-02-27 18:10:00,1772215800,34.765,35.721,0.121,-0.965,0.333,20.323,63.091,111.658,-1.0,-1.8369701987210294e-16,-0.433883739117558,-0.9009688679024191,0,0,0
2026-02-27 18:20:00,1772216400,34.408,34.908,-0.357,-0.468,0.5,20.167,75.268,159.262,-1.0,-1.8369701987210294e-16,-0.433883739117558,-0.9009688679024191,0,0,0
2026-02-27 18:30:00,1772217000,59.086,59.086,-0.775,0.0,0.0,16.925,77.734,48.299,-1.0,-1.8369701987210294e-16,-0.433883739117558,-0.9009688679024191,0,0,0
2026-02-27 18:30:00,1772217000,33.544,34.34,-0.864,-0.367,0.667,15.998,68.32,20.0,-1.0,-1.8369701987210294e-16,-0.433883739117558,-0.9009688679024191,0,0,0
2026-02-27 18:40:00,1772217600,59.072,59.079,-0.014,-0.014,0.0,22.946,71.216,54.443,-1.0,-1.8369701987210294e-16,-0.433883739117558,-0.9009688679024191,0,0,0
2026-02-27 18:40:00,1772217600,31.986,33.676,-1.557,-0.926,0.833,21.234,77.742,102.728,-1.0,-1.8369701987210294e-16,-0.433883739117558,-0.9009688679024191,0,0,0
2026-02-27 18:50:00,1772218200,28.499,32.109,-3.488,-1.97,1.0,18.624,73.609,20.652,-1.0,-1.8369701987210294e-16,-0.433883739117558,-0.9009688679024191,1,0,0
2026-02-27 18:50:00,1772218200,57.261,58.473,-1.811,-0.912,0.0,18.03,66.835,20.0,-1.0,-1.8369701987210294e-16,-0.433883739117558,-0.9009688679024191,0,0,0
2026-02-27 19:00:00,1772218800,27.46,30.372,-1.039,-2.028,1.167,17.809,81.637,119.649,-0.9659258262890684,0.2588190451025203,-0.433883739117558,-0.9009688679024191,0,0,0
2026-02-27 19:00:00,1772218800,54.949,57.592,-2.313,-1.379,0.0,19.105,74.781,66.236,-0.9659258262890684,0.2588190451025203,-0.433883739117558,-0.9009688679024191,0,0,0
2026-02-27 19:10:00,1772219400,55.213,56.624,0.264,-1.286,0.0,20.065,75.104,55.563,-0.9659258262890684,0.2588190451025203,-0.433883739117558,-0.9009688679024191,0,0,0
2026-02-27 19:20:00,1772220000,53.559,55.245,-1.654,-1.234,0.0,19.114,73.004,20.0,-0.9659258262890684,0.2588190451025203,-0.433883739117558,-0.9009688679024191,0,0,0
2026-02-27 19:30:00,1772220600,52.281,54.0,-1.278,-0.889,0.0,16.314,75.357,54.729,-0.9659258262890684,0.2588190451025203,-0.433883739117558,-0.9009688679024191,0,0,0
2026-02-27 19:40:00,1772221200,51.39,53.111,-0.891,-1.274,0.0,21.471,71.795,47.619,-0.9659258262890684,0.2588190451025203,-0.433883739117558,-0.9009688679024191,0,0,0
2026-02-27 19:50:00,1772221800,50.965,52.049,-0.425,-0.865,0.0,21.699,75.239,112.401,-0.9659258262890684,0.2588190451025203,-0.433883739117558,-0.9009688679024191,0,0,0
2026-02-27 19:50:00,1772221800,50.237,50.237,-0.289,0.0,0.0,19.494,70.444,59.516,-0.9659258262890684,0.2588190451025203,-0.433883739117558,-0.9009688679024191,0,0,0
2026-02-27 20:00:00,1772222400,49.558,51.048,-1.407,-0.908,0.0,17.248,70.975,20.0,-0.8660254037844386,0.5000000000000001,-0.433883739117558,-0.9009688679024191,0,0,0
2026-02-27 20:00:00,1772222400,50.602,50.419,0.365,0.365,0.0,23.035,76.37,195.329,-0.8660254037844386,0.5000000000000001,-0.433883739117558,-0.9009688679024191,0,0,0
2026-02-27 20:10:00,1772223000,49.785,50.208,-0.817,-0.226,0.0,18.357,72.206,20.0,-0.8660254037844386,0.5000000000000001,-0.433883739117558,-0.9009688679024191,0,0,0
2026-02-27 20:10:00,1772223000,48.675,50.147,-0.882,-0.905,0.0,16.307,70.717,20.0,-0.8660254037844386,0.5000000000000001,-0.433883739117558,-0.9009688679024191,0,0,0
2026-02-27 20:20:00,1772223600,47.719,49.229,-0.956,-1.082,0.0,18.132,77.453,85.525,-0.8660254037844386,0.5000000000000001,-0.433883739117558,-0.9009688679024191,0,0,0
2026-02-27 20:20:00,1772223600,49.767,50.098,-0.018,-0.157,0.0,23.308,78.405,160.611,-0.8660254037844386,0.5000000000000001,-0.433883739117558,-0.9009688679024191,0,0,0
2026-02-27 20:30:00,1772224200,48.827,49.745,-0.94,-0.592,0.0,19.145,82.528,20.99,-0.8660254037844386,0.5000000000000001,-0.433883739117558,-0.9009688679024191,0,0,0
2026-02-27 20:40:00,1772224800,47.867,49.062,-0.96,-0.639,0.0,21.347,67.76,157.511,-0.8660254037844386,0.5000000000000001,-0.433883739117558,-0.9009688679024191,0,0,0
2026-02-27 20:50:00,1772225400,47.997,48.615,0.13,-0.59,0.0,21.207,67.98,84.878,-0.8660254037844386,0.5000000000000001,-0.433883739117558,-0.9009688679024191,0,0,0
2026-02-27 21:00:00,1772226000,47.763,48.114,-0.234,-0.355,0.0,19.638,71.515,242.833,-0.7071067811865477,0.7071067811865474,-0.433883739117558,-0.9009688679024191,0,0,0
2026-02-27 21:10:00,1772226600,45.831,47.365,-1.932,-0.678,0.0,18.519,70.719,20.0,-0.7071067811865477,0.7071067811865474,-0.433883739117558,-0.9009688679024191,0,0,0
2026-02-27 21:20:00,1772227200,45.251,46.711,-0.581,-0.915,0.0,18.305,73.218,20.0,-0.7071067811865477,0.7071067811865474,-0.433883739117558,-0.9009688679024191,0,0,0
2026-02-27 21:30:00,1772227800,44.639,45.871,-0.612,-1.041,0.0,17.432,72.054,74.013,-0.7071067811865477,0.7071067811865474,-0.433883739117558,-0.9009688679024191,0,0,0
2026-02-27 21:40:00,1772228400,45.918,45.41,1.279,0.029,0.0,19.523,71.169,98.739,-0.7071067811865477,0.7071067811865474,-0.433883739117558,-0.9009688679024191,0,0,0
2026-02-28 07:40:00,1772264400,40.063,40.063,-0.401,0.0,0.0,20.567,71.84,299.738,0.9659258262890684,-0.2588190451025206,-0.9749279121818236,-0.2225209339563146,0,0,0
2026-02-28 07:50:00,1772265000,38.845,39.454,-1.219,-1.219,0.0,21.905,66.817,281.049,0.9659258262890684,-0.2588190451025206,-0.9749279121818236,-0.2225209339563146,0,0,0
2026-02-28 08:00:00,1772265600,36.143,38.35,-2.702,-1.96,0.0,25.806,56.849,522.671,0.8660254037844387,-0.4999999999999998,-0.9749279121818236,-0.2225209339563146,0,0,0
2026-02-28 08:10:00,1772266200,33.257,37.077,-2.885,-2.269,0.167,24.801,65.526,565.648,0.8660254037844387,-0.4999999999999998,-0.9749279121818236,-0.2225209339563146,0,0,0
2026-02-28 08:20:00,1772266800,30.856,34.775,-2.401,-2.663,0.333,24.636,67.272,462.38,0.8660254037844387,-0.4999999999999998,-0.9749279121818236,-0.2225209339563146,0,0,0
2026-02-28 08:30:00,1772267400,29.966,32.556,-0.89,-2.059,0.5,30.015,64.506,517.542,0.8660254037844387,-0.4999999999999998,-0.9749279121818236,-0.2225209339563146,1,0,0
2026-02-28 08:40:00,1772268000,27.296,30.344,-2.67,-1.987,0.667,22.322,68.299,530.761,0.8660254037844387,-0.4999999999999998,-0.9749279121818236,-0.2225209339563146,1,0,0
2026-02-28 08:50:00,1772268600,37.401,31.38,10.105,2.182,0.5,19.0,61.297,519.0,0.8660254037844387,-0.4999999999999998,-0.9749279121818236,-0.2225209339563146,0,0,1
2026-02-28 09:00:00,1772269200,35.714,32.594,-1.687,1.916,0.333,23.552,58.915,621.539,0.7071067811865476,-0.7071067811865475,-0.9749279121818236,-0.2225209339563146,0,0,0
2026-02-28 09:10:00,1772269800,33.834,33.561,-1.879,2.179,0.5,24.464,60.838,766.951,0.7071067811865476,-0.7071067811865475,-0.9749279121818236,-0.2225209339563146,0,0,0
2026-02-28 09:20:00,1772270400,32.401,34.838,-1.433,-1.667,0.667,26.188,69.178,588.709,0.7071067811865476,-0.7071067811865475,-0.9749279121818236,-0.2225209339563146,0,0,0
2026-02-28 09:30:00,1772271000,31.394,33.336,-1.007,-1.44,0.833,27.63,58.791,463.307,0.7071067811865476,-0.7071067811865475,-0.9749279121818236,-0.2225209339563146,0,0,0
2026-02-28 18:00:00,1772301600,39.757,39.757,-1.332,0.0,0.0,20.137,77.671,20.0,-1.0,-1.8369701987210294e-16,-0.9749279121818236,-0.2225209339563146,0,0,0
2026-02-28 18:10:00,1772302200,39.596,39.677,-0.161,-0.161,0.0,19.023,84.87,20.0,-1.0,-1.8369701987210294e-16,-0.9749279121818236,-0.2225209339563146,0,0,0
2026-02-28 18:20:00,1772302800,38.478,39.277,-1.119,-0.64,0.0,19.715,72.65,37.182,-1.0,-1.8369701987210294e-16,-0.9749279121818236,-0.2225209339563146,0,0,0
2026-02-28 18:30:00,1772303400,36.76,38.648,-1.718,-0.999,0.0,17.883,73.851,20.0,-1.0,-1.8369701987210294e-16,-0.9749279121818236,-0.2225209339563146,0,0,0
2026-02-28 18:40:00,1772304000,34.628,37.366,-2.131,-1.656,0.167,16.144,72.547,79.0,-1.0,-1.8369701987210294e-16,-0.9749279121818236,-0.2225209339563146,0,0,0
2026-02-28 18:50:00,1772304600,32.708,35.643,-1.92,-1.923,0.333,23.502,77.357,62.59,-1.0,-1.8369701987210294e-16,-0.9749279121818236,-0.2225209339563146,0,0,0
2026-02-28 19:00:00,1772305200,31.917,34.003,-0.792,-1.614,0.5,17.357,81.129,27.143,-0.9659258262890684,0.2588190451025203,-0.9749279121818236,-0.2225209339563146,0,0,0
2026-02-28 19:10:00,1772305800,32.019,32.818,0.102,-0.87,0.667,19.441,71.837,60.048,-0.9659258262890684,0.2588190451025203,-0.9749279121818236,-0.2225209339563146,0,0,0
2026-02-28 19:20:00,1772306400,38.165,33.702,6.146,1.819,0.5,23.045,70.536,20.0,-0.9659258262890684,0.2588190451025203,-0.9749279121818236,-0.2225209339563146,0,0,1
2026-02-28 19:30:00,1772307000,36.921,34.755,-1.244,1.668,0.333,20.0,69.986,87.071,-0.9659258262890684,0.2588190451025203,-0.9749279121818236,-0.2225209339563146,0,0,0
2026-02-28 19:40:00,1772307600,36.808,35.978,-0.113,1.597,0.167,21.078,70.845,112.421,-0.9659258262890684,0.2588190451025203,-0.9749279121818236,-0.2225209339563146,0,0,0
2026-02-28 19:50:00,1772308200,36.195,37.022,-0.613,-0.657,0.0,20.197,65.203,44.704,-0.9659258262890684,0.2588190451025203,-0.9749279121818236,-0.2225209339563146,0,0,0
2026-02-28 20:50:00,1772311800,42.495,42.495,-1.454,0.0,0.0,20.91,74.106,50.582,-0.8660254037844386,0.5000000000000001,-0.9749279121818236,-0.2225209339563146,0,0,0
2026-02-28 21:00:00,1772312400,42.015,42.255,-0.48,-0.48,0.0,20.743,74.832,210.374,-0.7071067811865477,0.7071067811865474,-0.9749279121818236,-0.2225209339563146,0,0,0
2026-02-28 21:10:00,1772313000,42.811,42.44,0.796,0.158,0.0,17.766,69.051,112.216,-0.7071067811865477,0.7071067811865474,-0.9749279121818236,-0.2225209339563146,0,0,0
2026-02-28 21:20:00,1772313600,41.314,42.159,-1.497,-0.394,0.0,22.105,67.262,28.188,-0.7071067811865477,0.7071067811865474,-0.9749279121818236,-0.2225209339563146,0,0,0
2026-02-28 21:30:00,1772314200,40.063,41.551,-1.25,-0.651,0.0,16.677,74.72,82.994,-0.7071067811865477,0.7071067811865474,-0.9749279121818236,-0.2225209339563146,0,0,0
2026-02-28 21:40:00,1772314800,38.263,40.613,-1.8,-1.516,0.0,21.902,80.878,37.567,-0.7071067811865477,0.7071067811865474,-0.9749279121818236,-0.2225209339563146,0,0,0
2026-02-28 21:50:00,1772315400,37.15,39.197,-1.113,-1.388,0.0,18.085,73.351,107.204,-0.7071067811865477,0.7071067811865474,-0.9749279121818236,-0.2225209339563146,0,0,0
2026-02-28 22:00:00,1772316000,35.737,37.803,-1.412,-1.442,0.0,19.943,72.819,83.426,-0.5000000000000004,0.8660254037844384,-0.9749279121818236,-0.2225209339563146,0,0,0
2026-02-28 22:10:00,1772316600,35.063,36.553,-0.674,-1.067,0.0,19.71,69.806,71.699,-0.5000000000000004,0.8660254037844384,-0.9749279121818236,-0.2225209339563146,0,0,0
2026-02-28 22:20:00,1772317200,35.434,35.846,0.37,-0.572,0.0,19.24,67.719,28.867,-0.5000000000000004,0.8660254037844384,-0.9749279121818236,-0.2225209339563146,0,0,0
2026-02-28 22:30:00,1772317800,33.528,34.941,-1.905,-0.736,0.167,18.834,71.921,92.374,-0.5000000000000004,0.8660254037844384,-0.9749279121818236,-0.2225209339563146,0,0,0
2026-02-28 22:40:00,1772318400,31.673,33.924,-1.855,-1.13,0.333,19.245,59.2,20.0,-0.5000000000000004,0.8660254037844384,-0.9749279121818236,-0.2225209339563146,0,0,0
2026-02-28 23:30:00,1772321400,40.301,40.301,-1.904,0.0,0.0,21.349,66.254,107.152,-0.2588190451025215,0.965925826289068,-0.9749279121818236,-0.2225209339563146,0,0,0
2026-02-28 23:40:00,1772322000,39.542,39.922,-0.759,-0.759,0.0,19.133,64.822,72.433,-0.2588190451025215,0.965925826289068,-0.9749279121818236,-0.2225209339563146,0,0,0
2026-02-28 23:50:00,1772322600,37.754,39.199,-1.788,-1.274,0.0,23.826,74.282,162.757,-0.2588190451025215,0.965925826289068,-0.9749279121818236,-0.2225209339563146,0,0,0
2026-03-01 00:00:00,1772323200,36.504,38.525,-1.25,-1.266,0.0,19.32,67.692,80.651,0.0,1.0,-0.7818314824680299,0.6234898018587334,0,0,0
2026-03-01 00:10:00,1772323800,36.09,37.473,-0.415,-1.151,0.0,20.822,81.128,136.287,0.0,1.0,-0.7818314824680299,0.6234898018587334,0,0,0
2026-03-01 00:20:00,1772324400,34.651,36.25,-1.438,-1.034,0.167,17.725,69.151,58.564,0.0,1.0,-0.7818314824680299,0.6234898018587334,0,0,0
2026-03-01 00:30:00,1772325000,33.195,35.11,-1.457,-1.103,0.333,23.004,73.843,20.0,0.0,1.0,-0.7818314824680299,0.6234898018587334,0,0,0
2026-03-01 00:40:00,1772325600,32.186,34.03,-1.009,-1.301,0.5,20.364,78.387,20.0,0.0,1.0,-0.7818314824680299,0.6234898018587334,0,0,0
2026-03-01 00:50:00,1772326200,29.955,32.497,-2.23,-1.565,0.667,22.359,73.293,51.024,0.0,1.0,-0.7818314824680299,0.6234898018587334,0,0,0
2026-03-01 01:00:00,1772326800,28.248,30.896,-1.707,-1.649,0.833,19.314,66.813,20.0,0.2588190451025207,0.9659258262890684,-0.7818314824680299,0.6234898018587334,0,0,0
2026-03-01 01:10:00,1772327400,26.342,29.183,-1.906,-1.948,1.0,22.381,70.069,124.531,0.2588190451025207,0.9659258262890684,-0.7818314824680299,0.6234898018587334,0,0,0
2026-03-01 01:20:00,1772328000,25.348,27.474,-0.994,-1.536,1.167,20.281,73.379,115.557,0.2588190451025207,0.9659258262890684,-0.7818314824680299,0.6234898018587334,0,0,0
2026-03-01 13:00:00,1772370000,37.653,37.653,-1.659,0.0,0.0,29.112,58.866,888.929,-0.2588190451025208,-0.9659258262890684,-0.7818314824680299,0.6234898018587334,0,0,0
2026-03-01 13:10:00,1772370600,36.328,36.99,-1.326,-1.326,0.0,28.316,49.678,969.426,-0.2588190451025208,-0.9659258262890684,-0.7818314824680299,0.6234898018587334,0,0,0
2026-03-01 13:20:00,1772371200,35.099,36.36,-1.228,-1.277,0.0,29.911,58.451,919.499,-0.2588190451025208,-0.9659258262890684,-0.7818314824680299,0.6234898018587334,0,0,0
2026-03-01 13:30:00,1772371800,32.252,35.333,-2.847,-1.8,0.167,32.513,59.942,808.099,-0.2588190451025208,-0.9659258262890684,-0.7818314824680299,0.6234898018587334,0,0,0
2026-03-01 13:40:00,1772372400,30.621,33.575,-1.631,-1.902,0.333,27.937,56.263,936.374,-0.2588190451025208,-0.9659258262890684,-0.7818314824680299,0.6234898018587334,0,0,0
2026-03-01 13:50:00,1772373000,28.387,31.59,-2.233,-2.237,0.5,29.265,51.946,822.909,-0.2588190451025208,-0.9659258262890684,-0.7818314824680299,0.6234898018587334,0,0,0
2026-03-01 14:00:00,1772373600,25.607,29.217,-2.78,-2.215,0.667,29.024,59.441,798.469,-0.4999999999999997,-0.8660254037844388,-0.7818314824680299,0.6234898018587334,1,0,0
2026-03-01 14:10:00,1772374200,23.034,26.912,-2.573,-2.529,0.833,28.716,58.437,817.225,-0.4999999999999997,-0.8660254037844388,-0.7818314824680299,0.6234898018587334,1,0,0
2026-03-01 14:20:00,1772374800,20.797,24.456,-2.236,-2.53,1.0,28.005,48.246,921.286,-0.4999999999999997,-0.8660254037844388,-0.7818314824680299,0.6234898018587334,1,0,0
2026-03-01 14:30:00,1772375400,18.824,22.065,-1.974,-2.261,1.167,27.654,55.28,726.004,-0.4999999999999997,-0.8660254037844388,-0.7818314824680299,0.6234898018587334,1,0,0
2026-03-01 14:40:00,1772376000,16.6,19.814,-2.224,-2.145,1.333,27.764,62.798,895.92,-0.4999999999999997,-0.8660254037844388,-0.7818314824680299,0.6234898018587334,1,0,0
2026-03-01 14:50:00,1772376600,16.51,18.183,-0.09,-1.429,1.5,23.96,57.79,769.279,-0.4999999999999997,-0.8660254037844388,-0.7818314824680299,0.6234898018587334,1,0,0
2026-03-01 15:20:00,1772378400,64.154,64.154,-2.814,0.0,0.0,24.623,59.099,745.887,-0.7071067811865471,-0.7071067811865479,-0.7818314824680299,0.6234898018587334,0,0,0
2026-03-01 15:30:00,1772379000,63.61,63.882,-0.545,-0.545,0.0,26.141,61.671,661.469,-0.7071067811865471,-0.7071067811865479,-0.7818314824680299,0.6234898018587334,0,0,0
2026-03-01 15:40:00,1772379600,61.568,63.111,-2.042,-1.293,0.0,29.056,62.121,748.392,-0.7071067811865471,-0.7071067811865479,-0.7818314824680299,0.6234898018587334,0,0,0
2026-03-01 15:50:00,1772380200,58.842,62.044,-2.726,-1.771,0.0,27.461,51.999,756.151,-0.7071067811865471,-0.7071067811865479,-0.7818314824680299,0.6234898018587334,0,0,0
2026-03-01 16:00:00,1772380800,58.447,60.617,-0.396,-1.721,0.0,24.257,68.684,559.573,-0.8660254037844385,-0.5000000000000004,-0.7818314824680299,0.6234898018587334,0,0,0
2026-03-01 16:10:00,1772381400,56.647,58.876,-1.799,-1.64,0.0,22.226,65.413,589.388,-0.8660254037844385,-0.5000000000000004,-0.7818314824680299,0.6234898018587334,0,0,0
2026-03-01 16:20:00,1772382000,56.669,57.651,0.022,-0.724,0.0,26.949,65.304,484.877,-0.8660254037844385,-0.5000000000000004,-0.7818314824680299,0.6234898018587334,0,0,0
2026-03-01 16:30:00,1772382600,54.055,56.454,-2.615,-1.464,0.0,24.655,63.112,676.346,-0.8660254037844385,-0.5000000000000004,-0.7818314824680299,0.6234898018587334,0,0,0
2026-03-01 16:40:00,1772383200,53.719,55.273,-0.335,-0.976,0.0,23.006,69.406,469.851,-0.8660254037844385,-0.5000000000000004,-0.7818314824680299,0.6234898018587334,0,0,0
2026-03-01 16:50:00,1772383800,68.305,58.187,14.585,3.878,0.0,24.198,62.701,479.647,-0.8660254037844385,-0.5000000000000004,-0.7818314824680299,0.6234898018587334,0,0,1
2026-03-01 17:00:00,1772384400,67.662,60.935,-0.642,4.536,0.0,23.924,66.167,438.239,-0.9659258262890684,-0.2588190451025206,-0.7818314824680299,0.6234898018587334,0,0,0
2026-03-01 17:10:00,1772385000,66.136,63.956,-1.527,4.139,0.0,24.503,67.47,439.876,-0.9659258262890684,-0.2588190451025206,-0.7818314824680299,0.6234898018587334,0,0,0
2026-03-02 15:00:00,1772463600,61.663,61.663,-2.644,0.0,0.0,25.348,61.213,719.528,-0.7071067811865471,-0.7071067811865479,0.0,1.0,0,0,0
2026-03-02 15:10:00,1772464200,60.256,60.96,-1.407,-1.407,0.0,24.004,66.399,673.963,-0.7071067811865471,-0.7071067811865479,0.0,1.0,0,0,0
2026-03-02 15:20:00,1772464800,58.611,60.177,-1.645,-1.526,0.0,25.63,58.932,662.033,-0.7071067811865471,-0.7071067811865479,0.0,1.0,0,0,0
2026-03-02 15:30:00,1772465400,57.653,59.546,-0.959,-1.337,0.0,21.062,57.404,583.695,-0.7071067811865471,-0.7071067811865479,0.0,1.0,0,0,0
2026-03-02 15:40:00,1772466000,56.655,58.294,-0.997,-1.2,0.0,25.27,66.058,767.6,-0.7071067811865471,-0.7071067811865479,0.0,1.0,0,0,0
2026-03-02 15:50:00,1772466600,55.124,57.011,-1.531,-1.162,0.0,25.398,65.386,596.795,-0.7071067811865471,-0.7071067811865479,0.0,1.0,0,0,0
2026-03-02 16:00:00,1772467200,51.786,55.305,-3.338,-1.956,0.0,27.338,59.043,407.848,-0.8660254037844385,-0.5000000000000004,0.0,1.0,0,0,0
2026-03-02 16:10:00,1772467800,50.374,53.485,-1.412,-2.094,0.0,21.33,75.793,333.676,-0.8660254037844385,-0.5000000000000004,0.0,1.0,0,0,0
2026-03-02 16:20:00,1772468400,48.338,51.405,-2.036,-2.262,0.0,21.704,67.323,506.771,-0.8660254037844385,-0.5000000000000004,0.0,1.0,0,0,0
2026-03-02 16:20:00,1772468400,34.804,34.804,-2.159,0.0,0.167,24.062,59.512,573.613,-0.8660254037844385,-0.5000000000000004,0.0,1.0,0,0,0
2026-03-02 16:30:00,1772469000,32.888,33.846,-1.915,-1.915,0.333,22.791,51.139,525.351,-0.8660254037844385,-0.5000000000000004,0.0,1.0,0,0,0
2026-03-02 16:30:00,1772469000,46.361,49.215,-1.977,-1.808,0.0,28.698,65.518,424.706,-0.8660254037844385,-0.5000000000000004,0.0,1.0,0,0,0
2026-03-02 16:40:00,1772469600,46.376,47.862,0.015,-1.333,0.0,21.978,59.058,466.248,-0.8660254037844385,-0.5000000000000004,0.0,1.0,0,0,0
2026-03-02 16:40:00,1772469600,32.515,33.402,-0.373,-1.144,0.5,20.094,55.793,615.297,-0.8660254037844385,-0.5000000000000004,0.0,1.0,0,0,0
2026-03-02 16:50:00,1772470200,29.46,32.417,-3.055,-1.781,0.667,22.236,66.081,452.851,-0.8660254037844385,-0.5000000000000004,0.0,1.0,0,0,0
2026-03-02 16:50:00,1772470200,45.057,46.533,-1.319,-1.093,0.0,21.168,67.639,355.941,-0.8660254037844385,-0.5000000000000004,0.0,1.0,0,0,0
2026-03-02 17:00:00,1772470800,28.336,30.8,-1.124,-1.517,0.833,24.429,65.163,280.345,-0.9659258262890684,-0.2588190451025206,0.0,1.0,0,0,0
2026-03-02 17:10:00,1772471400,28.772,29.771,0.436,-1.247,1.0,20.176,67.257,447.478,-0.9659258262890684,-0.2588190451025206,0.0,1.0,0,0,0
2026-03-02 17:20:00,1772472000,27.644,28.553,-1.129,-0.605,1.167,19.293,67.854,371.927,-0.9659258262890684,-0.2588190451025206,0.0,1.0,0,0,0
2026-03-02 17:30:00,1772472600,26.588,27.835,-1.055,-0.583,1.333,21.882,72.319,231.179,-0.9659258262890684,-0.2588190451025206,0.0,1.0,0,0,0
2026-03-02 17:40:00,1772473200,26.34,27.336,-0.249,-0.811,1.5,19.386,71.04,339.978,-0.9659258262890684,-0.2588190451025206,0.0,1.0,1,0,0
2026-03-02 17:50:00,1772473800,26.122,26.673,-0.218,-0.507,1.667,20.413,71.186,273.669,-0.9659258262890684,-0.2588190451025206,0.0,1.0,0,0,0
2026-03-02 18:00:00,1772474400,25.017,26.017,-1.104,-0.524,1.833,20.082,67.862,51.779,-1.0,-1.8369701987210294e-16,0.0,1.0,0,0,0
2026-03-02 18:10:00,1772475000,22.715,25.048,-2.303,-1.208,2.0,17.791,62.788,149.716,-1.0,-1.8369701987210294e-16,0.0,1.0,0,0,0
2026-03-02 21:20:00,1772486400,62.524,62.524,-0.502,0.0,0.0,16.649,74.453,64.352,-0.7071067811865477,0.7071067811865474,0.0,1.0,0,0,0
2026-03-02 21:30:00,1772487000,62.494,62.509,-0.031,-0.031,0.0,18.647,72.809,149.504,-0.7071067811865477,0.7071067811865474,0.0,1.0,0,0,0
2026-03-02 21:40:00,1772487600,61.95,62.323,-0.544,-0.287,0.0,18.413,77.172,161.564,-0.7071067811865477,0.7071067811865474,0.0,1.0,0,0,0
2026-03-02 21:50:00,1772488200,60.853,61.955,-1.097,-0.557,0.0,21.481,75.607,108.254,-0.7071067811865477,0.7071067811865474,0.0,1.0,0,0,0
2026-03-02 22:00:00,1772488800,58.509,60.951,-2.345,-1.328,0.0,17.48,66.739,76.517,-0.5000000000000004,0.8660254037844384,0.0,1.0,0,0,0
2026-03-02 22:10:00,1772489400,58.174,59.871,-0.335,-1.259,0.0,17.687,81.517,218.978,-0.5000000000000004,0.8660254037844384,0.0,1.0,0,0,0
2026-03-02 22:20:00,1772490000,58.777,59.078,0.604,-0.692,0.0,19.009,81.461,20.0,-0.5000000000000004,0.8660254037844384,0.0,1.0,0,0,0
2026-03-02 22:30:00,1772490600,59.158,58.654,0.38,0.216,0.0,17.086,67.737,20.0,-0.5000000000000004,0.8660254037844384,0.0,1.0,0,0,0
2026-03-02 22:40:00,1772491200,57.733,58.46,-1.425,-0.147,0.0,18.394,79.744,93.712,-0.5000000000000004,0.8660254037844384,0.0,1.0,0,0,0
2026-03-02 22:50:00,1772491800,69.059,61.182,11.327,3.427,0.0,17.274,68.82,112.408,-0.5000000000000004,0.8660254037844384,0.0,1.0,0,0,1
2026-03-02 23:00:00,1772492400,68.418,63.592,-0.641,3.087,0.0,18.464,69.001,88.035,-0.2588190451025215,0.965925826289068,0.0,1.0,0,0,0
2026-03-02 23:10:00,1772493000,67.625,65.709,-0.794,3.297,0.0,19.826,69.973,73.208,-0.2588190451025215,0.965925826289068,0.0,1.0,0,0,0
2026-03-03 09:40:00,1772530800,72.183,72.183,-2.251,0.0,0.0,23.727,50.691,679.658,0.7071067811865476,-0.7071067811865475,0.7818314824680298,0.6234898018587336,0,0,0
2026-03-03 09:50:00,1772531400,69.115,70.649,-3.068,-3.068,0.0,25.487,55.445,840.398,0.7071067811865476,-0.7071067811865475,0.7818314824680298,0.6234898018587336,0,0,0
2026-03-03 10:00:00,1772532000,39.544,39.544,-2.589,0.0,0.0,30.704,60.595,941.752,0.4999999999999999,-0.8660254037844387,0.7818314824680298,0.6234898018587336,0,0,0
2026-03-03 10:00:00,1772532000,67.388,69.562,-1.727,-2.398,0.0,27.895,60.5,692.598,0.4999999999999999,-0.8660254037844387,0.7818314824680298,0.6234898018587336,0,0,0
2026-03-03 10:10:00,1772532600,36.168,37.856,-3.376,-3.376,0.0,25.214,64.564,831.522,0.4999999999999999,-0.8660254037844387,0.7818314824680298,0.6234898018587336,0,0,0
2026-03-03 10:10:00,1772532600,66.519,68.801,-0.868,-1.888,0.0,27.136,52.521,855.667,0.4999999999999999,-0.8660254037844387,0.7818314824680298,0.6234898018587336,0,0,0
2026-03-03 10:20:00,1772533200,65.959,67.245,-0.56,-1.052,0.0,21.957,62.794,870.424,0.4999999999999999,-0.8660254037844387,0.7818314824680298,0.6234898018587336,0,0,0
2026-03-03 10:20:00,1772533200,34.827,36.846,-1.341,-2.359,0.167,26.775,59.742,754.925,0.4999999999999999,-0.8660254037844387,0.7818314824680298,0.6234898018587336,0,0,0
2026-03-03 10:30:00,1772533800,33.415,35.988,-1.411,-2.043,0.333,25.469,57.639,869.407,0.4999999999999999,-0.8660254037844387,0.7818314824680298,0.6234898018587336,0,0,0
2026-03-03 10:30:00,1772533800,63.995,65.965,-1.964,-1.131,0.0,27.911,53.198,855.236,0.4999999999999999,-0.8660254037844387,0.7818314824680298,0.6234898018587336,0,0,0
2026-03-03 10:40:00,1772534400,61.165,64.409,-2.83,-1.785,0.0,29.048,61.285,773.509,0.4999999999999999,-0.8660254037844387,0.7818314824680298,0.6234898018587336,0,0,0
2026-03-03 10:40:00,1772534400,30.413,33.706,-3.002,-1.918,0.5,26.236,61.49,779.068,0.4999999999999999,-0.8660254037844387,0.7818314824680298,0.6234898018587336,0,0,0
2026-03-03 10:50:00,1772535000,29.052,31.927,-1.362,-1.925,0.667,25.916,49.146,858.233,0.4999999999999999,-0.8660254037844387,0.7818314824680298,0.6234898018587336,0,0,0
2026-03-03 10:50:00,1772535000,59.067,62.546,-2.098,-2.297,0.0,28.26,51.412,770.93,0.4999999999999999,-0.8660254037844387,0.7818314824680298,0.6234898018587336,0,0,0
2026-03-03 11:00:00,1772535600,56.288,60.129,-2.778,-2.569,0.0,29.713,53.092,894.86,0.258819045102521,-0.9659258262890682,0.7818314824680298,0.6234898018587336,0,0,0
2026-03-03 11:00:00,1772535600,25.912,29.698,-3.139,-2.501,0.833,26.454,53.125,887.077,0.258819045102521,-0.9659258262890682,0.7818314824680298,0.6234898018587336,1,0,0
2026-03-03 11:10:00,1772536200,24.835,27.553,-1.077,-1.859,1.0,29.661,51.567,908.795,0.258819045102521,-0.9659258262890682,0.7818314824680298,0.6234898018587336,1,0,0
2026-03-03 11:10:00,1772536200,54.008,57.632,-2.28,-2.385,0.0,26.16,56.362,972.239,0.258819045102521,-0.9659258262890682,0.7818314824680298,0.6234898018587336,0,0,0
2026-03-03 11:20:00,1772536800,50.623,54.997,-3.386,-2.815,0.0,30.459,55.622,858.4,0.258819045102521,-0.9659258262890682,0.7818314824680298,0.6234898018587336,0,0,0
2026-03-03 11:20:00,1772536800,22.43,25.557,-2.405,-2.207,1.167,31.2,56.984,790.078,0.258819045102521,-0.9659258262890682,0.7818314824680298,0.6234898018587336,1,0,0
2026-03-03 11:30:00,1772537400,20.387,23.391,-2.043,-1.842,1.333,28.293,49.784,941.021,0.258819045102521,-0.9659258262890682,0.7818314824680298,0.6234898018587336,1,0,0
2026-03-03 11:30:00,1772537400,47.345,52.066,-3.278,-2.981,0.0,34.601,56.039,890.809,0.258819045102521,-0.9659258262890682,0.7818314824680298,0.6234898018587336,0,0,0
2026-03-03 11:40:00,1772538000,16.585,21.059,-3.802,-2.75,1.5,31.222,56.266,1001.027,0.258819045102521,-0.9659258262890682,0.7818314824680298,0.6234898018587336,2,0,0
2026-03-03 11:50:00,1772538600,13.698,18.275,-2.887,-2.911,1.667,28.369,53.33,829.766,0.258819045102521,-0.9659258262890682,0.7818314824680298,0.6234898018587336,2,0,0
2026-03-03 12:10:00,1772539800,36.734,36.734,-3.217,0.0,0.0,28.663,50.938,1000.861,1.2246467991473532e-16,-1.0,0.7818314824680298,0.6234898018587336,0,0,0
2026-03-03 12:20:00,1772540400,33.794,35.264,-2.939,-2.939,0.167,30.656,62.501,838.165,1.2246467991473532e-16,-1.0,0.7818314824680298,0.6234898018587336,1,0,0
2026-03-03 12:30:00,1772541000,29.458,33.329,-4.336,-3.638,0.333,31.911,61.785,1013.006,1.2246467991473532e-16,-1.0,0.7818314824680298,0.6234898018587336,1,0,0
2026-03-03 12:40:00,1772541600,28.299,32.071,-1.159,-2.812,0.5,27.012,62.914,965.048,1.2246467991473532e-16,-1.0,0.7818314824680298,0.6234898018587336,1,0,0
2026-03-03 12:40:00,1772541600,52.465,52.465,-2.297,0.0,0.0,30.844,51.716,980.74,1.2246467991473532e-16,-1.0,0.7818314824680298,0.6234898018587336,0,0,0
2026-03-03 12:50:00,1772542200,49.286,50.875,-3.18,-3.18,0.0,25.873,54.998,948.672,1.2246467991473532e-16,-1.0,0.7818314824680298,0.6234898018587336,0,0,0
2026-03-03 12:50:00,1772542200,25.534,29.271,-2.765,-2.753,0.667,26.501,53.024,918.632,1.2246467991473532e-16,-1.0,0.7818314824680298,0.6234898018587336,1,0,0
2026-03-03 13:00:00,1772542800,22.44,26.433,-3.094,-2.34,0.833,22.46,46.591,838.844,-0.2588190451025208,-0.9659258262890684,0.7818314824680298,0.6234898018587336,1,0,0
2026-03-03 13:00:00,1772542800,45.493,49.081,-3.792,-3.486,0.0,26.127,48.929,972.753,-0.2588190451025208,-0.9659258262890684,0.7818314824680298,0.6234898018587336,0,0,0
2026-03-03 13:10:00,1772543400,43.374,47.655,-2.119,-3.03,0.0,24.591,56.878,860.325,-0.2588190451025208,-0.9659258262890684,0.7818314824680298,0.6234898018587336,0,0,0
2026-03-03 13:10:00,1772543400,19.097,23.842,-3.343,-3.067,1.0,25.534,48.558,914.139,-0.2588190451025208,-0.9659258262890684,0.7818314824680298,0.6234898018587336,1,0,0
2026-03-03 13:20:00,1772544000,15.89,20.74,-3.207,-3.215,1.167,26.499,58.059,862.222,-0.2588190451025208,-0.9659258262890684,0.7818314824680298,0.6234898018587336,1,0,0
2026-03-03 13:20:00,1772544000,41.119,44.818,-2.255,-2.722,0.0,29.836,57.628,862.217,-0.2588190451025208,-0.9659258262890684,0.7818314824680298,0.6234898018587336,0,0,0
2026-03-03 13:30:00,1772544600,38.747,42.183,-2.372,-2.249,0.0,27.758,55.35,819.773,-0.2588190451025208,-0.9659258262890684,0.7818314824680298,0.6234898018587336,0,0,0
2026-03-03 13:30:00,1772544600,13.931,17.839,-1.958,-2.836,1.333,29.311,53.842,862.885,-0.2588190451025208,-0.9659258262890684,0.7818314824680298,0.6234898018587336,1,0,0
2026-03-03 13:40:00,1772545200,11.179,15.024,-2.752,-2.639,1.5,26.542,48.483,897.581,-0.2588190451025208,-0.9659258262890684,0.7818314824680298,0.6234898018587336,2,0,0
2026-03-03 13:40:00,1772545200,34.358,39.4,-4.389,-3.005,0.167,28.713,57.373,846.407,-0.2588190451025208,-0.9659258262890684,0.7818314824680298,0.6234898018587336,1,0,0
2026-03-03 13:50:00,1772545800,32.415,36.66,-1.943,-2.901,0.333,26.461,59.74,687.703,-0.2588190451025208,-0.9659258262890684,0.7818314824680298,0.6234898018587336,0,0,0
2026-03-03 13:50:00,1772545800,7.28,12.07,-3.899,-2.87,1.667,27.438,48.052,841.333,-0.2588190451025208,-0.9659258262890684,0.7818314824680298,0.6234898018587336,2,0,0
2026-03-03 14:00:00,1772546400,5.0,9.348,-2.28,-2.977,1.833,25.983,55.281,784.623,-0.4999999999999997,-0.8660254037844388,0.7818314824680298,0.6234898018587336,2,0,0
2026-03-03 14:00:00,1772546400,31.147,34.167,-1.268,-2.533,0.5,28.848,46.804,739.56,-0.4999999999999997,-0.8660254037844388,0.7818314824680298,0.6234898018587336,1,0,0
2026-03-03 14:10:00,1772547000,30.011,31.983,-1.136,-1.449,0.667,25.628,51.325,732.654,-0.4999999999999997,-0.8660254037844388,0.7818314824680298,0.6234898018587336,0,0,0
2026-03-03 14:20:00,1772547600,29.239,30.703,-0.773,-1.059,0.833,25.987,52.096,695.78,-0.4999999999999997,-0.8660254037844388,0.7818314824680298,0.6234898018587336,0,0,0
2026-03-03 14:30:00,1772548200,26.615,29.253,-2.624,-1.511,1.0,26.728,50.602,928.418,-0.4999999999999997,-0.8660254037844388,0.7818314824680298,0.6234898018587336,0,0,0
2026-03-05 12:30:00,1772713800,61.956,61.956,-1.667,0.0,0.0,28.421,58.318,969.066,1.2246467991473532e-16,-1.0,0.4338837391175582,-0.900968867902419,0,0,0
2026-03-05 12:40:00,1772714400,60.78,61.368,-1.176,-1.176,0.0,27.166,56.105,912.205,1.2246467991473532e-16,-1.0,0.4338837391175582,-0.900968867902419,0,0,0
2026-03-05 12:50:00,1772715000,60.266,61.001,-0.514,-0.845,0.0,28.746,55.903,1033.353,1.2246467991473532e-16,-1.0,0.4338837391175582,-0.900968867902419,0,0,0
2026-03-05 13:00:00,1772715600,58.087,60.273,-2.18,-1.29,0.0,26.098,65.574,1018.54,-0.2588190451025208,-0.9659258262890684,0.4338837391175582,-0.900968867902419,0,0,0
2026-03-05 13:10:00,1772716200,56.021,58.789,-2.066,-1.586,0.0,28.346,49.197,749.89,-0.2588190451025208,-0.9659258262890684,0.4338837391175582,-0.900968867902419,0,0,0
2026-03-05 13:20:00,1772716800,52.851,56.806,-3.17,-2.472,0.0,28.796,66.013,1026.876,-0.2588190451025208,-0.9659258262890684,0.4338837391175582,-0.900968867902419,0,0,0
2026-03-05 13:30:00,1772717400,50.144,54.276,-2.707,-2.648,0.0,28.109,51.455,774.847,-0.2588190451025208,-0.9659258262890684,0.4338837391175582,-0.900968867902419,0,0,0
2026-03-05 13:40:00,1772718000,48.103,51.78,-2.041,-2.639,0.0,25.174,52.401,837.007,-0.2588190451025208,-0.9659258262890684,0.4338837391175582,-0.900968867902419,0,0,0
2026-03-05 13:50:00,1772718600,58.461,52.39,10.358,1.87,0.0,30.026,47.222,921.711,-0.2588190451025208,-0.9659258262890684,0.4338837391175582,-0.900968867902419,0,0,1
2026-03-05 14:00:00,1772719200,55.513,53.055,-2.948,1.79,0.0,28.662,53.755,755.839,-0.4999999999999997,-0.8660254037844388,0.4338837391175582,-0.900968867902419,0,0,0
2026-03-05 14:00:00,1772719200,39.398,39.398,-2.09,0.0,0.0,24.987,56.033,750.725,-0.4999999999999997,-0.8660254037844388,0.4338837391175582,-0.900968867902419,0,0,0
2026-03-05 14:10:00,1772719800,52.522,53.65,-2.992,1.473,0.0,25.748,53.627,816.553,-0.4999999999999997,-0.8660254037844388,0.4338837391175582,-0.900968867902419,0,0,0
2026-03-05 14:10:00,1772719800,37.258,38.328,-2.139,-2.139,0.0,25.845,53.052,785.203,-0.4999999999999997,-0.8660254037844388,0.4338837391175582,-0.900968867902419,0,0,0
2026-03-05 14:20:00,1772720400,34.719,37.125,-2.54,-2.339,0.167,31.738,57.264,830.068,-0.4999999999999997,-0.8660254037844388,0.4338837391175582,-0.900968867902419,0,0,0
2026-03-05 14:20:00,1772720400,50.723,54.305,-1.798,-2.579,0.0,27.283,61.205,893.122,-0.4999999999999997,-0.8660254037844388,0.4338837391175582,-0.900968867902419,0,0,0
2026-03-05 14:30:00,1772721000,32.104,35.87,-2.615,-2.431,0.333,27.665,66.795,834.076,-0.4999999999999997,-0.8660254037844388,0.4338837391175582,-0.900968867902419,1,0,0
2026-03-05 14:40:00,1772721600,31.497,33.894,-0.607,-1.92,0.5,23.652,60.265,830.664,-0.4999999999999997,-0.8660254037844388,0.4338837391175582,-0.900968867902419,0,0,0
2026-03-05 14:50:00,1772722200,30.559,32.22,-0.938,-1.386,0.667,23.344,50.118,815.496,-0.4999999999999997,-0.8660254037844388,0.4338837391175582,-0.900968867902419,0,0,0
2026-03-05 15:00:00,1772722800,28.538,30.675,-2.021,-1.189,0.833,25.823,56.66,603.425,-0.7071067811865471,-0.7071067811865479,0.4338837391175582,-0.900968867902419,0,0,0
2026-03-05 15:10:00,1772723400,27.916,29.627,-0.622,-1.194,1.0,23.553,60.042,599.719,-0.7071067811865471,-0.7071067811865479,0.4338837391175582,-0.900968867902419,0,0,0
2026-03-05 15:20:00,1772724000,27.567,28.645,-0.349,-0.997,1.167,27.239,55.351,634.486,-0.7071067811865471,-0.7071067811865479,0.4338837391175582,-0.900968867902419,0,0,0
2026-03-05 15:30:00,1772724600,26.44,27.615,-1.126,-0.699,1.333,24.051,69.338,774.034,-0.7071067811865471,-0.7071067811865479,0.4338837391175582,-0.900968867902419,0,0,0
2026-03-05 15:40:00,1772725200,24.68,26.651,-1.76,-1.079,1.5,26.926,64.535,644.484,-0.7071067811865471,-0.7071067811865479,0.4338837391175582,-0.900968867902419,1,0,0
2026-03-05 15:50:00,1772725800,22.203,25.222,-2.477,-1.788,1.667,25.628,52.805,734.125,-0.7071067811865471,-0.7071067811865479,0.4338837391175582,-0.900968867902419,1,0,0
2026-03-05 23:40:00,1772754000,60.234,60.234,-2.475,0.0,0.0,19.375,70.313,118.156,-0.2588190451025215,0.965925826289068,0.4338837391175582,-0.900968867902419,0,0,0
2026-03-05 23:50:00,1772754600,59.052,59.643,-1.182,-1.182,0.0,20.556,74.408,53.844,-0.2588190451025215,0.965925826289068,0.4338837391175582,-0.900968867902419,0,0,0
2026-03-06 00:00:00,1772755200,59.544,59.61,0.493,-0.345,0.0,19.327,71.309,94.339,0.0,1.0,-0.433883739117558,-0.9009688679024191,0,0,0
2026-03-06 00:10:00,1772755800,58.224,59.263,-1.32,-0.67,0.0,16.525,75.634,57.413,0.0,1.0,-0.433883739117558,-0.9009688679024191,0,0,0
2026-03-06 00:20:00,1772756400,55.575,58.099,-2.649,-1.159,0.0,19.125,65.746,43.814,0.0,1.0,-0.433883739117558,-0.9009688679024191,0,0,0
2026-03-06 00:30:00,1772757000,54.526,56.967,-1.049,-1.673,0.0,20.708,79.793,20.0,0.0,1.0,-0.433883739117558,-0.9009688679024191,0,0,0
2026-03-06 00:40:00,1772757600,51.583,54.977,-2.943,-2.214,0.0,22.198,69.719,78.302,0.0,1.0,-0.433883739117558,-0.9009688679024191,0,0,0
2026-03-06 00:50:00,1772758200,50.986,53.167,-0.597,-1.53,0.0,20.07,69.423,199.557,0.0,1.0,-0.433883739117558,-0.9009688679024191,0,0,0
2026-03-06 01:00:00,1772758800,50.552,51.912,-0.434,-1.325,0.0,24.253,69.413,74.007,0.2588190451025207,0.9659258262890684,-0.433883739117558,-0.9009688679024191,0,0,0
2026-03-06 01:10:00,1772759400,49.813,50.733,-0.738,-0.59,0.0,18.151,77.09,31.012,0.2588190451025207,0.9659258262890684,-0.433883739117558,-0.9009688679024191,0,0,0
2026-03-06 01:20:00,1772760000,48.88,50.058,-0.933,-0.702,0.0,20.312,73.436,20.0,0.2588190451025207,0.9659258262890684,-0.433883739117558,-0.9009688679024191,0,0,0
2026-03-06 01:30:00,1772760600,47.654,49.225,-1.226,-0.966,0.0,17.816,70.791,51.355,0.2588190451025207,0.9659258262890684,-0.433883739117558,-0.9009688679024191,0,0,0
2026-03-06 08:20:00,1772785200,39.873,39.873,-2.135,0.0,0.0,23.455,59.887,461.859,0.8660254037844387,-0.4999999999999998,-0.433883739117558,-0.9009688679024191,0,0,0
2026-03-06 08:30:00,1772785800,39.09,39.481,-0.783,-0.783,0.0,24.146,57.25,427.721,0.8660254037844387,-0.4999999999999998,-0.433883739117558,-0.9009688679024191,0,0,0
2026-03-06 08:40:00,1772786400,38.171,39.045,-0.919,-0.851,0.0,22.251,69.626,465.359,0.8660254037844387,-0.4999999999999998,-0.433883739117558,-0.9009688679024191,0,0,0
2026-03-06 08:50:00,1772787000,38.694,38.957,0.523,-0.393,0.0,19.286,62.784,539.91,0.8660254037844387,-0.4999999999999998,-0.433883739117558,-0.9009688679024191,0,0,0
2026-03-06 09:00:00,1772787600,35.372,37.832,-3.322,-1.239,0.0,26.46,63.75,685.795,0.7071067811865476,-0.7071067811865475,-0.433883739117558,-0.9009688679024191,0,0,0
2026-03-06 09:10:00,1772788200,33.586,36.456,-1.786,-1.528,0.167,23.934,65.832,695.761,0.7071067811865476,-0.7071067811865475,-0.433883739117558,-0.9009688679024191,0,0,0
2026-03-06 09:20:00,1772788800,32.273,34.981,-1.313,-2.14,0.333,19.865,58.101,592.28,0.7071067811865476,-0.7071067811865475,-0.433883739117558,-0.9009688679024191,0,0,0
2026-03-06 09:30:00,1772789400,28.64,32.468,-3.633,-2.244,0.5,27.761,58.42,756.562,0.7071067811865476,-0.7071067811865475,-0.433883739117558,-0.9009688679024191,1,0,0
2026-03-06 09:40:00,1772790000,25.99,30.122,-2.651,-2.532,0.667,25.983,64.179,719.916,0.7071067811865476,-0.7071067811865475,-0.433883739117558,-0.9009688679024191,1,0,0
2026-03-06 09:50:00,1772790600,23.376,27.57,-2.614,-2.966,0.833,26.862,50.835,613.881,0.7071067811865476,-0.7071067811865475,-0.433883739117558,-0.9009688679024191,1,0,0
2026-03-06 10:00:00,1772791200,21.254,24.815,-2.121,-2.462,1.0,28.474,57.596,797.859,0.4999999999999999,-0.8660254037844387,-0.433883739117558,-0.9009688679024191,1,0,0
2026-03-06 10:10:00,1772791800,19.969,22.647,-1.286,-2.007,1.167,23.233,52.395,799.555,0.4999999999999999,-0.8660254037844387,-0.433883739117558,-0.9009688679024191,1,0,0
2026-03-06 12:40:00,1772800800,53.192,53.192,-3.266,0.0,0.0,29.22,57.625,939.487,1.2246467991473532e-16,-1.0,-0.433883739117558,-0.9009688679024191,0,0,0
2026-03-06 12:50:00,1772801400,50.239,51.716,-2.954,-2.954,0.0,27.506,57.496,857.741,1.2246467991473532e-16,-1.0,-0.433883739117558,-0.9009688679024191,0,0,0
2026-03-06 13:00:00,1772802000,47.876,50.436,-2.363,-2.658,0.0,26.922,60.449,735.282,-0.2588190451025208,-0.9659258262890684,-0.433883739117558,-0.9009688679024191,0,0,0
2026-03-06 13:10:00,1772802600,46.617,49.481,-1.259,-2.192,0.0,21.637,49.554,855.058,-0.2588190451025208,-0.9659258262890684,-0.433883739117558,-0.9009688679024191,0,0,0
2026-03-06 13:20:00,1772803200,45.237,47.492,-1.38,-1.667,0.0,23.03,46.459,868.519,-0.2588190451025208,-0.9659258262890684,-0.433883739117558,-0.9009688679024191,0,0,0
2026-03-06 13:30:00,1772803800,41.88,45.403,-3.357,-1.999,0.0,26.432,54.467,810.216,-0.2588190451025208,-0.9659258262890684,-0.433883739117558,-0.9009688679024191,0,0,0
2026-03-06 13:40:00,1772804400,39.928,43.416,-1.952,-2.23,0.0,28.839,57.573,889.892,-0.2588190451025208,-0.9659258262890684,-0.433883739117558,-0.9009688679024191,0,0,0
2026-03-06 13:50:00,1772805000,37.176,41.055,-2.752,-2.687,0.0,27.156,54.177,905.09,-0.2588190451025208,-0.9659258262890684,-0.433883739117558,-0.9009688679024191,0,0,0
2026-03-06 14:00:00,1772805600,33.652,38.159,-3.524,-2.743,0.167,29.118,58.061,604.876,-0.4999999999999997,-0.8660254037844388,-0.433883739117558,-0.9009688679024191,0,0,0
2026-03-06 14:10:00,1772806200,31.711,35.617,-1.941,-2.739,0.333,25.956,52.569,784.81,-0.4999999999999997,-0.8660254037844388,-0.433883739117558,-0.9009688679024191,0,0,0
2026-03-06 14:20:00,1772806800,29.045,32.896,-2.667,-2.711,0.5,29.058,55.517,739.343,-0.4999999999999997,-0.8660254037844388,-0.433883739117558,-0.9009688679024191,1,0,0
2026-03-06 14:30:00,1772807400,25.599,30.002,-3.445,-2.684,0.667,25.858,57.94,769.391,-0.4999999999999997,-0.8660254037844388,-0.433883739117558,-0.9009688679024191,1,0,0
2026-03-06 18:00:00,1772820000,37.096,37.096,-1.085,0.0,0.0,18.434,81.371,61.03,-1.0,-1.8369701987210294e-16,-0.433883739117558,-0.9009688679024191,0,0,0
2026-03-06 18:10:00,1772820600,35.069,36.083,-2.027,-2.027,0.0,17.821,63.478,39.618,-1.0,-1.8369701987210294e-16,-0.433883739117558,-0.9009688679024191,0,0,0
2026-03-06 18:20:00,1772821200,33.767,35.311,-1.302,-1.664,0.167,21.152,63.067,92.859,-1.0,-1.8369701987210294e-16,-0.433883739117558,-0.9009688679024191,0,0,0
2026-03-06 18:30:00,1772821800,32.867,34.7,-0.901,-1.41,0.333,21.152,69.766,61.501,-1.0,-1.8369701987210294e-16,-0.433883739117558,-0.9009688679024191,0,0,0
2026-03-06 18:40:00,1772822400,31.435,33.285,-1.432,-1.212,0.5,17.48,72.795,112.053,-1.0,-1.8369701987210294e-16,-0.433883739117558,-0.9009688679024191,0,0,0
2026-03-06 18:50:00,1772823000,30.571,32.16,-0.864,-1.065,0.667,16.266,72.876,116.074,-1.0,-1.8369701987210294e-16,-0.433883739117558,-0.9009688679024191,0,0,0
2026-03-06 19:00:00,1772823600,30.548,31.355,-0.023,-0.773,0.833,19.955,70.484,138.194,-0.9659258262890684,0.2588190451025203,-0.433883739117558,-0.9009688679024191,0,0,0
2026-03-06 19:10:00,1772824200,29.121,30.419,-1.427,-0.771,1.0,12.609,71.649,20.0,-0.9659258262890684,0.2588190451025203,-0.433883739117558,-0.9009688679024191,0,0,0
2026-03-06 19:20:00,1772824800,27.528,29.442,-1.594,-1.014,1.167,17.706,74.351,20.0,-0.9659258262890684,0.2588190451025203,-0.433883739117558,-0.9009688679024191,0,0,0
2026-03-06 19:30:00,1772825400,27.52,28.679,-0.007,-1.009,1.333,18.934,74.976,41.008,-0.9659258262890684,0.2588190451025203,-0.433883739117558,-0.9009688679024191,0,0,0
2026-03-06 19:40:00,1772826000,25.934,27.526,-1.587,-1.063,1.5,18.084,75.185,23.019,-0.9659258262890684,0.2588190451025203,-0.433883739117558,-0.9009688679024191,0,0,0
2026-03-06 19:50:00,1772826600,23.682,26.166,-2.251,-1.282,1.667,18.793,66.954,52.988,-0.9659258262890684,0.2588190451025203,-0.433883739117558,-0.9009688679024191,0,0,0
2026-03-06 22:10:00,1772835000,44.528,44.528,-0.354,0.0,0.0,20.702,75.629,114.342,-0.5000000000000004,0.8660254037844384,-0.433883739117558,-0.9009688679024191,0,0,0
2026-03-06 22:20:00,1772835600,43.885,44.207,-0.643,-0.643,0.0,17.783,62.51,74.931,-0.5000000000000004,0.8660254037844384,-0.433883739117558,-0.9009688679024191,0,0,0
2026-03-06 22:30:00,1772836200,44.614,44.342,0.729,0.043,0.0,16.325,75.225,119.03,-0.5000000000000004,0.8660254037844384,-0.433883739117558,-0.9009688679024191,0,0,0
2026-03-06 22:30:00,1772836200,67.21,67.21,-1.085,0.0,0.0,18.657,65.546,71.092,-0.5000000000000004,0.8660254037844384,-0.433883739117558,-0.9009688679024191,0,0,0
2026-03-06 22:40:00,1772836800,42.88,43.977,-1.734,-0.549,0.0,19.618,82.162,75.683,-0.5000000000000004,0.8660254037844384,-0.433883739117558,-0.9009688679024191,0,0,0
2026-03-06 22:40:00,1772836800,67.668,67.439,0.458,0.458,0.0,16.308,64.221,96.614,-0.5000000000000004,0.8660254037844384,-0.433883739117558,-0.9009688679024191,0,0,0
2026-03-06 22:50:00,1772837400,67.933,67.604,0.265,0.361,0.0,18.452,64.613,34.681,-0.5000000000000004,0.8660254037844384,-0.433883739117558,-0.9009688679024191,0,0,0
2026-03-06 22:50:00,1772837400,43.043,43.605,0.163,-0.281,0.0,17.906,71.752,24.024,-0.5000000000000004,0.8660254037844384,-0.433883739117558,-0.9009688679024191,0,0,0
2026-03-06 23:00:00,1772838000,41.786,43.081,-1.257,-0.943,0.0,18.247,84.464,111.37,-0.2588190451025215,0.965925826289068,-0.433883739117558,-0.9009688679024191,0,0,0
2026-03-06 23:00:00,1772838000,67.265,67.519,-0.668,0.018,0.0,19.103,79.148,175.718,-0.2588190451025215,0.965925826289068,-0.433883739117558,-0.9009688679024191,0,0,0
2026-03-06 23:10:00,1772838600,42.633,42.585,0.847,-0.082,0.0,21.792,76.841,20.0,-0.2588190451025215,0.965925826289068,-0.433883739117558,-0.9009688679024191,0,0,0
2026-03-06 23:10:00,1772838600,66.182,67.262,-1.083,-0.495,0.0,20.247,73.74,130.337,-0.2588190451025215,0.965925826289068,-0.433883739117558,-0.9009688679024191,0,0,0
2026-03-06 23:20:00,1772839200,65.63,66.753,-0.552,-0.768,0.0,19.009,72.074,20.0,-0.2588190451025215,0.965925826289068,-0.433883739117558,-0.9009688679024191,0,0,0
2026-03-06 23:20:00,1772839200,40.4,41.965,-2.233,-0.881,0.0,19.14,76.031,182.072,-0.2588190451025215,0.965925826289068,-0.433883739117558,-0.9009688679024191,0,0,0
2026-03-06 23:30:00,1772839800,64.764,65.96,-0.866,-0.833,0.0,18.662,64.09,102.032,-0.2588190451025215,0.965925826289068,-0.433883739117558,-0.9009688679024191,0,0,0
2026-03-06 23:30:00,1772839800,38.873,40.923,-1.527,-0.971,0.0,18.922,75.226,135.056,-0.2588190451025215,0.965925826289068,-0.433883739117558,-0.9009688679024191,0,0,0
2026-03-06 23:40:00,1772840400,38.911,40.204,0.038,-1.241,0.0,15.295,76.309,47.559,-0.2588190451025215,0.965925826289068,-0.433883739117558,-0.9009688679024191,0,0,0
2026-03-06 23:40:00,1772840400,64.312,65.222,-0.452,-0.623,0.0,19.274,74.439,20.0,-0.2588190451025215,0.965925826289068,-0.433883739117558,-0.9009688679024191,0,0,0
2026-03-06 23:50:00,1772841000,62.601,64.327,-1.711,-1.01,0.0,16.278,81.868,20.0,-0.2588190451025215,0.965925826289068,-0.433883739117558,-0.9009688679024191,0,0,0
2026-03-06 23:50:00,1772841000,37.494,38.919,-1.417,-0.969,0.0,18.469,73.641,104.374,-0.2588190451025215,0.965925826289068,-0.433883739117558,-0.9009688679024191,0,0,0
2026-03-07 00:00:00,1772841600,36.616,37.973,-0.878,-0.752,0.0,19.672,82.111,153.645,0.0,1.0,-0.9749279121818236,-0.2225209339563146,0,0,0
2026-03-07 00:00:00,1772841600,62.176,63.463,-0.424,-0.863,0.0,19.959,68.834,31.914,0.0,1.0,-0.9749279121818236,-0.2225209339563146,0,0,0
2026-03-07 00:10:00,1772842200,60.332,62.355,-1.844,-1.327,0.0,17.7,73.339,48.62,0.0,1.0,-0.9749279121818236,-0.2225209339563146,0,0,0
2026-03-07 00:20:00,1772842800,59.091,61.05,-1.241,-1.17,0.0,22.5,75.592,263.854,0.0,1.0,-0.9749279121818236,-0.2225209339563146,0,0,0
2026-03-07 11:20:00,1772882400,41.819,41.819,-2.525,0.0,0.0,26.743,49.267,906.119,0.258819045102521,-0.9659258262890682,-0.9749279121818236,-0.2225209339563146,0,0,0
2026-03-07 11:30:00,1772883000,39.509,40.664,-2.31,-2.31,0.0,28.157,58.689,943.503,0.258819045102521,-0.9659258262890682,-0.9749279121818236,-0.2225209339563146,0,0,0
2026-03-07 11:30:00,1772883000,38.825,38.825,-1.859,0.0,0.0,27.829,68.133,894.389,0.258819045102521,-0.9659258262890682,-0.9749279121818236,-0.2225209339563146,0,0,0
2026-03-07 11:40:00,1772883600,36.49,37.657,-2.335,-2.335,0.0,26.608,59.296,852.438,0.258819045102521,-0.9659258262890682,-0.9749279121818236,-0.2225209339563146,0,0,0
2026-03-07 11:40:00,1772883600,39.118,40.149,-0.391,-1.351,0.0,25.247,61.036,1032.174,0.258819045102521,-0.9659258262890682,-0.9749279121818236,-0.2225209339563146,0,0,0
2026-03-07 11:50:00,1772884200,33.067,36.127,-3.422,-2.879,0.167,29.956,50.38,896.591,0.258819045102521,-0.9659258262890682,-0.9749279121818236,-0.2225209339563146,1,0,0
2026-03-07 11:50:00,1772884200,36.275,39.18,-2.843,-1.848,0.0,31.347,53.005,877.904,0.258819045102521,-0.9659258262890682,-0.9749279121818236,-0.2225209339563146,0,0,0
2026-03-07 12:00:00,1772884800,31.077,34.865,-1.991,-2.583,0.333,29.465,49.953,972.067,1.2246467991473532e-16,-1.0,-0.9749279121818236,-0.2225209339563146,0,0,0
2026-03-07 12:00:00,1772884800,33.819,37.18,-2.456,-1.897,0.167,26.907,59.55,890.086,1.2246467991473532e-16,-1.0,-0.9749279121818236,-0.2225209339563146,0,0,0
2026-03-07 12:10:00,1772885400,29.487,32.53,-1.589,-2.334,0.5,26.912,60.506,893.492,1.2246467991473532e-16,-1.0,-0.9749279121818236,-0.2225209339563146,1,0,0
2026-03-07 12:10:00,1772885400,30.735,34.987,-3.083,-2.794,0.333,28.862,48.22,828.936,1.2246467991473532e-16,-1.0,-0.9749279121818236,-0.2225209339563146,1,0,0
2026-03-07 12:20:00,1772886000,28.523,32.338,-2.212,-2.584,0.5,29.681,56.546,1003.988,1.2246467991473532e-16,-1.0,-0.9749279121818236,-0.2225209339563146,1,0,0
2026-03-07 12:20:00,1772886000,25.848,29.87,-3.64,-2.407,0.667,34.425,45.454,1017.305,1.2246467991473532e-16,-1.0,-0.9749279121818236,-0.2225209339563146,1,0,0
2026-03-07 12:30:00,1772886600,37.602,32.67,9.079,1.261,0.333,27.674,58.172,985.38,1.2246467991473532e-16,-1.0,-0.9749279121818236,-0.2225209339563146,0,0,1
2026-03-07 12:30:00,1772886600,22.665,27.269,-3.182,-2.804,0.833,26.645,52.502,870.443,1.2246467991473532e-16,-1.0,-0.9749279121818236,-0.2225209339563146,1,0,0
2026-03-07 12:40:00,1772887200,28.258,26.565,5.593,-0.41,1.0,29.762,56.539,933.619,1.2246467991473532e-16,-1.0,-0.9749279121818236,-0.2225209339563146,0,0,0
2026-03-07 12:40:00,1772887200,36.735,33.399,-0.867,2.0,0.167,25.866,51.653,891.801,1.2246467991473532e-16,-1.0,-0.9749279121818236,-0.2225209339563146,0,0,0
2026-03-07 12:50:00,1772887800,39.357,39.357,-1.796,0.0,0.0,27.686,46.555,950.407,1.2246467991473532e-16,-1.0,-0.9749279121818236,-0.2225209339563146,0,0,0
2026-03-07 12:50:00,1772887800,34.275,34.284,-2.46,1.917,0.333,27.933,64.57,1022.764,1.2246467991473532e-16,-1.0,-0.9749279121818236,-0.2225209339563146,0,0,0
2026-03-07 12:50:00,1772887800,24.686,25.364,-3.573,-0.387,1.167,25.075,48.988,946.41,1.2246467991473532e-16,-1.0,-0.9749279121818236,-0.2225209339563146,0,0,0
2026-03-07 13:00:00,1772888400,37.734,38.546,-1.623,-1.623,0.0,33.199,58.621,906.081,-0.2588190451025208,-0.9659258262890684,-0.9749279121818236,-0.2225209339563146,0,0,0
2026-03-07 13:00:00,1772888400,22.975,24.646,-1.711,0.103,1.333,27.556,64.668,892.511,-0.2588190451025208,-0.9659258262890684,-0.9749279121818236,-0.2225209339563146,1,0,0
2026-03-07 13:00:00,1772888400,32.856,35.367,-1.419,-1.582,0.5,27.118,61.304,837.324,-0.2588190451025208,-0.9659258262890684,-0.9749279121818236,-0.2225209339563146,0,0,0
2026-03-07 13:10:00,1772889000,21.001,24.23,-1.974,-2.419,1.5,26.495,54.797,835.862,-0.2588190451025208,-0.9659258262890684,-0.9749279121818236,-0.2225209339563146,1,0,0
2026-03-07 13:10:00,1772889000,36.82,37.97,-0.914,-1.269,0.0,28.547,56.443,976.005,-0.2588190451025208,-0.9659258262890684,-0.9749279121818236,-0.2225209339563146,0,0,0
2026-03-07 13:10:00,1772889000,29.623,33.372,-3.233,-2.37,0.667,29.803,49.756,808.946,-0.2588190451025208,-0.9659258262890684,-0.9749279121818236,-0.2225209339563146,1,0,0
2026-03-07 13:20:00,1772889600,34.073,36.996,-2.746,-1.761,0.167,26.687,59.056,902.385,-0.2588190451025208,-0.9659258262890684,-0.9749279121818236,-0.2225209339563146,0,0,0
2026-03-07 13:20:00,1772889600,17.985,21.662,-3.015,-2.233,1.667,28.521,53.538,888.415,-0.2588190451025208,-0.9659258262890684,-0.9749279121818236,-0.2225209339563146,1,0,0
2026-03-07 13:30:00,1772890200,32.039,35.167,-2.034,-1.898,0.333,29.591,51.395,785.543,-0.2588190451025208,-0.9659258262890684,-0.9749279121818236,-0.2225209339563146,0,0,0
2026-03-07 13:40:00,1772890800,30.155,33.272,-1.885,-2.222,0.5,27.72,50.361,863.563,-0.2588190451025208,-0.9659258262890684,-0.9749279121818236,-0.2225209339563146,0,0,0
2026-03-07 13:50:00,1772891400,27.659,30.982,-2.495,-2.138,0.667,29.184,62.681,882.341,-0.2588190451025208,-0.9659258262890684,-0.9749279121818236,-0.2225209339563146,1,0,0
2026-03-07 14:00:00,1772892000,25.233,28.771,-2.427,-2.269,0.833,23.447,50.418,835.276,-0.4999999999999997,-0.8660254037844388,-0.9749279121818236,-0.2225209339563146,1,0,0
2026-03-07 14:00:00,1772892000,49.61,49.61,-1.391,0.0,0.0,28.353,64.049,769.32,-0.4999999999999997,-0.8660254037844388,-0.9749279121818236,-0.2225209339563146,0,0,0
2026-03-07 14:10:00,1772892600,48.684,49.147,-0.926,-0.926,0.0,25.733,55.074,797.636,-0.4999999999999997,-0.8660254037844388,-0.9749279121818236,-0.2225209339563146,0,0,0
2026-03-07 14:10:00,1772892600,22.989,26.509,-2.244,-2.389,1.0,29.31,57.71,704.063,-0.4999999999999997,-0.8660254037844388,-0.9749279121818236,-0.2225209339563146,1,0,0
2026-03-07 14:20:00,1772893200,20.861,24.185,-2.127,-2.266,1.167,28.623,55.087,821.679,-0.4999999999999997,-0.8660254037844388,-0.9749279121818236,-0.2225209339563146,1,0,0
2026-03-07 14:20:00,1772893200,47.123,48.472,-1.561,-1.244,0.0,25.937,57.848,702.801,-0.4999999999999997,-0.8660254037844388,-0.9749279121818236,-0.2225209339563146,0,0,0
2026-03-07 14:30:00,1772893800,44.822,47.56,-2.3,-1.596,0.0,24.068,62.353,898.42,-0.4999999999999997,-0.8660254037844388,-0.9749279121818236,-0.2225209339563146,0,0,0
2026-03-07 14:30:00,1772893800,19.437,22.13,-1.425,-1.932,1.333,29.879,62.572,822.946,-0.4999999999999997,-0.8660254037844388,-0.9749279121818236,-0.2225209339563146,1,0,0
2026-03-07 14:40:00,1772894400,15.881,19.792,-3.555,-2.369,1.5,26.697,47.374,818.335,-0.4999999999999997,-0.8660254037844388,-0.9749279121818236,-0.2225209339563146,1,0,0
2026-03-07 14:40:00,1772894400,43.504,46.033,-1.318,-1.727,0.0,27.604,57.593,723.482,-0.4999999999999997,-0.8660254037844388,-0.9749279121818236,-0.2225209339563146,0,0,0
2026-03-07 14:50:00,1772895000,42.013,44.365,-1.491,-1.703,0.0,25.424,58.939,818.274,-0.4999999999999997,-0.8660254037844388,-0.9749279121818236,-0.2225209339563146,0,0,0
2026-03-07 15:00:00,1772895600,38.562,42.225,-3.451,-2.087,0.0,28.018,66.077,643.589,-0.7071067811865471,-0.7071067811865479,-0.9749279121818236,-0.2225209339563146,0,0,0
2026-03-07 15:10:00,1772896200,37.126,40.301,-1.435,-2.126,0.0,25.647,53.218,748.137,-0.7071067811865471,-0.7071067811865479,-0.9749279121818236,-0.2225209339563146,0,0,0
2026-03-07 15:20:00,1772896800,34.642,38.086,-2.484,-2.457,0.167,26.084,62.85,668.556,-0.7071067811865471,-0.7071067811865479,-0.9749279121818236,-0.2225209339563146,0,0,0
2026-03-07 15:30:00,1772897400,31.235,35.391,-3.407,-2.442,0.333,28.177,70.709,687.965,-0.7071067811865471,-0.7071067811865479,-0.9749279121818236,-0.2225209339563146,0,0,0
2026-03-07 15:40:00,1772898000,28.458,32.865,-2.777,-2.889,0.5,28.202,54.579,604.983,-0.7071067811865471,-0.7071067811865479,-0.9749279121818236,-0.2225209339563146,1,0,0
2026-03-07 15:50:00,1772898600,26.394,30.182,-2.064,-2.749,0.667,26.81,61.691,675.707,-0.7071067811865471,-0.7071067811865479,-0.9749279121818236,-0.2225209339563146,1,0,0
2026-03-08 08:20:00,1772958000,62.537,62.537,-2.246,0.0,0.0,22.624,63.435,668.52,0.8660254037844387,-0.4999999999999998,-0.7818314824680299,0.6234898018587334,0,0,0
2026-03-08 08:30:00,1772958600,61.111,61.824,-1.426,-1.426,0.0,21.321,77.129,495.638,0.8660254037844387,-0.4999999999999998,-0.7818314824680299,0.6234898018587334,0,0,0
2026-03-08 08:40:00,1772959200,58.58,60.742,-2.531,-1.979,0.0,27.929,68.632,572.833,0.8660254037844387,-0.4999999999999998,-0.7818314824680299,0.6234898018587334,0,0,0
2026-03-08 08:50:00,1772959800,56.576,59.701,-2.004,-1.987,0.0,26.103,54.824,373.304,0.8660254037844387,-0.4999999999999998,-0.7818314824680299,0.6234898018587334,0,0,0
2026-03-08 09:00:00,1772960400,55.63,57.974,-0.946,-1.827,0.0,25.642,66.867,712.191,0.7071067811865476,-0.7071067811865475,-0.7818314824680299,0.6234898018587334,0,0,0
2026-03-08 09:10:00,1772961000,55.229,56.503,-0.401,-1.117,0.0,29.563,55.257,594.983,0.7071067811865476,-0.7071067811865475,-0.7818314824680299,0.6234898018587334,0,0,0
2026-03-08 09:20:00,1772961600,53.069,55.126,-2.16,-1.169,0.0,28.228,43.857,716.927,0.7071067811865476,-0.7071067811865475,-0.7818314824680299,0.6234898018587334,0,0,0
2026-03-08 09:30:00,1772962200,49.584,53.378,-3.484,-2.015,0.0,23.725,57.803,745.756,0.7071067811865476,-0.7071067811865475,-0.7818314824680299,0.6234898018587334,0,0,0
2026-03-08 09:40:00,1772962800,47.619,51.375,-1.965,-2.536,0.0,28.425,65.186,549.208,0.7071067811865476,-0.7071067811865475,-0.7818314824680299,0.6234898018587334,0,0,0
2026-03-08 09:50:00,1772963400,46.444,49.179,-1.175,-2.208,0.0,26.648,53.536,665.844,0.7071067811865476,-0.7071067811865475,-0.7818314824680299,0.6234898018587334,0,0,0
2026-03-08 10:00:00,1772964000,44.952,47.15,-1.492,-1.544,0.0,27.35,55.355,688.026,0.4999999999999999,-0.8660254037844387,-0.7818314824680299,0.6234898018587334,0,0,0
2026-03-08 10:10:00,1772964600,43.218,45.558,-1.734,-1.467,0.0,27.915,57.576,948.12,0.4999999999999999,-0.8660254037844387,-0.7818314824680299,0.6234898018587334,0,0,0
2026-03-08 10:40:00,1772966400,58.738,58.738,-0.475,0.0,0.0,26.175,55.314,728.546,0.4999999999999999,-0.8660254037844387,-0.7818314824680299,0.6234898018587334,0,0,0
2026-03-08 10:50:00,1772967000,57.334,58.036,-1.404,-1.404,0.0,25.797,62.112,755.946,0.4999999999999999,-0.8660254037844387,-0.7818314824680299,0.6234898018587334,0,0,0
2026-03-08 11:00:00,1772967600,55.623,57.231,-1.711,-1.558,0.0,26.236,63.22,769.732,0.258819045102521,-0.9659258262890682,-0.7818314824680299,0.6234898018587334,0,0,0
2026-03-08 11:10:00,1772968200,52.431,56.031,-3.191,-2.102,0.0,32.41,54.434,1031.855,0.258819045102521,-0.9659258262890682,-0.7818314824680299,0.6234898018587334,0,0,0
2026-03-08 11:20:00,1772968800,48.407,53.449,-4.024,-2.975,0.0,25.521,47.161,881.115,0.258819045102521,-0.9659258262890682,-0.7818314824680299,0.6234898018587334,0,0,0
2026-03-08 11:30:00,1772969400,46.664,50.781,-1.743,-2.986,0.0,32.393,50.961,791.739,0.258819045102521,-0.9659258262890682,-0.7818314824680299,0.6234898018587334,0,0,0
2026-03-08 11:40:00,1772970000,43.167,47.667,-3.497,-3.088,0.0,31.061,61.623,791.404,0.258819045102521,-0.9659258262890682,-0.7818314824680299,0.6234898018587334,0,0,0
2026-03-08 11:50:00,1772970600,40.218,44.614,-2.949,-2.73,0.0,28.252,55.152,837.631,0.258819045102521,-0.9659258262890682,-0.7818314824680299,0.6234898018587334,0,0,0
2026-03-08 12:00:00,1772971200,36.976,41.756,-3.242,-3.229,0.0,30.207,52.956,889.338,1.2246467991473532e-16,-1.0,-0.7818314824680299,0.6234898018587334,0,0,0
2026-03-08 12:10:00,1772971800,34.316,38.669,-2.66,-2.95,0.167,31.618,48.301,887.296,1.2246467991473532e-16,-1.0,-0.7818314824680299,0.6234898018587334,1,0,0
2026-03-08 12:20:00,1772972400,31.589,35.775,-2.728,-2.877,0.333,27.335,52.241,947.137,1.2246467991473532e-16,-1.0,-0.7818314824680299,0.6234898018587334,1,0,0
2026-03-08 12:30:00,1772973000,29.044,32.981,-2.545,-2.644,0.5,29.715,64.864,953.2,1.2246467991473532e-16,-1.0,-0.7818314824680299,0.6234898018587334,0,0,0
2026-03-08 17:20:00,1772990400,38.697,38.697,-1.667,0.0,0.0,22.078,68.911,323.311,-0.9659258262890684,-0.2588190451025206,-0.7818314824680299,0.6234898018587334,0,0,0
2026-03-08 17:30:00,1772991000,37.733,38.215,-0.964,-0.964,0.0,19.895,65.048,154.887,-0.9659258262890684,-0.2588190451025206,-0.7818314824680299,0.6234898018587334,0,0,0
2026-03-08 17:40:00,1772991600,36.501,37.644,-1.232,-1.098,0.0,20.205,69.08,377.416,-0.9659258262890684,-0.2588190451025206,-0.7818314824680299,0.6234898018587334,0,0,0
2026-03-08 17:50:00,1772992200,36.263,37.298,-0.239,-0.811,0.0,23.368,65.645,312.969,-0.9659258262890684,-0.2588190451025206,-0.7818314824680299,0.6234898018587334,0,0,0
2026-03-08 18:00:00,1772992800,36.298,36.699,0.035,-0.478,0.0,24.995,73.115,80.444,-1.0,-1.8369701987210294e-16,-0.7818314824680299,0.6234898018587334,0,0,0
2026-03-08 18:10:00,1772993400,34.945,36.002,-1.353,-0.519,0.167,19.686,71.148,120.654,-1.0,-1.8369701987210294e-16,-0.7818314824680299,0.6234898018587334,0,0,0
2026-03-08 18:20:00,1772994000,34.423,35.482,-0.522,-0.613,0.333,21.131,77.426,20.392,-1.0,-1.8369701987210294e-16,-0.7818314824680299,0.6234898018587334,0,0,0
2026-03-08 18:30:00,1772994600,32.229,34.474,-2.194,-1.356,0.5,19.183,76.678,111.778,-1.0,-1.8369701987210294e-16,-0.7818314824680299,0.6234898018587334,0,0,0
2026-03-08 18:40:00,1772995200,32.216,33.453,-0.013,-0.91,0.667,16.81,78.819,20.0,-1.0,-1.8369701987210294e-16,-0.7818314824680299,0.6234898018587334,0,0,0
2026-03-08 18:50:00,1772995800,33.423,33.073,1.207,-0.333,0.833,13.871,69.283,20.0,-1.0,-1.8369701987210294e-16,-0.7818314824680299,0.6234898018587334,0,0,0
2026-03-08 19:00:00,1772996400,32.401,32.567,-1.023,0.057,1.0,20.73,64.195,40.83,-0.9659258262890684,0.2588190451025203,-0.7818314824680299,0.6234898018587334,0,0,0
2026-03-08 19:10:00,1772997000,32.1,32.535,-0.3,-0.038,1.167,21.382,73.723,73.973,-0.9659258262890684,0.2588190451025203,-0.7818314824680299,0.6234898018587334,0,0,0
2026-03-09 14:10:00,1773065400,66.341,66.341,-0.98,0.0,0.0,27.186,60.928,847.79,-0.4999999999999997,-0.8660254037844388,0.0,1.0,0,0,0
2026-03-09 14:20:00,1773066000,65.027,65.684,-1.314,-1.314,0.0,26.331,56.312,697.381,-0.4999999999999997,-0.8660254037844388,0.0,1.0,0,0,0
2026-03-09 14:30:00,1773066600,62.847,64.738,-2.18,-1.747,0.0,26.821,51.809,895.985,-0.4999999999999997,-0.8660254037844388,0.0,1.0,0,0,0
2026-03-09 14:40:00,1773067200,60.358,63.643,-2.488,-1.994,0.0,28.891,51.204,862.628,-0.4999999999999997,-0.8660254037844388,0.0,1.0,0,0,0
2026-03-09 14:50:00,1773067800,58.37,61.65,-1.988,-2.219,0.0,26.446,53.964,829.029,-0.4999999999999997,-0.8660254037844388,0.0,1.0,0,0,0
2026-03-09 15:00:00,1773068400,56.964,59.635,-1.406,-1.961,0.0,27.59,51.706,668.452,-0.7071067811865471,-0.7071067811865479,0.0,1.0,0,0,0
2026-03-09 15:10:00,1773069000,54.858,57.637,-2.106,-1.834,0.0,24.306,63.893,668.218,-0.7071067811865471,-0.7071067811865479,0.0,1.0,0,0,0
2026-03-09 15:20:00,1773069600,52.734,55.731,-2.124,-1.879,0.0,21.624,58.512,608.252,-0.7071067811865471,-0.7071067811865479,0.0,1.0,0,0,0
2026-03-09 15:30:00,1773070200,51.828,54.096,-0.905,-1.712,0.0,29.072,59.74,759.093,-0.7071067811865471,-0.7071067811865479,0.0,1.0,0,0,0
2026-03-09 15:40:00,1773070800,49.871,52.323,-1.957,-1.662,0.0,21.514,67.405,654.223,-0.7071067811865471,-0.7071067811865479,0.0,1.0,0,0,0
2026-03-09 15:50:00,1773071400,50.278,51.178,0.407,-0.818,0.0,23.412,60.832,718.617,-0.7071067811865471,-0.7071067811865479,0.0,1.0,0,0,0
2026-03-09 16:00:00,1773072000,49.14,50.279,-1.139,-0.896,0.0,22.076,63.501,469.11,-0.8660254037844385,-0.5000000000000004,0.0,1.0,0,0,0
2026-03-09 17:20:00,1773076800,72.347,72.347,-0.405,0.0,0.0,22.484,67.574,246.783,-0.9659258262890684,-0.2588190451025206,0.0,1.0,0,0,0
2026-03-09 17:30:00,1773077400,72.364,72.355,0.016,0.016,0.0,23.593,55.62,313.466,-0.9659258262890684,-0.2588190451025206,0.0,1.0,0,0,0
2026-03-09 17:40:00,1773078000,71.543,72.085,-0.82,-0.402,0.0,18.89,63.187,375.445,-0.9659258262890684,-0.2588190451025206,0.0,1.0,0,0,0
2026-03-09 17:40:00,1773078000,35.613,35.613,-1.857,0.0,0.0,26.121,58.718,319.209,-0.9659258262890684,-0.2588190451025206,0.0,1.0,0,0,0
2026-03-09 17:50:00,1773078600,71.126,71.845,-0.417,-0.407,0.0,23.498,58.515,319.811,-0.9659258262890684,-0.2588190451025206,0.0,1.0,0,0,0
2026-03-09 17:50:00,1773078600,33.765,34.689,-1.848,-1.848,0.167,24.925,73.785,458.278,-0.9659258262890684,-0.2588190451025206,0.0,1.0,0,0,0
2026-03-09 18:00:00,1773079200,68.426,70.865,-2.7,-1.312,0.0,16.058,74.515,65.735,-1.0,-1.8369701987210294e-16,0.0,1.0,0,0,0
2026-03-09 18:00:00,1773079200,32.911,34.096,-0.854,-1.351,0.333,17.433,79.464,22.001,-1.0,-1.8369701987210294e-16,0.0,1.0,0,0,0
2026-03-09 18:10:00,1773079800,68.593,69.922,0.167,-0.983,0.0,19.107,71.404,20.0,-1.0,-1.8369701987210294e-16,0.0,1.0,0,0,0
2026-03-09 18:10:00,1773079800,31.375,33.416,-1.536,-1.413,0.5,15.673,72.263,134.207,-1.0,-1.8369701987210294e-16,0.0,1.0,0,0,0
2026-03-09 18:20:00,1773080400,30.893,32.236,-0.482,-0.957,0.667,17.724,73.128,38.951,-1.0,-1.8369701987210294e-16,0.0,1.0,0,0,0
2026-03-09 18:20:00,1773080400,68.254,69.1,-0.34,-0.958,0.0,17.987,78.364,31.41,-1.0,-1.8369701987210294e-16,0.0,1.0,0,0,0
2026-03-09 18:30:00,1773081000,66.077,67.837,-2.177,-0.783,0.0,15.866,73.942,63.449,-1.0,-1.8369701987210294e-16,0.0,1.0,0,0,0
2026-03-09 18:30:00,1773081000,30.069,31.312,-0.824,-0.947,0.833,17.263,75.408,105.948,-1.0,-1.8369701987210294e-16,0.0,1.0,0,0,0
2026-03-09 18:40:00,1773081600,79.548,70.618,13.471,3.652,0.0,23.774,66.499,89.004,-1.0,-1.8369701987210294e-16,0.0,1.0,0,0,1
2026-03-09 18:40:00,1773081600,29.359,30.424,-0.71,-0.672,1.0,18.517,81.353,24.367,-1.0,-1.8369701987210294e-16,0.0,1.0,0,0,0
2026-03-09 18:50:00,1773082200,79.005,73.221,-0.543,3.584,0.0,19.448,72.01,31.265,-1.0,-1.8369701987210294e-16,0.0,1.0,0,0,0
2026-03-09 18:50:00,1773082200,28.216,29.634,-1.143,-0.892,1.167,18.056,73.419,144.317,-1.0,-1.8369701987210294e-16,0.0,1.0,0,0,0
2026-03-09 19:00:00,1773082800,27.198,28.711,-1.017,-0.957,1.333,21.796,66.754,38.647,-0.9659258262890684,0.2588190451025203,0.0,1.0,0,0,0
2026-03-09 19:00:00,1773082800,78.596,75.807,-0.409,4.173,0.0,15.804,72.676,73.748,-0.9659258262890684,0.2588190451025203,0.0,1.0,0,0,0
2026-03-09 19:10:00,1773083400,26.5,27.818,-0.698,-0.953,1.5,23.543,70.654,91.772,-0.9659258262890684,0.2588190451025203,0.0,1.0,1,0,0
2026-03-09 19:10:00,1773083400,77.168,78.579,-1.428,-0.793,0.0,20.977,73.823,20.0,-0.9659258262890684,0.2588190451025203,0.0,1.0,0,0,0
2026-03-09 19:20:00,1773084000,33.154,28.767,6.654,1.646,1.667,15.724,68.022,20.0,-0.9659258262890684,0.2588190451025203,0.0,1.0,0,0,1
2026-03-09 19:30:00,1773084600,32.577,29.857,-0.577,1.793,1.833,23.029,77.227,116.869,-0.9659258262890684,0.2588190451025203,0.0,1.0,0,0,0
2026-03-10 07:40:00,1773128400,51.637,51.637,-0.899,0.0,0.0,22.617,79.103,291.801,0.9659258262890684,-0.2588190451025206,0.7818314824680298,0.6234898018587336,0,0,0
2026-03-10 07:50:00,1773129000,50.126,50.882,-1.511,-1.511,0.0,21.331,64.177,256.066,0.9659258262890684,-0.2588190451025206,0.7818314824680298,0.6234898018587336,0,0,0
2026-03-10 08:00:00,1773129600,48.417,50.06,-1.71,-1.61,0.0,20.206,58.909,576.831,0.8660254037844387,-0.4999999999999998,0.7818314824680298,0.6234898018587336,0,0,0
2026-03-10 08:10:00,1773130200,45.958,49.035,-2.458,-1.893,0.0,28.904,60.672,585.015,0.8660254037844387,-0.4999999999999998,0.7818314824680298,0.6234898018587336,0,0,0
2026-03-10 08:20:00,1773130800,42.401,46.726,-3.557,-2.575,0.0,23.218,60.925,457.245,0.8660254037844387,-0.4999999999999998,0.7818314824680298,0.6234898018587336,0,0,0
2026-03-10 08:30:00,1773131400,39.637,44.103,-2.763,-2.926,0.0,26.042,63.027,492.235,0.8660254037844387,-0.4999999999999998,0.7818314824680298,0.6234898018587336,0,0,0
2026-03-10 08:40:00,1773132000,38.286,41.571,-1.352,-2.558,0.0,21.078,66.178,358.624,0.8660254037844387,-0.4999999999999998,0.7818314824680298,0.6234898018587336,0,0,0
2026-03-10 08:50:00,1773132600,37.708,39.508,-0.578,-1.564,0.0,23.015,60.622,367.318,0.8660254037844387,-0.4999999999999998,0.7818314824680298,0.6234898018587336,0,0,0
2026-03-10 09:00:00,1773133200,36.478,38.027,-1.23,-1.053,0.0,28.447,57.432,725.998,0.7071067811865476,-0.7071067811865475,0.7818314824680298,0.6234898018587336,0,0,0
2026-03-10 09:10:00,1773133800,34.785,36.814,-1.693,-1.167,0.167,26.869,51.748,605.379,0.7071067811865476,-0.7071067811865475,0.7818314824680298,0.6234898018587336,0,0,0
2026-03-10 09:20:00,1773134400,33.206,35.544,-1.579,-1.501,0.333,25.245,59.552,756.07,0.7071067811865476,-0.7071067811865475,0.7818314824680298,0.6234898018587336,0,0,0
2026-03-10 09:30:00,1773135000,30.922,33.848,-2.284,-1.852,0.5,26.313,59.126,631.606,0.7071067811865476,-0.7071067811865475,0.7818314824680298,0.6234898018587336,0,0,0
2026-03-10 10:10:00,1773137400,58.252,58.252,-1.846,0.0,0.0,29.554,62.459,807.716,0.4999999999999999,-0.8660254037844387,0.7818314824680298,0.6234898018587336,0,0,0
2026-03-10 10:20:00,1773138000,58.599,58.425,0.348,0.348,0.0,30.04,59.124,789.07,0.4999999999999999,-0.8660254037844387,0.7818314824680298,0.6234898018587336,0,0,0
2026-03-10 10:30:00,1773138600,58.1,58.317,-0.499,-0.076,0.0,27.632,58.398,767.867,0.4999999999999999,-0.8660254037844387,0.7818314824680298,0.6234898018587336,0,0,0
2026-03-10 10:40:00,1773139200,55.066,57.504,-3.034,-1.062,0.0,29.119,59.935,879.466,0.4999999999999999,-0.8660254037844387,0.7818314824680298,0.6234898018587336,0,0,0
2026-03-10 10:50:00,1773139800,53.004,56.192,-2.063,-1.865,0.0,27.993,57.433,902.174,0.4999999999999999,-0.8660254037844387,0.7818314824680298,0.6234898018587336,0,0,0
2026-03-10 11:00:00,1773140400,49.792,53.99,-3.212,-2.769,0.0,27.756,50.371,945.892,0.258819045102521,-0.9659258262890682,0.7818314824680298,0.6234898018587336,0,0,0
2026-03-10 11:10:00,1773141000,47.942,51.451,-1.85,-2.375,0.0,27.639,55.69,916.586,0.258819045102521,-0.9659258262890682,0.7818314824680298,0.6234898018587336,0,0,0
2026-03-10 11:20:00,1773141600,46.05,49.197,-1.892,-2.318,0.0,27.158,52.446,1003.633,0.258819045102521,-0.9659258262890682,0.7818314824680298,0.6234898018587336,0,0,0
2026-03-10 11:20:00,1773141600,56.836,56.836,-0.262,0.0,0.0,26.596,56.358,896.036,0.258819045102521,-0.9659258262890682,0.7818314824680298,0.6234898018587336,0,0,0
2026-03-10 11:30:00,1773142200,44.371,47.039,-1.679,-1.807,0.0,29.655,45.926,845.7,0.258819045102521,-0.9659258262890682,0.7818314824680298,0.6234898018587336,0,0,0
2026-03-10 11:30:00,1773142200,54.82,55.828,-2.016,-2.016,0.0,27.742,54.734,938.401,0.258819045102521,-0.9659258262890682,0.7818314824680298,0.6234898018587336,0,0,0
2026-03-10 11:40:00,1773142800,53.71,55.122,-1.11,-1.563,0.0,27.116,50.089,924.497,0.258819045102521,-0.9659258262890682,0.7818314824680298,0.6234898018587336,0,0,0
2026-03-10 11:40:00,1773142800,41.809,45.043,-2.562,-2.044,0.0,28.277,60.209,875.175,0.258819045102521,-0.9659258262890682,0.7818314824680298,0.6234898018587336,0,0,0
2026-03-10 11:50:00,1773143400,39.848,43.019,-1.961,-2.067,0.0,26.738,50.617,854.057,0.258819045102521,-0.9659258262890682,0.7818314824680298,0.6234898018587336,0,0,0
2026-03-10 11:50:00,1773143400,52.51,54.469,-1.2,-1.442,0.0,30.373,45.433,885.07,0.258819045102521,-0.9659258262890682,0.7818314824680298,0.6234898018587336,0,0,0
2026-03-10 12:00:00,1773144000,37.948,40.994,-1.9,-2.141,0.0,25.458,48.586,917.112,1.2246467991473532e-16,-1.0,0.7818314824680298,0.6234898018587336,0,0,0
2026-03-10 12:00:00,1773144000,51.648,53.172,-0.862,-1.057,0.0,26.824,49.385,944.807,1.2246467991473532e-16,-1.0,0.7818314824680298,0.6234898018587336,0,0,0
2026-03-10 12:10:00,1773144600,51.076,52.236,-0.572,-0.878,0.0,28.671,54.285,914.514,1.2246467991473532e-16,-1.0,0.7818314824680298,0.6234898018587336,0,0,0
2026-03-10 12:20:00,1773145200,48.768,51.001,-2.307,-1.247,0.0,26.546,42.22,956.399,1.2246467991473532e-16,-1.0,0.7818314824680298,0.6234898018587336,0,0,0
2026-03-10 12:30:00,1773145800,46.851,49.586,-1.917,-1.599,0.0,29.582,59.993,884.077,1.2246467991473532e-16,-1.0,0.7818314824680298,0.6234898018587336,0,0,0
2026-03-10 12:40:00,1773146400,45.239,47.984,-1.611,-1.945,0.0,26.568,58.535,809.859,1.2246467991473532e-16,-1.0,0.7818314824680298,0.6234898018587336,0,0,0
2026-03-10 12:50:00,1773147000,44.265,46.281,-0.975,-1.501,0.0,32.384,51.847,939.321,1.2246467991473532e-16,-1.0,0.7818314824680298,0.6234898018587336,0,0,0
2026-03-10 13:00:00,1773147600,42.255,44.652,-2.01,-1.532,0.0,25.243,55.537,1019.631,-0.2588190451025208,-0.9659258262890684,0.7818314824680298,0.6234898018587336,0,0,0
2026-03-10 13:10:00,1773148200,39.877,42.909,-2.377,-1.787,0.0,28.451,60.715,986.603,-0.2588190451025208,-0.9659258262890684,0.7818314824680298,0.6234898018587336,0,0,0
2026-03-10 17:00:00,1773162000,47.228,47.228,-0.009,0.0,0.0,24.293,69.74,264.264,-0.9659258262890684,-0.2588190451025206,0.7818314824680298,0.6234898018587336,0,0,0
2026-03-10 17:10:00,1773162600,46.42,46.824,-0.809,-0.809,0.0,19.456,67.401,305.693,-0.9659258262890684,-0.2588190451025206,0.7818314824680298,0.6234898018587336,0,0,0
2026-03-10 17:20:00,1773163200,45.957,46.535,-0.463,-0.636,0.0,20.683,69.409,262.229,-0.9659258262890684,-0.2588190451025206,0.7818314824680298,0.6234898018587336,0,0,0
2026-03-10 17:30:00,1773163800,56.71,56.71,-1.359,0.0,0.0,24.116,70.855,251.396,-0.9659258262890684,-0.2588190451025206,0.7818314824680298,0.6234898018587336,0,0,0
2026-03-10 17:30:00,1773163800,44.519,46.031,-1.438,-0.903,0.0,20.965,52.993,332.817,-0.9659258262890684,-0.2588190451025206,0.7818314824680298,0.6234898018587336,0,0,0
2026-03-10 17:40:00,1773164400,56.723,56.717,0.013,0.013,0.0,20.099,68.78,156.73,-0.9659258262890684,-0.2588190451025206,0.7818314824680298,0.6234898018587336,0,0,0
2026-03-10 17:40:00,1773164400,56.321,56.321,-1.188,0.0,0.0,18.247,64.241,300.861,-0.9659258262890684,-0.2588190451025206,0.7818314824680298,0.6234898018587336,0,0,0
2026-03-10 17:40:00,1773164400,43.069,44.991,-1.45,-1.117,0.0,21.555,75.268,182.27,-0.9659258262890684,-0.2588190451025206,0.7818314824680298,0.6234898018587336,0,0,0
2026-03-10 17:50:00,1773165000,42.026,43.893,-1.042,-1.31,0.0,24.584,66.925,208.715,-0.9659258262890684,-0.2588190451025206,0.7818314824680298,0.6234898018587336,0,0,0
2026-03-10 17:50:00,1773165000,55.24,56.225,-1.483,-0.735,0.0,23.065,64.9,402.073,-0.9659258262890684,-0.2588190451025206,0.7818314824680298,0.6234898018587336,0,0,0
2026-03-10 17:50:00,1773165000,54.329,55.325,-1.992,-1.992,0.0,24.18,71.402,305.245,-0.9659258262890684,-0.2588190451025206,0.7818314824680298,0.6234898018587336,0,0,0
2026-03-10 18:00:00,1773165600,41.699,42.828,-0.328,-0.94,0.0,17.249,68.764,126.303,-1.0,-1.8369701987210294e-16,0.7818314824680298,0.6234898018587336,0,0,0
2026-03-10 18:00:00,1773165600,54.434,55.777,-0.806,-0.759,0.0,22.063,66.456,48.596,-1.0,-1.8369701987210294e-16,0.7818314824680298,0.6234898018587336,0,0,0
2026-03-10 18:00:00,1773165600,53.435,54.695,-0.894,-1.443,0.0,17.388,76.244,124.821,-1.0,-1.8369701987210294e-16,0.7818314824680298,0.6234898018587336,0,0,0
2026-03-10 18:10:00,1773166200,42.268,42.265,0.569,-0.267,0.0,18.894,64.599,20.0,-1.0,-1.8369701987210294e-16,0.7818314824680298,0.6234898018587336,0,0,0
2026-03-10 18:10:00,1773166200,52.64,54.181,-0.795,-1.227,0.0,19.434,70.862,111.864,-1.0,-1.8369701987210294e-16,0.7818314824680298,0.6234898018587336,0,0,0
2026-03-10 18:10:00,1773166200,54.213,55.153,-0.221,-0.837,0.0,17.922,71.62,58.059,-1.0,-1.8369701987210294e-16,0.7818314824680298,0.6234898018587336,0,0,0
2026-03-10 18:10:00,1773166200,65.138,65.138,-1.345,0.0,0.0,17.135,75.695,81.022,-1.0,-1.8369701987210294e-16,0.7818314824680298,0.6234898018587336,0,0,0
2026-03-10 18:20:00,1773166800,64.144,64.641,-0.994,-0.994,0.0,19.775,59.483,134.083,-1.0,-1.8369701987210294e-16,0.7818314824680298,0.6234898018587336,0,0,0
2026-03-10 18:20:00,1773166800,52.16,53.141,-0.48,-0.723,0.0,18.913,72.832,122.709,-1.0,-1.8369701987210294e-16,0.7818314824680298,0.6234898018587336,0,0,0
2026-03-10 18:20:00,1773166800,54.03,54.48,-0.183,-0.403,0.0,21.301,73.996,20.0,-1.0,-1.8369701987210294e-16,0.7818314824680298,0.6234898018587336,0,0,0
2026-03-10 18:20:00,1773166800,40.665,41.664,-1.603,-0.454,0.0,17.603,62.553,20.0,-1.0,-1.8369701987210294e-16,0.7818314824680298,0.6234898018587336,0,0,0
2026-03-10 18:30:00,1773167400,50.425,52.165,-1.735,-1.003,0.0,14.58,74.824,20.0,-1.0,-1.8369701987210294e-16,0.7818314824680298,0.6234898018587336,0,0,0
2026-03-10 18:30:00,1773167400,65.838,57.129,11.808,3.801,0.0,21.23,68.38,232.592,-1.0,-1.8369701987210294e-16,0.7818314824680298,0.6234898018587336,0,0,1
2026-03-10 18:30:00,1773167400,39.528,41.04,-1.136,-0.723,0.0,20.453,71.54,236.225,-1.0,-1.8369701987210294e-16,0.7818314824680298,0.6234898018587336,0,0,0
2026-03-10 18:30:00,1773167400,61.023,63.435,-3.121,-2.057,0.0,19.321,62.952,56.228,-1.0,-1.8369701987210294e-16,0.7818314824680298,0.6234898018587336,0,0,0
2026-03-10 18:40:00,1773168000,64.915,59.749,-0.923,3.567,0.0,18.428,74.725,20.0,-1.0,-1.8369701987210294e-16,0.7818314824680298,0.6234898018587336,0,0,0
2026-03-10 18:40:00,1773168000,39.898,40.59,0.369,-0.79,0.0,18.623,82.578,224.184,-1.0,-1.8369701987210294e-16,0.7818314824680298,0.6234898018587336,0,0,0
2026-03-10 18:40:00,1773168000,58.629,62.234,-2.394,-2.17,0.0,12.55,67.782,99.757,-1.0,-1.8369701987210294e-16,0.7818314824680298,0.6234898018587336,0,0,0
2026-03-10 18:40:00,1773168000,49.591,51.204,-0.834,-1.016,0.0,20.205,65.98,105.969,-1.0,-1.8369701987210294e-16,0.7818314824680298,0.6234898018587336,0,0,0
2026-03-10 18:50:00,1773168600,39.126,39.804,-0.772,-0.513,0.0,17.662,71.601,33.383,-1.0,-1.8369701987210294e-16,0.7818314824680298,0.6234898018587336,0,0,0
2026-03-10 18:50:00,1773168600,58.426,60.556,-0.203,-1.906,0.0,18.566,71.462,217.053,-1.0,-1.8369701987210294e-16,0.7818314824680298,0.6234898018587336,0,0,0
2026-03-10 18:50:00,1773168600,63.091,61.969,-1.824,3.02,0.0,23.224,73.626,20.0,-1.0,-1.8369701987210294e-16,0.7818314824680298,0.6234898018587336,0,0,0
2026-03-10 18:50:00,1773168600,47.944,50.03,-1.648,-1.406,0.0,20.975,73.687,200.002,-1.0,-1.8369701987210294e-16,0.7818314824680298,0.6234898018587336,0,0,0
2026-03-10 19:00:00,1773169200,57.725,58.951,-0.702,-1.1,0.0,20.853,74.359,64.951,-0.9659258262890684,0.2588190451025203,0.7818314824680298,0.6234898018587336,0,0,0
2026-03-10 19:00:00,1773169200,64.24,64.521,1.149,-0.533,0.0,20.241,58.065,233.243,-0.9659258262890684,0.2588190451025203,0.7818314824680298,0.6234898018587336,0,0,0
2026-03-10 19:00:00,1773169200,47.03,48.748,-0.913,-1.132,0.0,20.121,68.836,68.939,-0.9659258262890684,0.2588190451025203,0.7818314824680298,0.6234898018587336,0,0,0
2026-03-10 19:10:00,1773169800,45.191,47.439,-1.84,-1.467,0.0,19.987,69.104,97.239,-0.9659258262890684,0.2588190451025203,0.7818314824680298,0.6234898018587336,0,0,0
2026-03-10 19:10:00,1773169800,57.779,58.14,0.054,-0.283,0.0,20.834,70.318,55.775,-0.9659258262890684,0.2588190451025203,0.7818314824680298,0.6234898018587336,0,0,0
2026-03-10 19:10:00,1773169800,63.597,63.96,-0.643,-0.44,0.0,16.733,68.3,65.579,-0.9659258262890684,0.2588190451025203,0.7818314824680298,0.6234898018587336,0,0,0
2026-03-10 19:20:00,1773170400,61.495,63.106,-2.101,-0.532,0.0,21.295,67.784,73.683,-0.9659258262890684,0.2588190451025203,0.7818314824680298,0.6234898018587336,0,0,0
2026-03-10 19:20:00,1773170400,57.33,57.815,-0.449,-0.365,0.0,19.944,67.157,180.365,-0.9659258262890684,0.2588190451025203,0.7818314824680298,0.6234898018587336,0,0,0
2026-03-10 19:20:00,1773170400,43.755,45.98,-1.436,-1.396,0.0,19.895,65.38,254.248,-0.9659258262890684,0.2588190451025203,0.7818314824680298,0.6234898018587336,0,0,0
2026-03-10 19:30:00,1773171000,43.146,44.781,-0.609,-1.295,0.0,16.574,71.378,173.878,-0.9659258262890684,0.2588190451025203,0.7818314824680298,0.6234898018587336,0,0,0
2026-03-10 19:30:00,1773171000,57.227,57.515,-0.103,-0.166,0.0,18.027,71.335,82.34,-0.9659258262890684,0.2588190451025203,0.7818314824680298,0.6234898018587336,0,0,0
2026-03-10 19:40:00,1773171600,56.646,57.246,-0.581,-0.378,0.0,16.864,73.354,20.0,-0.9659258262890684,0.2588190451025203,0.7818314824680298,0.6234898018587336,0,0,0
2026-03-10 19:50:00,1773172200,55.156,56.59,-1.49,-0.725,0.0,20.627,68.872,191.392,-0.9659258262890684,0.2588190451025203,0.7818314824680298,0.6234898018587336,0,0,0
2026-03-10 20:00:00,1773172800,54.192,55.805,-0.964,-1.012,0.0,21.512,76.923,56.77,-0.8660254037844386,0.5000000000000001,0.7818314824680298,0.6234898018587336,0,0,0
2026-03-11 15:10:00,1773241800,46.422,46.422,-1.094,0.0,0.0,27.549,65.616,694.062,-0.7071067811865471,-0.7071067811865479,0.9749279121818236,-0.2225209339563143,0,0,0
2026-03-11 15:20:00,1773242400,43.399,44.91,-3.023,-3.023,0.0,26.362,55.194,715.652,-0.7071067811865471,-0.7071067811865479,0.9749279121818236,-0.2225209339563143,0,0,0
2026-03-11 15:30:00,1773243000,42.49,44.104,-0.908,-1.966,0.0,25.96,53.363,685.931,-0.7071067811865471,-0.7071067811865479,0.9749279121818236,-0.2225209339563143,0,0,0
2026-03-11 15:40:00,1773243600,41.031,43.335,-1.46,-1.797,0.0,26.105,53.94,775.502,-0.7071067811865471,-0.7071067811865479,0.9749279121818236,-0.2225209339563143,0,0,0
2026-03-11 15:50:00,1773244200,38.911,41.458,-2.12,-1.496,0.0,22.48,59.774,642.707,-0.7071067811865471,-0.7071067811865479,0.9749279121818236,-0.2225209339563143,0,0,0
2026-03-11 16:00:00,1773244800,37.37,39.95,-1.541,-1.707,0.0,26.949,52.379,476.498,-0.8660254037844385,-0.5000000000000004,0.9749279121818236,-0.2225209339563143,0,0,0
2026-03-11 16:10:00,1773245400,35.636,38.237,-1.734,-1.798,0.0,23.182,60.985,442.679,-0.8660254037844385,-0.5000000000000004,0.9749279121818236,-0.2225209339563143,0,0,0
2026-03-11 16:20:00,1773246000,34.295,36.553,-1.341,-1.539,0.167,23.278,65.58,414.32,-0.8660254037844385,-0.5000000000000004,0.9749279121818236,-0.2225209339563143,0,0,0
2026-03-11 16:30:00,1773246600,31.774,34.768,-2.521,-1.865,0.333,24.961,57.794,577.113,-0.8660254037844385,-0.5000000000000004,0.9749279121818236,-0.2225209339563143,0,0,0
2026-03-11 16:40:00,1773247200,30.169,32.968,-1.605,-1.822,0.5,24.051,66.95,543.169,-0.8660254037844385,-0.5000000000000004,0.9749279121818236,-0.2225209339563143,0,0,0
2026-03-11 16:50:00,1773247800,27.687,30.981,-2.482,-2.203,0.667,22.393,63.933,569.319,-0.8660254037844385,-0.5000000000000004,0.9749279121818236,-0.2225209339563143,0,0,0
2026-03-11 17:00:00,1773248400,24.943,28.643,-2.744,-2.277,0.833,19.897,71.414,370.654,-0.9659258262890684,-0.2588190451025206,0.9749279121818236,-0.2225209339563143,0,0,0
2026-03-11 20:40:00,1773261600,65.219,65.219,-0.705,0.0,0.0,16.869,67.364,121.668,-0.8660254037844386,0.5000000000000001,0.9749279121818236,-0.2225209339563143,0,0,0
2026-03-11 20:50:00,1773262200,63.268,64.244,-1.951,-1.951,0.0,21.936,71.701,92.506,-0.8660254037844386,0.5000000000000001,0.9749279121818236,-0.2225209339563143,0,0,0
2026-03-11 21:00:00,1773262800,42.04,42.04,-2.166,0.0,0.0,20.725,74.545,20.0,-0.7071067811865477,0.7071067811865474,0.9749279121818236,-0.2225209339563143,0,0,0
2026-03-11 21:00:00,1773262800,63.007,63.831,-0.262,-1.106,0.0,18.7,74.377,67.564,-0.7071067811865477,0.7071067811865474,0.9749279121818236,-0.2225209339563143,0,0,0
2026-03-11 21:10:00,1773263400,62.592,63.522,-0.415,-0.876,0.0,23.127,78.003,75.752,-0.7071067811865477,0.7071067811865474,0.9749279121818236,-0.2225209339563143,0,0,0
2026-03-11 21:10:00,1773263400,41.103,41.572,-0.937,-0.937,0.0,18.64,65.574,152.659,-0.7071067811865477,0.7071067811865474,0.9749279121818236,-0.2225209339563143,0,0,0
2026-03-11 21:20:00,1773264000,41.136,41.426,0.033,-0.452,0.0,15.896,81.428,74.2,-0.7071067811865477,0.7071067811865474,0.9749279121818236,-0.2225209339563143,0,0,0
2026-03-11 21:20:00,1773264000,61.209,62.519,-1.383,-0.687,0.0,21.255,72.721,20.0,-0.7071067811865477,0.7071067811865474,0.9749279121818236,-0.2225209339563143,0,0,0
2026-03-11 21:30:00,1773264600,60.444,61.813,-0.764,-0.854,0.0,21.115,75.415,20.0,-0.7071067811865477,0.7071067811865474,0.9749279121818236,-0.2225209339563143,0,0,0
2026-03-11 21:30:00,1773264600,40.624,41.226,-0.512,-0.472,0.0,19.719,66.352,59.343,-0.7071067811865477,0.7071067811865474,0.9749279121818236,-0.2225209339563143,0,0,0
2026-03-11 21:40:00,1773265200,41.17,41.008,0.546,0.022,0.0,16.663,66.41,75.063,-0.7071067811865477,0.7071067811865474,0.9749279121818236,-0.2225209339563143,0,0,0
2026-03-11 21:40:00,1773265200,59.036,60.82,-1.408,-1.185,0.0,14.74,64.935,32.353,-0.7071067811865477,0.7071067811865474,0.9749279121818236,-0.2225209339563143,0,0,0
2026-03-11 21:50:00,1773265800,59.295,59.996,0.26,-0.638,0.0,20.623,71.358,100.255,-0.7071067811865477,0.7071067811865474,0.9749279121818236,-0.2225209339563143,0,0,0
2026-03-11 21:50:00,1773265800,40.769,40.925,-0.401,-0.123,0.0,14.977,69.015,94.518,-0.7071067811865477,0.7071067811865474,0.9749279121818236,-0.2225209339563143,0,0,0
2026-03-11 22:00:00,1773266400,41.025,40.897,0.257,0.134,0.0,19.414,73.833,20.0,-0.5000000000000004,0.8660254037844384,0.9749279121818236,-0.2225209339563143,0,0,0
2026-03-11 22:00:00,1773266400,58.566,59.335,-0.73,-0.626,0.0,18.898,77.461,70.512,-0.5000000000000004,0.8660254037844384,0.9749279121818236,-0.2225209339563143,0,0,0
2026-03-11 22:10:00,1773267000,56.091,58.247,-2.475,-0.982,0.0,17.2,77.48,20.0,-0.5000000000000004,0.8660254037844384,0.9749279121818236,-0.2225209339563143,0,0,0
2026-03-11 22:10:00,1773267000,40.844,40.952,-0.181,-0.109,0.0,17.006,66.515,20.0,-0.5000000000000004,0.8660254037844384,0.9749279121818236,-0.2225209339563143,0,0,0
2026-03-11 22:20:00,1773267600,40.641,40.82,-0.203,-0.043,0.0,21.852,72.036,48.615,-0.5000000000000004,0.8660254037844384,0.9749279121818236,-0.2225209339563143,0,0,0
2026-03-11 22:20:00,1773267600,56.793,57.686,0.702,-0.834,0.0,17.505,67.84,114.977,-0.5000000000000004,0.8660254037844384,0.9749279121818236,-0.2225209339563143,0,0,0
2026-03-11 22:30:00,1773268200,56.087,56.884,-0.707,-0.826,0.0,19.269,68.769,71.639,-0.5000000000000004,0.8660254037844384,0.9749279121818236,-0.2225209339563143,0,0,0
2026-03-11 22:30:00,1773268200,39.802,40.578,-0.839,-0.408,0.0,21.874,72.506,20.0,-0.5000000000000004,0.8660254037844384,0.9749279121818236,-0.2225209339563143,0,0,0
2026-03-11 22:40:00,1773268800,41.213,40.625,1.412,0.123,0.0,16.708,77.934,87.055,-0.5000000000000004,0.8660254037844384,0.9749279121818236,-0.2225209339563143,0,0,0
2026-03-11 22:50:00,1773269400,41.687,40.836,0.473,0.349,0.0,13.933,63.578,35.554,-0.5000000000000004,0.8660254037844384,0.9749279121818236,-0.2225209339563143,0,0,0
2026-03-12 17:50:00,1773337800,41.386,41.386,-1.485,0.0,0.0,20.549,69.089,354.452,-0.9659258262890684,-0.2588190451025206,0.4338837391175582,-0.900968867902419,0,0,0
2026-03-12 18:00:00,1773338400,40.062,40.724,-1.324,-1.324,0.0,19.495,72.221,20.0,-1.0,-1.8369701987210294e-16,0.4338837391175582,-0.900968867902419,0,0,0
2026-03-12 18:10:00,1773339000,38.366,39.938,-1.696,-1.51,0.0,17.767,71.356,89.38,-1.0,-1.8369701987210294e-16,0.4338837391175582,-0.900968867902419,0,0,0
2026-03-12 18:20:00,1773339600,35.891,38.926,-2.475,-1.832,0.0,19.546,77.861,154.138,-1.0,-1.8369701987210294e-16,0.4338837391175582,-0.900968867902419,0,0,0
2026-03-12 18:30:00,1773340200,35.164,37.371,-0.727,-1.633,0.0,16.243,70.817,52.05,-1.0,-1.8369701987210294e-16,0.4338837391175582,-0.900968867902419,0,0,0
2026-03-12 18:40:00,1773340800,34.551,35.993,-0.614,-1.272,0.167,19.799,72.072,20.0,-1.0,-1.8369701987210294e-16,0.4338837391175582,-0.900968867902419,0,0,0
2026-03-12 18:50:00,1773341400,33.027,34.658,-1.524,-0.955,0.333,18.793,80.871,176.819,-1.0,-1.8369701987210294e-16,0.4338837391175582,-0.900968867902419,0,0,0
2026-03-12 19:00:00,1773342000,31.896,33.659,-1.131,-1.089,0.5,18.345,75.162,75.823,-0.9659258262890684,0.2588190451025203,0.4338837391175582,-0.900968867902419,0,0,0
2026-03-12 19:10:00,1773342600,32.37,32.961,0.474,-0.727,0.667,21.545,78.151,20.0,-0.9659258262890684,0.2588190451025203,0.4338837391175582,-0.900968867902419,0,0,0
2026-03-12 19:20:00,1773343200,30.672,31.991,-1.697,-0.785,0.833,18.161,72.057,20.0,-0.9659258262890684,0.2588190451025203,0.4338837391175582,-0.900968867902419,0,0,0
2026-03-12 19:30:00,1773343800,28.704,30.91,-1.968,-1.064,1.0,19.957,71.946,236.765,-0.9659258262890684,0.2588190451025203,0.4338837391175582,-0.900968867902419,0,0,0
2026-03-12 19:40:00,1773344400,27.344,29.772,-1.36,-1.675,1.167,18.422,74.406,85.341,-0.9659258262890684,0.2588190451025203,0.4338837391175582,-0.900968867902419,0,0,0
2026-03-13 09:50:00,1773395400,71.784,71.784,-1.433,0.0,0.0,25.342,64.29,598.385,0.7071067811865476,-0.7071067811865475,-0.433883739117558,-0.9009688679024191,0,0,0
2026-03-13 10:00:00,1773396000,70.478,71.131,-1.307,-1.307,0.0,25.175,58.373,728.794,0.4999999999999999,-0.8660254037844387,-0.433883739117558,-0.9009688679024191,0,0,0
2026-03-13 10:10:00,1773396600,69.206,70.489,-1.272,-1.289,0.0,27.634,51.923,661.368,0.4999999999999999,-0.8660254037844387,-0.433883739117558,-0.9009688679024191,0,0,0
2026-03-13 10:20:00,1773397200,68.095,69.891,-1.111,-1.23,0.0,27.101,68.2,746.969,0.4999999999999999,-0.8660254037844387,-0.433883739117558,-0.9009688679024191,0,0,0
2026-03-13 10:30:00,1773397800,64.405,68.046,-3.69,-2.024,0.0,23.292,50.8,841.241,0.4999999999999999,-0.8660254037844387,-0.433883739117558,-0.9009688679024191,0,0,0
2026-03-13 10:40:00,1773398400,61.23,65.734,-3.175,-2.659,0.0,27.58,57.087,923.039,0.4999999999999999,-0.8660254037844387,-0.433883739117558,-0.9009688679024191,0,0,0
2026-03-13 10:50:00,1773399000,57.864,62.899,-3.366,-3.41,0.0,27.057,53.588,941.589,0.4999999999999999,-0.8660254037844387,-0.433883739117558,-0.9009688679024191,0,0,0
2026-03-13 11:00:00,1773399600,66.916,62.604,9.052,0.837,0.0,24.18,49.992,896.131,0.258819045102521,-0.9659258262890682,-0.433883739117558,-0.9009688679024191,0,0,0
2026-03-13 11:10:00,1773400200,65.7,62.927,-1.215,1.49,0.0,29.247,55.007,865.812,0.258819045102521,-0.9659258262890682,-0.433883739117558,-0.9009688679024191,0,0,0
2026-03-13 11:20:00,1773400800,62.891,63.343,-2.809,1.676,0.0,26.564,50.097,1100.0,0.258819045102521,-0.9659258262890682,-0.433883739117558,-0.9009688679024191,0,0,0
2026-03-13 11:30:00,1773401400,60.918,64.106,-1.973,-1.999,0.0,28.282,45.087,780.669,0.258819045102521,-0.9659258262890682,-0.433883739117558,-0.9009688679024191,0,0,0
2026-03-13 11:40:00,1773402000,58.101,61.903,-2.817,-2.533,0.0,28.902,66.134,874.346,0.258819045102521,-0.9659258262890682,-0.433883739117558,-0.9009688679024191,0,0,0
2026-03-13 13:10:00,1773407400,60.212,60.212,-1.795,0.0,0.0,27.664,58.638,900.832,-0.2588190451025208,-0.9659258262890684,-0.433883739117558,-0.9009688679024191,0,0,0
2026-03-13 13:10:00,1773407400,49.585,49.585,-2.292,0.0,0.0,25.218,51.202,935.002,-0.2588190451025208,-0.9659258262890684,-0.433883739117558,-0.9009688679024191,0,0,0
2026-03-13 13:20:00,1773408000,47.404,48.494,-2.181,-2.181,0.0,28.158,46.545,1029.587,-0.2588190451025208,-0.9659258262890684,-0.433883739117558,-0.9009688679024191,0,0,0
2026-03-13 13:20:00,1773408000,58.9,59.556,-1.311,-1.311,0.0,28.156,53.407,900.35,-0.2588190451025208,-0.9659258262890684,-0.433883739117558,-0.9009688679024191,0,0,0
2026-03-13 13:30:00,1773408600,56.897,58.67,-2.004,-1.658,0.0,27.318,54.067,889.972,-0.2588190451025208,-0.9659258262890684,-0.433883739117558,-0.9009688679024191,0,0,0
2026-03-13 13:30:00,1773408600,44.575,47.188,-2.828,-2.505,0.0,25.267,63.404,892.278,-0.2588190451025208,-0.9659258262890684,-0.433883739117558,-0.9009688679024191,0,0,0
2026-03-13 13:40:00,1773409200,42.734,46.075,-1.842,-2.284,0.0,28.895,63.148,915.04,-0.2588190451025208,-0.9659258262890684,-0.433883739117558,-0.9009688679024191,0,0,0
2026-03-13 13:40:00,1773409200,56.265,58.069,-0.632,-1.316,0.0,29.223,58.754,861.918,-0.2588190451025208,-0.9659258262890684,-0.433883739117558,-0.9009688679024191,0,0,0
2026-03-13 13:50:00,1773409800,53.415,56.369,-2.85,-1.828,0.0,23.875,58.759,947.688,-0.2588190451025208,-0.9659258262890684,-0.433883739117558,-0.9009688679024191,0,0,0
2026-03-13 13:50:00,1773409800,39.521,43.559,-3.212,-2.627,0.0,26.431,55.431,978.456,-0.2588190451025208,-0.9659258262890684,-0.433883739117558,-0.9009688679024191,0,0,0
2026-03-13 14:00:00,1773410400,51.153,54.433,-2.263,-1.915,0.0,25.551,52.62,839.377,-0.4999999999999997,-0.8660254037844388,-0.433883739117558,-0.9009688679024191,0,0,0
2026-03-13 14:00:00,1773410400,37.568,41.1,-1.954,-2.336,0.0,27.53,47.9,819.719,-0.4999999999999997,-0.8660254037844388,-0.433883739117558,-0.9009688679024191,0,0,0
2026-03-13 14:10:00,1773411000,35.381,38.801,-2.187,-2.451,0.0,26.09,50.793,905.7,-0.4999999999999997,-0.8660254037844388,-0.433883739117558,-0.9009688679024191,0,0,0
2026-03-13 14:10:00,1773411000,49.964,52.699,-1.189,-2.1,0.0,26.686,54.518,750.819,-0.4999999999999997,-0.8660254037844388,-0.433883739117558,-0.9009688679024191,0,0,0
2026-03-13 14:20:00,1773411600,42.728,38.799,7.347,1.069,0.0,26.795,55.653,904.948,-0.4999999999999997,-0.8660254037844388,-0.433883739117558,-0.9009688679024191,0,0,1
2026-03-13 14:20:00,1773411600,48.176,50.677,-1.788,-1.747,0.0,28.884,53.358,687.652,-0.4999999999999997,-0.8660254037844388,-0.433883739117558,-0.9009688679024191,0,0,0
2026-03-13 14:30:00,1773412200,45.53,48.706,-2.645,-1.874,0.0,31.897,57.047,842.101,-0.4999999999999997,-0.8660254037844388,-0.433883739117558,-0.9009688679024191,0,0,0
2026-03-13 14:30:00,1773412200,41.336,39.253,-1.392,1.256,0.0,24.595,50.911,844.706,-0.4999999999999997,-0.8660254037844388,-0.433883739117558,-0.9009688679024191,0,0,0
2026-03-13 14:40:00,1773412800,42.717,46.597,-2.813,-2.416,0.0,29.692,57.976,713.289,-0.4999999999999997,-0.8660254037844388,-0.433883739117558,-0.9009688679024191,0,0,0
2026-03-13 14:40:00,1773412800,40.753,40.049,-0.583,1.791,0.0,25.556,51.893,728.354,-0.4999999999999997,-0.8660254037844388,-0.433883739117558,-0.9009688679024191,0,0,0
2026-03-13 14:50:00,1773413400,41.478,44.475,-1.239,-2.232,0.0,28.658,50.657,817.191,-0.4999999999999997,-0.8660254037844388,-0.433883739117558,-0.9009688679024191,0,0,0
2026-03-13 14:50:00,1773413400,37.899,40.679,-2.854,-1.609,0.0,27.947,49.631,786.662,-0.4999999999999997,-0.8660254037844388,-0.433883739117558,-0.9009688679024191,0,0,0
2026-03-13 15:00:00,1773414000,36.181,39.042,-1.718,-1.718,0.0,25.169,60.512,712.697,-0.7071067811865471,-0.7071067811865479,-0.433883739117558,-0.9009688679024191,0,0,0
2026-03-13 15:00:00,1773414000,38.923,42.162,-2.555,-2.202,0.0,24.429,68.015,615.924,-0.7071067811865471,-0.7071067811865479,-0.433883739117558,-0.9009688679024191,0,0,0
2026-03-13 16:50:00,1773420600,68.837,68.837,0.352,0.0,0.0,24.759,69.226,546.345,-0.8660254037844385,-0.5000000000000004,-0.433883739117558,-0.9009688679024191,0,0,0
2026-03-13 17:00:00,1773421200,68.09,68.463,-0.747,-0.747,0.0,19.845,68.204,272.803,-0.9659258262890684,-0.2588190451025206,-0.433883739117558,-0.9009688679024191,0,0,0
2026-03-13 17:10:00,1773421800,66.427,67.784,-1.663,-1.205,0.0,19.127,62.136,371.928,-0.9659258262890684,-0.2588190451025206,-0.433883739117558,-0.9009688679024191,0,0,0
2026-03-13 17:20:00,1773422400,65.001,67.089,-1.426,-1.279,0.0,21.232,66.514,213.995,-0.9659258262890684,-0.2588190451025206,-0.433883739117558,-0.9009688679024191,0,0,0
2026-03-13 17:30:00,1773423000,63.952,65.867,-1.049,-1.379,0.0,23.455,66.366,295.831,-0.9659258262890684,-0.2588190451025206,-0.433883739117558,-0.9009688679024191,0,0,0
2026-03-13 17:40:00,1773423600,63.385,64.691,-0.567,-1.014,0.0,22.754,65.285,299.503,-0.9659258262890684,-0.2588190451025206,-0.433883739117558,-0.9009688679024191,0,0,0
2026-03-13 17:50:00,1773424200,62.594,63.733,-0.791,-0.802,0.0,20.17,71.6,353.13,-0.9659258262890684,-0.2588190451025206,-0.433883739117558,-0.9009688679024191,0,0,0
2026-03-13 18:00:00,1773424800,60.792,62.681,-1.802,-1.053,0.0,16.048,68.919,20.0,-1.0,-1.8369701987210294e-16,-0.433883739117558,-0.9009688679024191,0,0,0
2026-03-13 18:10:00,1773425400,59.788,61.64,-1.004,-1.199,0.0,18.992,69.602,123.509,-1.0,-1.8369701987210294e-16,-0.433883739117558,-0.9009688679024191,0,0,0
2026-03-13 18:20:00,1773426000,59.73,60.726,-0.058,-0.955,0.0,17.529,65.389,195.526,-1.0,-1.8369701987210294e-16,-0.433883739117558,-0.9009688679024191,0,0,0
2026-03-13 18:30:00,1773426600,59.882,60.048,0.152,-0.303,0.0,17.948,76.23,222.714,-1.0,-1.8369701987210294e-16,-0.433883739117558,-0.9009688679024191,0,0,0
2026-03-13 18:40:00,1773427200,58.023,59.356,-1.858,-0.588,0.0,20.483,74.874,27.996,-1.0,-1.8369701987210294e-16,-0.433883739117558,-0.9009688679024191,0,0,0
2026-03-13 19:00:00,1773428400,42.649,42.649,-0.624,0.0,0.0,16.848,68.241,84.894,-0.9659258262890684,0.2588190451025203,-0.433883739117558,-0.9009688679024191,0,0,0
2026-03-13 19:10:00,1773429000,42.76,42.705,0.111,0.111,0.0,20.975,77.788,36.448,-0.9659258262890684,0.2588190451025203,-0.433883739117558,-0.9009688679024191,0,0,0
2026-03-13 19:20:00,1773429600,41.125,42.178,-1.635,-0.762,0.0,15.238,70.41,175.44,-0.9659258262890684,0.2588190451025203,-0.433883739117558,-0.9009688679024191,0,0,0
2026-03-13 19:30:00,1773430200,40.048,41.646,-1.077,-0.867,0.0,18.668,81.411,39.999,-0.9659258262890684,0.2588190451025203,-0.433883739117558,-0.9009688679024191,0,0,0
2026-03-13 19:40:00,1773430800,39.466,40.85,-0.583,-1.098,0.0,19.151,72.03,63.741,-0.9659258262890684,0.2588190451025203,-0.433883739117558,-0.9009688679024191,0,0,0
2026-03-13 19:50:00,1773431400,37.604,39.561,-1.862,-1.174,0.0,19.619,74.948,195.318,-0.9659258262890684,0.2588190451025203,-0.433883739117558,-0.9009688679024191,0,0,0
2026-03-13 20:00:00,1773432000,37.299,38.604,-0.305,-0.916,0.0,20.732,73.058,145.82,-0.8660254037844386,0.5000000000000001,-0.433883739117558,-0.9009688679024191,0,0,0
2026-03-13 20:10:00,1773432600,43.511,39.47,6.212,1.349,0.0,19.579,70.222,164.021,-0.8660254037844386,0.5000000000000001,-0.433883739117558,-0.9009688679024191,0,0,1
2026-03-13 20:20:00,1773433200,42.952,40.342,-0.559,1.783,0.0,15.553,74.259,20.0,-0.8660254037844386,0.5000000000000001,-0.433883739117558,-0.9009688679024191,0,0,0
2026-03-13 20:30:00,1773433800,43.633,41.849,0.681,2.111,0.0,21.741,69.58,30.153,-0.8660254037844386,0.5000000000000001,-0.433883739117558,-0.9009688679024191,0,0,0
2026-03-13 20:40:00,1773434400,41.669,42.941,-1.964,-0.614,0.0,22.234,72.655,108.563,-0.8660254037844386,0.5000000000000001,-0.433883739117558,-0.9009688679024191,0,0,0
2026-03-13 20:50:00,1773435000,40.134,42.097,-1.535,-0.939,0.0,16.271,70.721,77.507,-0.8660254037844386,0.5000000000000001,-0.433883739117558,-0.9009688679024191,0,0,0
2026-03-14 13:10:00,1773493800,47.984,47.984,-1.762,0.0,0.0,27.113,61.704,876.82,-0.2588190451025208,-0.9659258262890684,-0.9749279121818236,-0.2225209339563146,0,0,0
2026-03-14 13:20:00,1773494400,46.176,47.08,-1.809,-1.809,0.0,31.307,55.981,853.07,-0.2588190451025208,-0.9659258262890684,-0.9749279121818236,-0.2225209339563146,0,0,0
2026-03-14 13:30:00,1773495000,44.916,46.359,-1.26,-1.534,0.0,28.49,52.4,865.654,-0.2588190451025208,-0.9659258262890684,-0.9749279121818236,-0.2225209339563146,0,0,0
2026-03-14 13:40:00,1773495600,43.571,45.662,-1.345,-1.471,0.0,25.134,45.98,796.281,-0.2588190451025208,-0.9659258262890684,-0.9749279121818236,-0.2225209339563146,0,0,0
2026-03-14 13:50:00,1773496200,41.879,44.135,-1.692,-1.432,0.0,28.766,54.29,922.043,-0.2588190451025208,-0.9659258262890684,-0.9749279121818236,-0.2225209339563146,0,0,0
2026-03-14 14:00:00,1773496800,41.595,42.99,-0.284,-1.107,0.0,26.947,58.537,626.441,-0.4999999999999997,-0.8660254037844388,-0.9749279121818236,-0.2225209339563146,0,0,0
2026-03-14 14:10:00,1773497400,40.956,42.0,-0.639,-0.872,0.0,26.895,48.581,720.701,-0.4999999999999997,-0.8660254037844388,-0.9749279121818236,-0.2225209339563146,0,0,0
2026-03-14 14:20:00,1773498000,40.099,41.132,-0.857,-0.593,0.0,27.926,63.315,840.663,-0.4999999999999997,-0.8660254037844388,-0.9749279121818236,-0.2225209339563146,0,0,0
2026-03-14 14:30:00,1773498600,38.994,40.411,-1.105,-0.867,0.0,26.896,60.247,848.089,-0.4999999999999997,-0.8660254037844388,-0.9749279121818236,-0.2225209339563146,0,0,0
2026-03-14 14:40:00,1773499200,36.47,39.13,-2.524,-1.495,0.0,29.861,64.732,791.534,-0.4999999999999997,-0.8660254037844388,-0.9749279121818236,-0.2225209339563146,0,0,0
2026-03-14 14:50:00,1773499800,35.991,37.888,-0.479,-1.369,0.0,28.567,53.8,840.687,-0.4999999999999997,-0.8660254037844388,-0.9749279121818236,-0.2225209339563146,0,0,0
2026-03-14 15:00:00,1773500400,34.018,36.368,-1.973,-1.659,0.167,29.682,57.027,718.238,-0.7071067811865471,-0.7071067811865479,-0.9749279121818236,-0.2225209339563146,0,0,0
2026-03-14 16:20:00,1773505200,65.49,65.49,-1.004,0.0,0.0,24.798,68.994,507.598,-0.8660254037844385,-0.5000000000000004,-0.9749279121818236,-0.2225209339563146,0,0,0
2026-03-14 16:30:00,1773505800,63.629,64.559,-1.861,-1.861,0.0,23.403,54.591,500.897,-0.8660254037844385,-0.5000000000000004,-0.9749279121818236,-0.2225209339563146,0,0,0
2026-03-14 16:40:00,1773506400,62.272,63.797,-1.357,-1.609,0.0,24.252,62.719,385.157,-0.8660254037844385,-0.5000000000000004,-0.9749279121818236,-0.2225209339563146,0,0,0
2026-03-14 16:50:00,1773507000,60.145,62.884,-2.128,-1.782,0.0,21.543,69.655,405.242,-0.8660254037844385,-0.5000000000000004,-0.9749279121818236,-0.2225209339563146,0,0,0
2026-03-14 17:00:00,1773507600,59.692,61.434,-0.453,-1.312,0.0,20.661,69.053,447.32,-0.9659258262890684,-0.2588190451025206,-0.9749279121818236,-0.2225209339563146,0,0,0
2026-03-14 17:10:00,1773508200,60.212,60.58,0.52,-0.687,0.0,20.703,68.853,206.786,-0.9659258262890684,-0.2588190451025206,-0.9749279121818236,-0.2225209339563146,0,0,0
2026-03-14 17:20:00,1773508800,59.438,59.871,-0.774,-0.236,0.0,22.969,70.44,265.443,-0.9659258262890684,-0.2588190451025206,-0.9749279121818236,-0.2225209339563146,0,0,0
2026-03-14 17:30:00,1773509400,57.973,59.329,-1.465,-0.573,0.0,22.56,73.653,262.753,-0.9659258262890684,-0.2588190451025206,-0.9749279121818236,-0.2225209339563146,0,0,0
2026-03-14 17:40:00,1773510000,57.275,58.724,-0.698,-0.979,0.0,25.856,68.113,228.181,-0.9659258262890684,-0.2588190451025206,-0.9749279121818236,-0.2225209339563146,0,0,0
2026-03-14 17:50:00,1773510600,57.121,57.952,-0.154,-0.772,0.0,19.129,56.587,305.965,-0.9659258262890684,-0.2588190451025206,-0.9749279121818236,-0.2225209339563146,0,0,0
2026-03-14 18:00:00,1773511200,57.025,57.348,-0.096,-0.316,0.0,17.302,67.485,94.45,-1.0,-1.8369701987210294e-16,-0.9749279121818236,-0.2225209339563146,0,0,0
2026-03-14 18:10:00,1773511800,55.869,56.822,-1.156,-0.469,0.0,21.143,72.95,36.511,-1.0,-1.8369701987210294e-16,-0.9749279121818236,-0.2225209339563146,0,0,0
2026-03-15 06:30:00,1773556200,65.384,65.384,-0.861,0.0,0.0,20.084,72.213,202.028,1.0,6.123233995736766e-17,-0.7818314824680299,0.6234898018587334,0,0,0
2026-03-15 06:40:00,1773556800,64.313,64.849,-1.071,-1.071,0.0,20.217,69.471,49.525,1.0,6.123233995736766e-17,-0.7818314824680299,0.6234898018587334,0,0,0
2026-03-15 06:50:00,1773557400,61.679,63.792,-2.634,-1.852,0.0,20.968,70.94,87.561,1.0,6.123233995736766e-17,-0.7818314824680299,0.6234898018587334,0,0,0
2026-03-15 07:00:00,1773558000,59.487,62.716,-2.192,-1.966,0.0,20.143,71.208,308.409,0.9659258262890684,-0.2588190451025206,-0.7818314824680299,0.6234898018587334,0,0,0
2026-03-15 07:10:00,1773558600,58.117,60.899,-1.37,-2.065,0.0,17.592,68.233,295.981,0.9659258262890684,-0.2588190451025206,-0.7818314824680299,0.6234898018587334,0,0,0
2026-03-15 07:20:00,1773559200,55.459,58.686,-2.658,-2.073,0.0,21.875,64.915,248.355,0.9659258262890684,-0.2588190451025206,-0.7818314824680299,0.6234898018587334,0,0,0
2026-03-15 07:30:00,1773559800,54.981,57.011,-0.478,-1.502,0.0,20.666,61.699,282.891,0.9659258262890684,-0.2588190451025206,-0.7818314824680299,0.6234898018587334,0,0,0
2026-03-15 07:40:00,1773560400,52.944,55.375,-2.037,-1.725,0.0,20.962,64.714,309.375,0.9659258262890684,-0.2588190451025206,-0.7818314824680299,0.6234898018587334,0,0,0
2026-03-15 07:50:00,1773561000,67.554,67.554,-1.393,0.0,0.0,23.155,68.63,252.512,0.9659258262890684,-0.2588190451025206,-0.7818314824680299,0.6234898018587334,0,0,0
2026-03-15 07:50:00,1773561000,51.566,53.738,-1.378,-1.298,0.0,22.6,63.413,300.613,0.9659258262890684,-0.2588190451025206,-0.7818314824680299,0.6234898018587334,0,0,0
2026-03-15 08:00:00,1773561600,66.559,67.056,-0.996,-0.996,0.0,24.731,62.79,532.251,0.8660254037844387,-0.4999999999999998,-0.7818314824680299,0.6234898018587334,0,0,0
2026-03-15 08:00:00,1773561600,34.476,34.476,-0.591,0.0,0.167,21.868,55.183,490.252,0.8660254037844387,-0.4999999999999998,-0.7818314824680299,0.6234898018587334,0,0,0
2026-03-15 08:00:00,1773561600,49.108,52.15,-2.458,-1.958,0.0,24.287,58.246,388.616,0.8660254037844387,-0.4999999999999998,-0.7818314824680299,0.6234898018587334,0,0,0
2026-03-15 08:10:00,1773562200,64.524,66.212,-2.034,-1.515,0.0,23.018,71.469,509.137,0.8660254037844387,-0.4999999999999998,-0.7818314824680299,0.6234898018587334,0,0,0
2026-03-15 08:10:00,1773562200,31.487,32.981,-2.989,-2.989,0.333,24.108,68.64,433.44,0.8660254037844387,-0.4999999999999998,-0.7818314824680299,0.6234898018587334,0,0,0
2026-03-15 08:10:00,1773562200,48.418,50.509,-0.691,-1.509,0.0,21.866,69.621,466.832,0.8660254037844387,-0.4999999999999998,-0.7818314824680299,0.6234898018587334,0,0,0
2026-03-15 08:10:00,1773562200,44.737,44.737,-2.143,0.0,0.0,25.462,65.749,564.388,0.8660254037844387,-0.4999999999999998,-0.7818314824680299,0.6234898018587334,0,0,0
2026-03-15 08:20:00,1773562800,62.384,65.255,-2.14,-1.723,0.0,27.819,58.483,482.583,0.8660254037844387,-0.4999999999999998,-0.7818314824680299,0.6234898018587334,0,0,0
2026-03-15 08:20:00,1773562800,42.871,43.804,-1.866,-1.866,0.0,27.424,55.987,399.612,0.8660254037844387,-0.4999999999999998,-0.7818314824680299,0.6234898018587334,0,0,0
2026-03-15 08:20:00,1773562800,30.709,32.224,-0.778,-1.883,0.5,27.222,64.413,440.398,0.8660254037844387,-0.4999999999999998,-0.7818314824680299,0.6234898018587334,0,0,0
2026-03-15 08:20:00,1773562800,47.913,49.251,-0.505,-1.218,0.0,25.487,61.576,401.79,0.8660254037844387,-0.4999999999999998,-0.7818314824680299,0.6234898018587334,0,0,0
2026-03-15 08:30:00,1773563400,59.56,63.257,-2.824,-2.333,0.0,21.554,60.607,527.643,0.8660254037844387,-0.4999999999999998,-0.7818314824680299,0.6234898018587334,0,0,0
2026-03-15 08:30:00,1773563400,29.912,31.646,-0.797,-1.521,0.667,25.196,63.291,426.632,0.8660254037844387,-0.4999999999999998,-0.7818314824680299,0.6234898018587334,0,0,0
2026-03-15 08:30:00,1773563400,42.468,43.358,-0.403,-1.134,0.0,24.327,60.356,453.888,0.8660254037844387,-0.4999999999999998,-0.7818314824680299,0.6234898018587334,0,0,0
2026-03-15 08:40:00,1773564000,29.28,30.347,-0.632,-0.736,0.833,24.616,66.889,524.47,0.8660254037844387,-0.4999999999999998,-0.7818314824680299,0.6234898018587334,0,0,0
2026-03-15 08:40:00,1773564000,41.882,42.989,-0.586,-0.951,0.0,24.033,69.099,472.596,0.8660254037844387,-0.4999999999999998,-0.7818314824680299,0.6234898018587334,0,0,0
2026-03-15 08:40:00,1773564000,57.478,60.987,-2.081,-2.349,0.0,21.324,68.428,469.985,0.8660254037844387,-0.4999999999999998,-0.7818314824680299,0.6234898018587334,0,0,0
2026-03-15 08:50:00,1773564600,55.195,58.654,-2.284,-2.397,0.0,27.503,66.748,455.927,0.8660254037844387,-0.4999999999999998,-0.7818314824680299,0.6234898018587334,0,0,0
2026-03-15 08:50:00,1773564600,39.648,41.717,-2.234,-1.074,0.0,25.25,64.767,457.354,0.8660254037844387,-0.4999999999999998,-0.7818314824680299,0.6234898018587334,0,0,0
2026-03-15 08:50:00,1773564600,27.216,29.279,-2.064,-1.164,1.0,26.303,68.939,347.691,0.8660254037844387,-0.4999999999999998,-0.7818314824680299,0.6234898018587334,0,0,0
2026-03-15 09:00:00,1773565200,36.923,40.23,-2.725,-1.848,0.0,28.772,61.919,618.68,0.7071067811865476,-0.7071067811865475,-0.7818314824680299,0.6234898018587334,0,0,0
2026-03-15 09:00:00,1773565200,25.971,28.095,-1.245,-1.314,1.167,28.026,68.26,687.973,0.7071067811865476,-0.7071067811865475,-0.7818314824680299,0.6234898018587334,0,0,0
2026-03-15 09:00:00,1773565200,54.609,56.71,-0.586,-1.65,0.0,25.639,58.425,723.428,0.7071067811865476,-0.7071067811865475,-0.7818314824680299,0.6234898018587334,0,0,0
2026-03-15 09:10:00,1773565800,48.728,48.728,-1.97,0.0,0.0,25.571,60.513,635.353,0.7071067811865476,-0.7071067811865475,-0.7818314824680299,0.6234898018587334,0,0,0
2026-03-15 09:10:00,1773565800,52.759,55.01,-1.85,-1.573,0.0,28.073,63.318,687.431,0.7071067811865476,-0.7071067811865475,-0.7818314824680299,0.6234898018587334,0,0,0
2026-03-15 09:10:00,1773565800,34.31,38.191,-2.613,-2.524,0.167,26.484,58.252,642.789,0.7071067811865476,-0.7071067811865475,-0.7818314824680299,0.6234898018587334,0,0,0
2026-03-15 09:10:00,1773565800,23.651,26.529,-2.32,-1.876,1.333,26.187,57.776,618.522,0.7071067811865476,-0.7071067811865475,-0.7818314824680299,0.6234898018587334,1,0,0
2026-03-15 09:20:00,1773566400,22.454,24.823,-1.197,-1.587,1.5,28.436,54.668,806.003,0.7071067811865476,-0.7071067811865475,-0.7818314824680299,0.6234898018587334,1,0,0
2026-03-15 09:20:00,1773566400,32.769,35.913,-1.541,-2.293,0.333,26.736,59.8,719.472,0.7071067811865476,-0.7071067811865475,-0.7818314824680299,0.6234898018587334,0,0,0
2026-03-15 09:20:00,1773566400,48.659,48.694,-0.069,-0.069,0.0,27.494,59.289,574.303,0.7071067811865476,-0.7071067811865475,-0.7818314824680299,0.6234898018587334,0,0,0
2026-03-15 09:20:00,1773566400,51.334,53.474,-1.424,-1.287,0.0,24.051,60.864,559.324,0.7071067811865476,-0.7071067811865475,-0.7818314824680299,0.6234898018587334,0,0,0
2026-03-15 09:30:00,1773567000,49.985,52.172,-1.349,-1.541,0.0,23.789,58.091,753.789,0.7071067811865476,-0.7071067811865475,-0.7818314824680299,0.6234898018587334,0,0,0
2026-03-15 09:30:00,1773567000,45.939,47.776,-2.72,-1.395,0.0,31.822,60.243,703.683,0.7071067811865476,-0.7071067811865475,-0.7818314824680299,0.6234898018587334,0,0,0
2026-03-15 09:30:00,1773567000,21.323,23.35,-1.131,-1.549,1.667,28.663,62.449,712.019,0.7071067811865476,-0.7071067811865475,-0.7818314824680299,0.6234898018587334,1,0,0
2026-03-15 09:30:00,1773567000,30.456,33.615,-2.313,-2.156,0.5,31.241,65.145,693.92,0.7071067811865476,-0.7071067811865475,-0.7818314824680299,0.6234898018587334,0,0,0
2026-03-15 09:40:00,1773567600,70.528,70.528,-2.418,0.0,0.0,26.337,60.907,598.152,0.7071067811865476,-0.7071067811865475,-0.7818314824680299,0.6234898018587334,0,0,0
2026-03-15 09:40:00,1773567600,49.622,50.925,-0.362,-1.045,0.0,27.981,60.723,781.244,0.7071067811865476,-0.7071067811865475,-0.7818314824680299,0.6234898018587334,0,0,0
2026-03-15 09:40:00,1773567600,28.367,31.476,-2.089,-1.981,0.667,28.301,63.205,480.81,0.7071067811865476,-0.7071067811865475,-0.7818314824680299,0.6234898018587334,0,0,0
2026-03-15 09:40:00,1773567600,19.586,21.753,-1.737,-1.355,1.833,22.597,59.69,704.896,0.7071067811865476,-0.7071067811865475,-0.7818314824680299,0.6234898018587334,1,0,0
2026-03-15 09:40:00,1773567600,43.574,46.725,-2.365,-1.718,0.0,23.846,61.408,788.019,0.7071067811865476,-0.7071067811865475,-0.7818314824680299,0.6234898018587334,0,0,0
2026-03-15 09:50:00,1773568200,69.547,70.038,-0.981,-0.981,0.0,27.4,67.031,720.978,0.7071067811865476,-0.7071067811865475,-0.7818314824680299,0.6234898018587334,0,0,0
2026-03-15 09:50:00,1773568200,40.316,44.622,-3.258,-2.781,0.0,28.85,57.883,581.366,0.7071067811865476,-0.7071067811865475,-0.7818314824680299,0.6234898018587334,0,0,0
2026-03-15 09:50:00,1773568200,27.23,29.705,-1.137,-1.846,0.833,27.053,58.825,600.172,0.7071067811865476,-0.7071067811865475,-0.7818314824680299,0.6234898018587334,1,0,0
2026-03-15 09:50:00,1773568200,17.925,20.322,-1.66,-1.51,2.0,29.622,66.068,798.768,0.7071067811865476,-0.7071067811865475,-0.7818314824680299,0.6234898018587334,1,0,0
2026-03-15 10:00:00,1773568800,38.287,42.029,-2.029,-2.551,0.0,28.263,60.619,780.832,0.4999999999999999,-0.8660254037844387,-0.7818314824680299,0.6234898018587334,0,0,0
2026-03-15 10:00:00,1773568800,23.527,27.395,-3.703,-2.31,1.0,28.333,60.556,883.795,0.4999999999999999,-0.8660254037844387,-0.7818314824680299,0.6234898018587334,1,0,0
2026-03-15 10:00:00,1773568800,67.49,69.189,-2.057,-1.519,0.0,26.532,61.636,933.973,0.4999999999999999,-0.8660254037844387,-0.7818314824680299,0.6234898018587334,0,0,0
2026-03-15 10:10:00,1773569400,35.651,39.457,-2.636,-2.641,0.0,27.393,54.766,864.797,0.4999999999999999,-0.8660254037844387,-0.7818314824680299,0.6234898018587334,0,0,0
2026-03-15 10:10:00,1773569400,66.06,68.407,-1.43,-1.489,0.0,27.251,48.615,689.583,0.4999999999999999,-0.8660254037844387,-0.7818314824680299,0.6234898018587334,0,0,0
2026-03-15 10:20:00,1773570000,63.289,66.597,-2.771,-2.086,0.0,28.198,52.785,760.338,0.4999999999999999,-0.8660254037844387,-0.7818314824680299,0.6234898018587334,0,0,0
2026-03-15 10:20:00,1773570000,33.52,36.943,-2.131,-2.266,0.167,24.865,54.982,829.574,0.4999999999999999,-0.8660254037844387,-0.7818314824680299,0.6234898018587334,0,0,0
2026-03-15 10:30:00,1773570600,61.543,64.596,-1.746,-1.982,0.0,31.074,54.0,813.424,0.4999999999999999,-0.8660254037844387,-0.7818314824680299,0.6234898018587334,0,0,0
2026-03-15 10:30:00,1773570600,30.575,34.508,-2.944,-2.57,0.333,30.497,61.146,758.749,0.4999999999999999,-0.8660254037844387,-0.7818314824680299,0.6234898018587334,0,0,0
2026-03-15 10:40:00,1773571200,59.271,62.541,-2.273,-2.263,0.0,26.7,56.164,871.826,0.4999999999999999,-0.8660254037844387,-0.7818314824680299,0.6234898018587334,0,0,0
2026-03-15 10:40:00,1773571200,29.038,32.196,-1.538,-2.204,0.5,28.138,52.725,715.054,0.4999999999999999,-0.8660254037844387,-0.7818314824680299,0.6234898018587334,0,0,0
2026-03-15 10:50:00,1773571800,58.209,60.578,-1.061,-1.693,0.0,28.895,59.379,862.467,0.4999999999999999,-0.8660254037844387,-0.7818314824680299,0.6234898018587334,0,0,0
2026-03-15 10:50:00,1773571800,26.517,29.912,-2.521,-2.334,0.667,28.061,52.981,753.075,0.4999999999999999,-0.8660254037844387,-0.7818314824680299,0.6234898018587334,1,0,0
2026-03-15 11:00:00,1773572400,55.724,58.687,-2.486,-1.94,0.0,29.239,51.495,874.791,0.258819045102521,-0.9659258262890682,-0.7818314824680299,0.6234898018587334,0,0,0
2026-03-15 11:00:00,1773572400,22.463,27.148,-4.054,-2.704,0.833,28.735,55.639,909.243,0.258819045102521,-0.9659258262890682,-0.7818314824680299,0.6234898018587334,1,0,0
2026-03-15 11:10:00,1773573000,54.194,56.85,-1.53,-1.692,0.0,29.221,53.523,1014.442,0.258819045102521,-0.9659258262890682,-0.7818314824680299,0.6234898018587334,0,0,0
2026-03-15 11:20:00,1773573600,52.009,55.034,-2.185,-2.067,0.0,30.085,54.916,760.05,0.258819045102521,-0.9659258262890682,-0.7818314824680299,0.6234898018587334,0,0,0
2026-03-15 11:30:00,1773574200,49.49,52.854,-2.519,-2.078,0.0,32.5,58.734,899.411,0.258819045102521,-0.9659258262890682,-0.7818314824680299,0.6234898018587334,0,0,0
2026-03-15 12:20:00,1773577200,48.815,48.815,-2.187,0.0,0.0,30.155,49.226,986.398,1.2246467991473532e-16,-1.0,-0.7818314824680299,0.6234898018587334,0,0,0
2026-03-15 12:30:00,1773577800,45.709,47.262,-3.107,-3.107,0.0,27.275,49.704,937.135,1.2246467991473532e-16,-1.0,-0.7818314824680299,0.6234898018587334,0,0,0
2026-03-15 12:40:00,1773578400,42.633,45.719,-3.075,-3.091,0.0,29.675,47.791,863.106,1.2246467991473532e-16,-1.0,-0.7818314824680299,0.6234898018587334,0,0,0
2026-03-15 12:50:00,1773579000,40.444,44.4,-2.189,-2.79,0.0,26.045,61.36,1100.0,1.2246467991473532e-16,-1.0,-0.7818314824680299,0.6234898018587334,0,0,0
2026-03-15 13:00:00,1773579600,38.827,41.903,-1.617,-2.294,0.0,29.383,53.845,909.321,-0.2588190451025208,-0.9659258262890684,-0.7818314824680299,0.6234898018587334,0,0,0
2026-03-15 13:10:00,1773580200,35.411,39.329,-3.416,-2.407,0.0,27.205,54.312,980.293,-0.2588190451025208,-0.9659258262890684,-0.7818314824680299,0.6234898018587334,0,0,0
2026-03-15 13:20:00,1773580800,31.835,36.629,-3.576,-2.87,0.167,28.339,53.629,1002.196,-0.2588190451025208,-0.9659258262890684,-0.7818314824680299,0.6234898018587334,1,0,0
2026-03-15 13:30:00,1773581400,30.545,34.155,-1.29,-2.761,0.333,26.668,55.747,789.541,-0.2588190451025208,-0.9659258262890684,-0.7818314824680299,0.6234898018587334,1,0,0
2026-03-15 13:40:00,1773582000,27.547,31.335,-2.998,-2.621,0.5,31.364,55.832,859.976,-0.2588190451025208,-0.9659258262890684,-0.7818314824680299,0.6234898018587334,1,0,0
2026-03-15 13:50:00,1773582600,23.682,28.402,-3.865,-2.718,0.667,28.714,52.572,905.371,-0.2588190451025208,-0.9659258262890684,-0.7818314824680299,0.6234898018587334,1,0,0
2026-03-15 14:00:00,1773583200,21.169,25.736,-2.513,-3.125,0.833,27.041,53.431,861.849,-0.4999999999999997,-0.8660254037844388,-0.7818314824680299,0.6234898018587334,1,0,0
2026-03-15 14:10:00,1773583800,20.182,23.145,-0.987,-2.455,1.0,26.282,62.543,828.747,-0.4999999999999997,-0.8660254037844388,-0.7818314824680299,0.6234898018587334,1,0,0
2026-03-15 15:50:00,1773589800,66.77,66.77,-1.695,0.0,0.0,28.809,62.582,650.205,-0.7071067811865471,-0.7071067811865479,-0.7818314824680299,0.6234898018587334,0,0,0
2026-03-15 16:00:00,1773590400,64.765,65.767,-2.006,-2.006,0.0,24.955,65.921,474.674,-0.8660254037844385,-0.5000000000000004,-0.7818314824680299,0.6234898018587334,0,0,0
2026-03-15 16:10:00,1773591000,63.373,64.969,-1.391,-1.698,0.0,24.723,66.811,362.787,-0.8660254037844385,-0.5000000000000004,-0.7818314824680299,0.6234898018587334,0,0,0
2026-03-15 16:10:00,1773591000,49.828,49.828,-1.4,0.0,0.0,26.608,69.315,424.346,-0.8660254037844385,-0.5000000000000004,-0.7818314824680299,0.6234898018587334,0,0,0
2026-03-15 16:20:00,1773591600,48.645,49.236,-1.183,-1.183,0.0,23.878,52.721,548.578,-0.8660254037844385,-0.5000000000000004,-0.7818314824680299,0.6234898018587334,0,0,0
2026-03-15 16:20:00,1773591600,62.056,64.241,-1.317,-1.571,0.0,24.735,62.821,443.313,-0.8660254037844385,-0.5000000000000004,-0.7818314824680299,0.6234898018587334,0,0,0
2026-03-15 16:30:00,1773592200,60.667,62.715,-1.389,-1.366,0.0,25.996,69.889,512.497,-0.8660254037844385,-0.5000000000000004,-0.7818314824680299,0.6234898018587334,0,0,0
2026-03-15 16:30:00,1773592200,47.392,48.622,-1.252,-1.218,0.0,22.838,64.131,605.876,-0.8660254037844385,-0.5000000000000004,-0.7818314824680299,0.6234898018587334,0,0,0
2026-03-15 16:40:00,1773592800,60.199,61.574,-0.469,-1.058,0.0,25.832,59.19,455.876,-0.8660254037844385,-0.5000000000000004,-0.7818314824680299,0.6234898018587334,0,0,0
2026-03-15 16:40:00,1773592800,46.498,48.091,-0.894,-1.11,0.0,24.374,64.059,513.04,-0.8660254037844385,-0.5000000000000004,-0.7818314824680299,0.6234898018587334,0,0,0
2026-03-15 16:50:00,1773593400,44.656,46.798,-1.843,-1.33,0.0,23.955,60.887,452.057,-0.8660254037844385,-0.5000000000000004,-0.7818314824680299,0.6234898018587334,0,0,0
2026-03-15 16:50:00,1773593400,60.243,60.791,0.044,-0.604,0.0,19.915,60.26,496.454,-0.8660254037844385,-0.5000000000000004,-0.7818314824680299,0.6234898018587334,0,0,0
2026-03-15 17:00:00,1773594000,43.483,45.507,-1.173,-1.303,0.0,23.088,66.566,301.692,-0.9659258262890684,-0.2588190451025206,-0.7818314824680299,0.6234898018587334,0,0,0
2026-03-15 17:00:00,1773594000,60.131,60.31,-0.112,-0.179,0.0,24.147,69.764,317.42,-0.9659258262890684,-0.2588190451025206,-0.7818314824680299,0.6234898018587334,0,0,0
2026-03-15 17:10:00,1773594600,58.816,59.847,-1.315,-0.461,0.0,22.847,71.868,406.515,-0.9659258262890684,-0.2588190451025206,-0.7818314824680299,0.6234898018587334,0,0,0
2026-03-15 17:10:00,1773594600,42.299,44.234,-1.184,-1.4,0.0,21.29,61.483,398.775,-0.9659258262890684,-0.2588190451025206,-0.7818314824680299,0.6234898018587334,0,0,0
2026-03-15 17:20:00,1773595200,65.413,61.151,6.597,1.723,0.0,22.562,71.366,419.47,-0.9659258262890684,-0.2588190451025206,-0.7818314824680299,0.6234898018587334,0,0,1
2026-03-15 17:20:00,1773595200,39.295,42.433,-3.004,-1.787,0.0,23.43,73.131,218.733,-0.9659258262890684,-0.2588190451025206,-0.7818314824680299,0.6234898018587334,0,0,0
2026-03-15 17:30:00,1773595800,64.127,62.122,-1.286,1.332,0.0,23.24,58.784,400.516,-0.9659258262890684,-0.2588190451025206,-0.7818314824680299,0.6234898018587334,0,0,0
2026-03-15 17:30:00,1773595800,37.741,40.704,-1.553,-1.914,0.0,21.595,64.109,342.235,-0.9659258262890684,-0.2588190451025206,-0.7818314824680299,0.6234898018587334,0,0,0
2026-03-15 17:40:00,1773596400,49.34,42.169,11.599,2.347,0.0,21.148,65.619,278.849,-0.9659258262890684,-0.2588190451025206,-0.7818314824680299,0.6234898018587334,0,0,1
2026-03-15 17:40:00,1773596400,63.913,63.067,-0.214,1.699,0.0,18.528,76.807,285.03,-0.9659258262890684,-0.2588190451025206,-0.7818314824680299,0.6234898018587334,0,0,0
2026-03-15 17:50:00,1773597000,48.115,43.623,-1.225,2.94,0.0,21.745,65.4,384.471,-0.9659258262890684,-0.2588190451025206,-0.7818314824680299,0.6234898018587334,0,0,0
2026-03-15 18:00:00,1773597600,47.002,45.55,-1.113,3.087,0.0,20.812,67.189,43.316,-1.0,-1.8369701987210294e-16,-0.7818314824680299,0.6234898018587334,0,0,0
2026-03-15 23:20:00,1773616800,69.288,69.288,-0.808,0.0,0.0,19.821,76.323,71.163,-0.2588190451025215,0.965925826289068,-0.7818314824680299,0.6234898018587334,0,0,0
2026-03-15 23:30:00,1773617400,67.507,68.397,-1.782,-1.782,0.0,19.325,71.145,69.042,-0.2588190451025215,0.965925826289068,-0.7818314824680299,0.6234898018587334,0,0,0
2026-03-15 23:40:00,1773618000,66.232,67.676,-1.274,-1.528,0.0,22.072,71.834,42.853,-0.2588190451025215,0.965925826289068,-0.7818314824680299,0.6234898018587334,0,0,0
2026-03-15 23:50:00,1773618600,64.931,66.99,-1.301,-1.452,0.0,22.311,67.735,188.582,-0.2588190451025215,0.965925826289068,-0.7818314824680299,0.6234898018587334,0,0,0
2026-03-16 00:00:00,1773619200,65.009,65.92,0.078,-0.833,0.0,18.465,75.592,96.88,0.0,1.0,0.0,1.0,0,0,0
2026-03-16 00:10:00,1773619800,64.225,65.099,-0.784,-0.669,0.0,20.853,66.199,95.361,0.0,1.0,0.0,1.0,0,0,0
2026-03-16 00:20:00,1773620400,63.239,64.351,-0.986,-0.564,0.0,17.874,74.386,20.0,0.0,1.0,0.0,1.0,0,0,0
2026-03-16 00:30:00,1773621000,63.416,63.972,0.177,-0.531,0.0,16.706,74.144,83.609,0.0,1.0,0.0,1.0,0,0,0
2026-03-16 00:40:00,1773621600,80.503,67.846,17.087,5.426,0.0,19.747,61.858,65.815,0.0,1.0,0.0,1.0,0,0,1
2026-03-16 00:50:00,1773622200,80.517,71.919,0.014,5.759,0.0,20.487,80.227,71.661,0.0,1.0,0.0,1.0,0,0,0
2026-03-16 01:00:00,1773622800,78.549,75.746,-1.969,5.044,0.0,24.144,75.112,119.438,0.2588190451025207,0.9659258262890684,0.0,1.0,0,0,0
2026-03-16 01:10:00,1773623400,77.768,79.334,-0.781,-0.912,0.0,21.466,67.221,20.0,0.2588190451025207,0.9659258262890684,0.0,1.0,0,0,0
2026-03-16 15:20:00,1773674400,52.812,52.812,-2.357,0.0,0.0,23.267,63.281,683.449,-0.7071067811865471,-0.7071067811865479,0.0,1.0,0,0,0
2026-03-16 15:30:00,1773675000,51.493,52.152,-1.319,-1.319,0.0,26.08,48.677,660.371,-0.7071067811865471,-0.7071067811865479,0.0,1.0,0,0,0
2026-03-16 15:40:00,1773675600,51.247,51.851,-0.246,-0.782,0.0,24.408,59.028,766.438,-0.7071067811865471,-0.7071067811865479,0.0,1.0,0,0,0
2026-03-16 15:50:00,1773676200,49.457,51.252,-1.79,-1.118,0.0,25.442,61.349,767.76,-0.7071067811865471,-0.7071067811865479,0.0,1.0,0,0,0
2026-03-16 16:00:00,1773676800,48.334,50.133,-1.123,-1.053,0.0,21.532,59.807,457.013,-0.8660254037844385,-0.5000000000000004,0.0,1.0,0,0,0
2026-03-16 16:10:00,1773677400,46.02,48.764,-2.314,-1.742,0.0,26.109,58.121,554.719,-0.8660254037844385,-0.5000000000000004,0.0,1.0,0,0,0
2026-03-16 16:20:00,1773678000,43.337,46.787,-2.683,-2.04,0.0,24.109,65.399,647.126,-0.8660254037844385,-0.5000000000000004,0.0,1.0,0,0,0
2026-03-16 16:30:00,1773678600,43.779,45.368,0.442,-1.518,0.0,22.994,68.379,540.647,-0.8660254037844385,-0.5000000000000004,0.0,1.0,0,0,0
2026-03-16 16:40:00,1773679200,43.419,44.139,-0.359,-0.867,0.0,21.744,71.031,433.454,-0.8660254037844385,-0.5000000000000004,0.0,1.0,0,0,0
2026-03-16 16:50:00,1773679800,41.837,43.093,-1.583,-0.5,0.0,21.867,67.45,507.559,-0.8660254037844385,-0.5000000000000004,0.0,1.0,0,0,0
2026-03-16 17:00:00,1773680400,40.811,42.462,-1.026,-0.989,0.0,20.953,66.166,342.611,-0.9659258262890684,-0.2588190451025206,0.0,1.0,0,0,0
2026-03-16 17:10:00,1773681000,39.412,41.37,-1.399,-1.336,0.0,22.5,71.358,415.251,-0.9659258262890684,-0.2588190451025206,0.0,1.0,0,0,0
2026-03-16 19:00:00,1773687600,38.442,38.442,-0.362,0.0,0.0,17.963,79.556,20.0,-0.9659258262890684,0.2588190451025203,0.0,1.0,0,0,0
2026-03-16 19:10:00,1773688200,37.032,37.737,-1.409,-1.409,0.0,19.066,65.917,20.0,-0.9659258262890684,0.2588190451025203,0.0,1.0,0,0,0
2026-03-16 19:20:00,1773688800,36.384,37.286,-0.649,-1.029,0.0,20.218,60.544,160.872,-0.9659258262890684,0.2588190451025203,0.0,1.0,0,0,0
2026-03-16 19:30:00,1773689400,34.834,36.673,-1.55,-1.202,0.167,22.232,61.684,108.972,-0.9659258262890684,0.2588190451025203,0.0,1.0,0,0,0
2026-03-16 19:40:00,1773690000,34.461,35.678,-0.374,-0.857,0.333,21.952,73.842,20.0,-0.9659258262890684,0.2588190451025203,0.0,1.0,0,0,0
2026-03-16 19:50:00,1773690600,33.672,34.838,-0.789,-0.904,0.5,21.137,73.164,136.963,-0.9659258262890684,0.2588190451025203,0.0,1.0,0,0,0
2026-03-16 20:00:00,1773691200,33.106,34.018,-0.566,-0.576,0.667,18.705,71.237,20.0,-0.8660254037844386,0.5000000000000001,0.0,1.0,0,0,0
2026-03-16 20:10:00,1773691800,31.639,33.219,-1.467,-0.94,0.833,18.75,79.407,20.0,-0.8660254037844386,0.5000000000000001,0.0,1.0,0,0,0
2026-03-16 20:20:00,1773692400,47.282,36.425,15.643,4.537,0.667,20.689,72.057,94.161,-0.8660254037844386,0.5000000000000001,0.0,1.0,0,0,1
2026-03-16 20:30:00,1773693000,44.472,39.125,-2.81,3.789,0.5,23.655,70.974,118.788,-0.8660254037844386,0.5000000000000001,0.0,1.0,0,0,0
2026-03-16 20:40:00,1773693600,42.318,41.428,-2.154,3.56,0.333,19.216,78.548,47.961,-0.8660254037844386,0.5000000000000001,0.0,1.0,0,0,0
2026-03-16 20:50:00,1773694200,41.866,43.985,-0.453,-1.806,0.167,17.412,74.198,20.0,-0.8660254037844386,0.5000000000000001,0.0,1.0,0,0,0
2026-03-17 14:40:00,1773758400,72.452,72.452,-1.403,0.0,0.0,23.798,52.851,747.028,-0.4999999999999997,-0.8660254037844388,0.7818314824680298,0.6234898018587336,0,0,0
2026-03-17 14:50:00,1773759000,70.248,71.35,-2.203,-2.203,0.0,24.832,52.795,720.366,-0.4999999999999997,-0.8660254037844388,0.7818314824680298,0.6234898018587336,0,0,0
2026-03-17 15:00:00,1773759600,67.772,70.157,-2.477,-2.34,0.0,23.72,59.703,581.497,-0.7071067811865471,-0.7071067811865479,0.7818314824680298,0.6234898018587336,0,0,0
2026-03-17 15:10:00,1773760200,66.933,69.351,-0.839,-1.839,0.0,22.76,58.24,755.139,-0.7071067811865471,-0.7071067811865479,0.7818314824680298,0.6234898018587336,0,0,0
2026-03-17 15:20:00,1773760800,65.841,67.699,-1.092,-1.469,0.0,27.691,57.741,640.884,-0.7071067811865471,-0.7071067811865479,0.7818314824680298,0.6234898018587336,0,0,0
2026-03-17 15:30:00,1773761400,64.832,66.345,-1.009,-0.98,0.0,26.323,60.874,657.042,-0.7071067811865471,-0.7071067811865479,0.7818314824680298,0.6234898018587336,0,0,0
2026-03-17 15:40:00,1773762000,62.251,64.964,-2.581,-1.561,0.0,25.241,62.793,683.925,-0.7071067811865471,-0.7071067811865479,0.7818314824680298,0.6234898018587336,0,0,0
2026-03-17 15:50:00,1773762600,62.463,63.847,0.212,-1.126,0.0,22.73,65.313,713.684,-0.7071067811865471,-0.7071067811865479,0.7818314824680298,0.6234898018587336,0,0,0
2026-03-17 16:00:00,1773763200,59.328,62.219,-3.134,-1.835,0.0,23.671,54.692,604.889,-0.8660254037844385,-0.5000000000000004,0.7818314824680298,0.6234898018587336,0,0,0
2026-03-17 16:10:00,1773763800,58.591,60.658,-0.737,-1.22,0.0,21.671,62.686,463.561,-0.8660254037844385,-0.5000000000000004,0.7818314824680298,0.6234898018587336,0,0,0
2026-03-17 16:20:00,1773764400,57.581,59.491,-1.011,-1.627,0.0,26.52,57.624,473.579,-0.8660254037844385,-0.5000000000000004,0.7818314824680298,0.6234898018587336,0,0,0
2026-03-17 16:30:00,1773765000,56.652,58.038,-0.929,-0.892,0.0,25.695,66.706,543.206,-0.8660254037844385,-0.5000000000000004,0.7818314824680298,0.6234898018587336,0,0,0
2026-03-18 11:40:00,1773834000,34.749,34.749,-2.339,0.0,0.167,25.323,64.495,832.96,0.258819045102521,-0.9659258262890682,0.9749279121818236,-0.2225209339563143,0,0,0
2026-03-18 11:50:00,1773834600,31.872,33.311,-2.877,-2.877,0.333,26.853,54.389,909.326,0.258819045102521,-0.9659258262890682,0.9749279121818236,-0.2225209339563143,1,0,0
2026-03-18 12:00:00,1773835200,30.327,32.316,-1.545,-2.211,0.5,27.209,58.626,854.208,1.2246467991473532e-16,-1.0,0.9749279121818236,-0.2225209339563143,0,0,0
2026-03-18 12:10:00,1773835800,28.955,31.476,-1.373,-1.932,0.667,27.986,51.289,989.604,1.2246467991473532e-16,-1.0,0.9749279121818236,-0.2225209339563143,1,0,0
2026-03-18 12:20:00,1773836400,26.748,29.475,-2.207,-1.708,0.833,31.696,53.914,848.404,1.2246467991473532e-16,-1.0,0.9749279121818236,-0.2225209339563143,1,0,0
2026-03-18 12:30:00,1773837000,24.219,27.562,-2.528,-2.036,1.0,26.95,46.275,1012.598,1.2246467991473532e-16,-1.0,0.9749279121818236,-0.2225209339563143,1,0,0
2026-03-18 12:40:00,1773837600,23.035,25.739,-1.184,-1.973,1.167,27.49,60.866,988.249,1.2246467991473532e-16,-1.0,0.9749279121818236,-0.2225209339563143,1,0,0
2026-03-18 12:50:00,1773838200,20.996,23.75,-2.039,-1.917,1.333,28.659,49.841,918.386,1.2246467991473532e-16,-1.0,0.9749279121818236,-0.2225209339563143,1,0,0
2026-03-18 13:00:00,1773838800,20.025,22.069,-0.971,-1.398,1.5,27.315,53.098,782.949,-0.2588190451025208,-0.9659258262890684,0.9749279121818236,-0.2225209339563143,1,0,0
2026-03-18 13:10:00,1773839400,29.769,23.456,9.744,2.245,1.667,26.73,59.414,874.332,-0.2588190451025208,-0.9659258262890684,0.9749279121818236,-0.2225209339563143,0,0,1
2026-03-18 13:20:00,1773840000,28.524,24.829,-1.245,2.509,1.833,28.173,52.843,872.321,-0.2588190451025208,-0.9659258262890684,0.9749279121818236,-0.2225209339563143,0,0,0
2026-03-18 13:30:00,1773840600,24.949,25.817,-3.575,1.641,2.0,28.605,60.742,843.378,-0.2588190451025208,-0.9659258262890684,0.9749279121818236,-0.2225209339563143,1,0,0
2026-03-19 07:50:00,1773906600,36.632,36.632,-1.394,0.0,0.0,21.592,61.325,187.71,0.9659258262890684,-0.2588190451025206,0.4338837391175582,-0.900968867902419,0,0,0
2026-03-19 08:00:00,1773907200,34.273,35.452,-2.359,-2.359,0.167,23.243,78.995,570.252,0.8660254037844387,-0.4999999999999998,0.4338837391175582,-0.900968867902419,0,0,0
2026-03-19 08:10:00,1773907800,32.979,34.628,-1.293,-1.826,0.333,23.012,56.261,397.713,0.8660254037844387,-0.4999999999999998,0.4338837391175582,-0.900968867902419,0,0,0
2026-03-19 08:20:00,1773908400,31.48,33.841,-1.499,-1.717,0.5,25.684,60.165,483.463,0.8660254037844387,-0.4999999999999998,0.4338837391175582,-0.900968867902419,0,0,0
2026-03-19 08:30:00,1773909000,30.666,32.35,-0.815,-1.202,0.667,22.003,63.269,401.175,0.8660254037844387,-0.4999999999999998,0.4338837391175582,-0.900968867902419,0,0,0
2026-03-19 08:40:00,1773909600,29.396,31.13,-1.269,-1.194,0.833,22.867,58.637,489.888,0.8660254037844387,-0.4999999999999998,0.4338837391175582,-0.900968867902419,0,0,0
2026-03-19 08:50:00,1773910200,27.407,29.737,-1.989,-1.358,1.0,23.312,65.758,485.818,0.8660254037844387,-0.4999999999999998,0.4338837391175582,-0.900968867902419,0,0,0
2026-03-19 09:00:00,1773910800,24.918,28.097,-2.489,-1.916,1.167,19.313,56.254,711.261,0.7071067811865476,-0.7071067811865475,0.4338837391175582,-0.900968867902419,1,0,0
2026-03-19 09:10:00,1773911400,22.607,26.082,-2.311,-2.263,1.333,24.243,59.029,650.175,0.7071067811865476,-0.7071067811865475,0.4338837391175582,-0.900968867902419,1,0,0
2026-03-19 09:20:00,1773912000,19.85,23.696,-2.757,-2.519,1.5,24.52,57.126,687.838,0.7071067811865476,-0.7071067811865475,0.4338837391175582,-0.900968867902419,1,0,0
2026-03-19 09:30:00,1773912600,18.256,21.408,-1.594,-2.221,1.667,25.977,52.131,685.285,0.7071067811865476,-0.7071067811865475,0.4338837391175582,-0.900968867902419,1,0,0
2026-03-19 09:40:00,1773913200,17.917,19.658,-0.339,-1.563,1.833,25.964,62.457,749.269,0.7071067811865476,-0.7071067811865475,0.4338837391175582,-0.900968867902419,1,0,0
2026-03-19 15:50:00,1773935400,36.92,36.92,-0.734,0.0,0.0,24.075,55.891,591.934,-0.7071067811865471,-0.7071067811865479,0.4338837391175582,-0.900968867902419,0,0,0
2026-03-19 16:00:00,1773936000,35.255,36.088,-1.665,-1.665,0.0,20.799,61.442,524.377,-0.8660254037844385,-0.5000000000000004,0.4338837391175582,-0.900968867902419,0,0,0
2026-03-19 16:10:00,1773936600,31.562,34.579,-3.694,-2.679,0.167,25.613,59.224,587.473,-0.8660254037844385,-0.5000000000000004,0.4338837391175582,-0.900968867902419,0,0,0
2026-03-19 16:20:00,1773937200,50.718,50.718,-0.423,0.0,0.0,22.528,64.747,543.783,-0.8660254037844385,-0.5000000000000004,0.4338837391175582,-0.900968867902419,0,0,0
2026-03-19 16:20:00,1773937200,31.578,33.829,0.017,-1.781,0.333,22.697,59.246,604.514,-0.8660254037844385,-0.5000000000000004,0.4338837391175582,-0.900968867902419,0,0,0
2026-03-19 16:30:00,1773937800,30.549,32.236,-1.03,-1.569,0.5,22.913,62.339,506.711,-0.8660254037844385,-0.5000000000000004,0.4338837391175582,-0.900968867902419,0,0,0
2026-03-19 16:30:00,1773937800,50.605,50.661,-0.112,-0.112,0.0,24.784,66.442,529.41,-0.8660254037844385,-0.5000000000000004,0.4338837391175582,-0.900968867902419,0,0,0
2026-03-19 16:40:00,1773938400,28.223,30.478,-2.326,-1.113,0.667,24.952,68.846,534.573,-0.8660254037844385,-0.5000000000000004,0.4338837391175582,-0.900968867902419,0,0,0
2026-03-19 16:40:00,1773938400,48.198,49.84,-2.407,-1.26,0.0,25.364,60.548,516.477,-0.8660254037844385,-0.5000000000000004,0.4338837391175582,-0.900968867902419,0,0,0
2026-03-19 16:50:00,1773939000,48.333,49.464,0.135,-0.795,0.0,21.085,65.503,490.578,-0.8660254037844385,-0.5000000000000004,0.4338837391175582,-0.900968867902419,0,0,0
2026-03-19 16:50:00,1773939000,26.292,29.161,-1.931,-1.762,0.833,18.468,52.359,484.38,-0.8660254037844385,-0.5000000000000004,0.4338837391175582,-0.900968867902419,0,0,0
2026-03-19 17:00:00,1773939600,48.975,49.028,0.642,-0.543,0.0,16.255,65.34,371.559,-0.9659258262890684,-0.2588190451025206,0.4338837391175582,-0.900968867902419,0,0,0
2026-03-19 17:00:00,1773939600,24.335,27.35,-1.957,-2.071,1.0,21.698,77.096,307.962,-0.9659258262890684,-0.2588190451025206,0.4338837391175582,-0.900968867902419,0,0,0
2026-03-19 17:10:00,1773940200,22.229,25.27,-2.106,-1.998,1.167,19.857,67.483,321.307,-0.9659258262890684,-0.2588190451025206,0.4338837391175582,-0.900968867902419,1,0,0
2026-03-19 17:10:00,1773940200,48.031,48.384,-0.944,-0.056,0.0,22.855,58.759,306.292,-0.9659258262890684,-0.2588190451025206,0.4338837391175582,-0.900968867902419,0,0,0
2026-03-19 17:20:00,1773940800,21.881,23.684,-0.348,-1.47,1.333,25.392,67.179,252.283,-0.9659258262890684,-0.2588190451025206,0.4338837391175582,-0.900968867902419,1,0,0
2026-03-19 17:20:00,1773940800,46.408,47.937,-1.623,-0.642,0.0,18.858,65.434,430.359,-0.9659258262890684,-0.2588190451025206,0.4338837391175582,-0.900968867902419,0,0,0
2026-03-19 17:30:00,1773941400,32.016,25.115,10.135,2.56,1.5,20.161,67.937,297.844,-0.9659258262890684,-0.2588190451025206,0.4338837391175582,-0.900968867902419,0,0,1
2026-03-19 17:30:00,1773941400,45.058,47.118,-1.35,-1.306,0.0,21.383,64.563,378.914,-0.9659258262890684,-0.2588190451025206,0.4338837391175582,-0.900968867902419,0,0,0
2026-03-19 17:40:00,1773942000,44.03,45.882,-1.028,-1.334,0.0,18.8,66.048,266.83,-0.9659258262890684,-0.2588190451025206,0.4338837391175582,-0.900968867902419,0,0,0
2026-03-19 17:40:00,1773942000,32.037,27.041,0.021,3.269,1.667,25.929,66.893,257.289,-0.9659258262890684,-0.2588190451025206,0.4338837391175582,-0.900968867902419,0,0,0
2026-03-19 17:50:00,1773942600,43.006,44.626,-1.024,-1.134,0.0,21.809,64.558,310.849,-0.9659258262890684,-0.2588190451025206,0.4338837391175582,-0.900968867902419,0,0,0
2026-03-19 18:00:00,1773943200,41.451,43.386,-1.555,-1.202,0.0,16.892,67.428,228.43,-1.0,-1.8369701987210294e-16,0.4338837391175582,-0.900968867902419,0,0,0
2026-03-19 18:10:00,1773943800,40.759,42.312,-0.692,-1.09,0.0,19.479,81.985,52.103,-1.0,-1.8369701987210294e-16,0.4338837391175582,-0.900968867902419,0,0,0
2026-03-19 23:50:00,1773964200,49.26,49.26,-0.076,0.0,0.0,18.584,68.195,29.657,-0.2588190451025215,0.965925826289068,0.4338837391175582,-0.900968867902419,0,0,0
2026-03-20 00:00:00,1773964800,47.454,48.357,-1.806,-1.806,0.0,18.332,71.122,20.0,0.0,1.0,-0.433883739117558,-0.9009688679024191,0,0,0
2026-03-20 00:10:00,1773965400,46.283,47.666,-1.171,-1.488,0.0,18.213,72.759,51.927,0.0,1.0,-0.433883739117558,-0.9009688679024191,0,0,0
2026-03-20 00:20:00,1773966000,45.74,47.184,-0.543,-1.173,0.0,17.386,72.473,114.174,0.0,1.0,-0.433883739117558,-0.9009688679024191,0,0,0
2026-03-20 00:30:00,1773966600,46.256,46.433,0.515,-0.399,0.0,20.535,72.209,37.973,0.0,1.0,-0.433883739117558,-0.9009688679024191,0,0,0
2026-03-20 00:40:00,1773967200,45.47,45.937,-0.786,-0.271,0.0,18.475,74.533,93.789,0.0,1.0,-0.433883739117558,-0.9009688679024191,0,0,0
2026-03-20 00:50:00,1773967800,43.857,45.331,-1.612,-0.628,0.0,18.189,69.702,85.493,0.0,1.0,-0.433883739117558,-0.9009688679024191,0,0,0
2026-03-20 01:00:00,1773968400,43.237,44.705,-0.621,-1.006,0.0,21.196,65.535,22.599,0.2588190451025207,0.9659258262890684,-0.433883739117558,-0.9009688679024191,0,0,0
2026-03-20 01:10:00,1773969000,42.503,43.767,-0.734,-0.989,0.0,23.037,69.874,20.0,0.2588190451025207,0.9659258262890684,-0.433883739117558,-0.9009688679024191,0,0,0
2026-03-20 01:20:00,1773969600,42.276,42.968,-0.227,-0.527,0.0,19.548,76.987,130.829,0.2588190451025207,0.9659258262890684,-0.433883739117558,-0.9009688679024191,0,0,0
2026-03-20 01:30:00,1773970200,54.517,45.633,12.24,3.76,0.0,22.929,76.505,116.563,0.2588190451025207,0.9659258262890684,-0.433883739117558,-0.9009688679024191,0,0,1
2026-03-20 01:40:00,1773970800,53.324,48.155,-1.193,3.607,0.0,19.054,77.305,184.688,0.2588190451025207,0.9659258262890684,-0.433883739117558,-0.9009688679024191,0,0,0
2026-03-20 07:10:00,1773990600,43.569,43.569,-2.032,0.0,0.0,20.582,68.049,249.492,0.9659258262890684,-0.2588190451025206,-0.433883739117558,-0.9009688679024191,0,0,0
2026-03-20 07:20:00,1773991200,42.539,43.054,-1.029,-1.029,0.0,22.375,66.558,389.324,0.9659258262890684,-0.2588190451025206,-0.433883739117558,-0.9009688679024191,0,0,0
2026-03-20 07:30:00,1773991800,42.676,42.928,0.137,-0.446,0.0,20.217,75.015,354.065,0.9659258262890684,-0.2588190451025206,-0.433883739117558,-0.9009688679024191,0,0,0
2026-03-20 07:40:00,1773992400,41.933,42.679,-0.744,-0.545,0.0,19.289,65.708,240.989,0.9659258262890684,-0.2588190451025206,-0.433883739117558,-0.9009688679024191,0,0,0
2026-03-20 07:50:00,1773993000,40.202,41.838,-1.73,-0.779,0.0,23.904,70.224,334.625,0.9659258262890684,-0.2588190451025206,-0.433883739117558,-0.9009688679024191,0,0,0
2026-03-20 08:00:00,1773993600,39.37,41.046,-0.832,-1.102,0.0,23.193,65.215,525.99,0.8660254037844387,-0.4999999999999998,-0.433883739117558,-0.9009688679024191,0,0,0
2026-03-20 08:10:00,1773994200,38.013,39.88,-1.357,-1.306,0.0,23.943,61.183,425.751,0.8660254037844387,-0.4999999999999998,-0.433883739117558,-0.9009688679024191,0,0,0
2026-03-20 08:20:00,1773994800,36.322,38.477,-1.691,-1.294,0.0,26.297,65.128,573.119,0.8660254037844387,-0.4999999999999998,-0.433883739117558,-0.9009688679024191,0,0,0
2026-03-20 08:30:00,1773995400,35.311,37.254,-1.011,-1.353,0.0,26.179,61.391,383.567,0.8660254037844387,-0.4999999999999998,-0.433883739117558,-0.9009688679024191,0,0,0
2026-03-20 08:40:00,1773996000,34.454,36.025,-0.857,-1.186,0.167,21.653,70.735,417.828,0.8660254037844387,-0.4999999999999998,-0.433883739117558,-0.9009688679024191,0,0,0
2026-03-20 08:50:00,1773996600,31.799,34.472,-2.654,-1.507,0.333,25.672,67.672,496.156,0.8660254037844387,-0.4999999999999998,-0.433883739117558,-0.9009688679024191,0,0,0
2026-03-20 09:00:00,1773997200,30.84,33.101,-0.96,-1.49,0.5,25.059,53.313,748.671,0.7071067811865476,-0.7071067811865475,-0.433883739117558,-0.9009688679024191,0,0,0
2026-03-20 10:50:00,1774003800,63.264,63.264,-2.732,0.0,0.0,25.471,50.624,705.828,0.4999999999999999,-0.8660254037844387,-0.433883739117558,-0.9009688679024191,0,0,0
2026-03-20 11:00:00,1774004400,60.928,62.096,-2.336,-2.336,0.0,28.922,58.383,755.129,0.258819045102521,-0.9659258262890682,-0.433883739117558,-0.9009688679024191,0,0,0
2026-03-20 11:10:00,1774005000,57.964,60.719,-2.964,-2.65,0.0,30.159,40.723,831.288,0.258819045102521,-0.9659258262890682,-0.433883739117558,-0.9009688679024191,0,0,0
2026-03-20 11:20:00,1774005600,56.316,59.618,-1.648,-2.316,0.0,26.343,56.633,957.357,0.258819045102521,-0.9659258262890682,-0.433883739117558,-0.9009688679024191,0,0,0
2026-03-20 11:30:00,1774006200,54.806,57.503,-1.51,-2.041,0.0,28.445,47.188,886.831,0.258819045102521,-0.9659258262890682,-0.433883739117558,-0.9009688679024191,0,0,0
2026-03-20 11:40:00,1774006800,52.611,55.424,-2.195,-1.784,0.0,27.649,46.799,861.784,0.258819045102521,-0.9659258262890682,-0.433883739117558,-0.9009688679024191,0,0,0
2026-03-20 11:50:00,1774007400,51.202,53.734,-1.409,-1.705,0.0,24.516,53.994,921.542,0.258819045102521,-0.9659258262890682,-0.433883739117558,-0.9009688679024191,0,0,0
2026-03-20 12:00:00,1774008000,49.163,51.946,-2.039,-1.881,0.0,29.753,55.35,854.766,1.2246467991473532e-16,-1.0,-0.433883739117558,-0.9009688679024191,0,0,0
2026-03-20 12:10:00,1774008600,46.713,49.922,-2.45,-1.966,0.0,29.316,67.554,962.799,1.2246467991473532e-16,-1.0,-0.433883739117558,-0.9009688679024191,0,0,0
2026-03-20 12:20:00,1774009200,43.463,47.635,-3.25,-2.58,0.0,28.878,51.366,959.946,1.2246467991473532e-16,-1.0,-0.433883739117558,-0.9009688679024191,0,0,0
2026-03-20 12:30:00,1774009800,41.3,45.16,-2.163,-2.621,0.0,26.535,58.58,952.879,1.2246467991473532e-16,-1.0,-0.433883739117558,-0.9009688679024191,0,0,0
2026-03-20 12:40:00,1774010400,40.789,43.066,-0.511,-1.975,0.0,25.416,55.763,969.359,1.2246467991473532e-16,-1.0,-0.433883739117558,-0.9009688679024191,0,0,0
2026-03-20 13:50:00,1774014600,58.42,58.42,-2.253,0.0,0.0,29.806,59.596,949.597,-0.2588190451025208,-0.9659258262890684,-0.433883739117558,-0.9009688679024191,0,0,0
2026-03-20 14:00:00,1774015200,55.57,56.995,-2.85,-2.85,0.0,32.147,62.502,877.096,-0.4999999999999997,-0.8660254037844388,-0.433883739117558,-0.9009688679024191,0,0,0
2026-03-20 14:10:00,1774015800,52.857,55.616,-2.713,-2.782,0.0,26.131,58.969,797.842,-0.4999999999999997,-0.8660254037844388,-0.433883739117558,-0.9009688679024191,0,0,0
2026-03-20 14:20:00,1774016400,50.285,54.283,-2.571,-2.712,0.0,23.529,55.736,718.852,-0.4999999999999997,-0.8660254037844388,-0.433883739117558,-0.9009688679024191,0,0,0
2026-03-20 14:30:00,1774017000,47.687,51.6,-2.598,-2.628,0.0,25.271,56.462,771.527,-0.4999999999999997,-0.8660254037844388,-0.433883739117558,-0.9009688679024191,0,0,0
2026-03-20 14:40:00,1774017600,45.405,49.059,-2.282,-2.484,0.0,28.823,63.765,815.781,-0.4999999999999997,-0.8660254037844388,-0.433883739117558,-0.9009688679024191,0,0,0
2026-03-20 14:50:00,1774018200,44.141,46.88,-1.264,-2.048,0.0,27.757,58.363,803.299,-0.4999999999999997,-0.8660254037844388,-0.433883739117558,-0.9009688679024191,0,0,0
2026-03-20 15:00:00,1774018800,41.397,44.657,-2.744,-2.097,0.0,26.042,59.141,664.626,-0.7071067811865471,-0.7071067811865479,-0.433883739117558,-0.9009688679024191,0,0,0
2026-03-20 15:10:00,1774019400,54.274,46.304,12.878,2.956,0.0,23.85,50.498,737.483,-0.7071067811865471,-0.7071067811865479,-0.433883739117558,-0.9009688679024191,0,0,1
2026-03-20 15:20:00,1774020000,51.148,47.74,-3.126,2.336,0.0,25.137,65.35,617.022,-0.7071067811865471,-0.7071067811865479,-0.433883739117558,-0.9009688679024191,0,0,0
2026-03-20 15:30:00,1774020600,49.714,49.133,-1.434,2.772,0.0,25.311,56.791,637.097,-0.7071067811865471,-0.7071067811865479,-0.433883739117558,-0.9009688679024191,0,0,0
2026-03-20 15:40:00,1774021200,47.668,50.701,-2.046,-2.202,0.0,26.485,60.633,700.555,-0.7071067811865471,-0.7071067811865479,-0.433883739117558,-0.9009688679024191,0,0,0
2026-03-20 15:50:00,1774021800,36.245,36.245,-1.781,0.0,0.0,26.128,52.56,628.882,-0.7071067811865471,-0.7071067811865479,-0.433883739117558,-0.9009688679024191,0,0,0
2026-03-20 16:00:00,1774022400,35.133,35.689,-1.112,-1.112,0.0,21.972,63.089,568.532,-0.8660254037844385,-0.5000000000000004,-0.433883739117558,-0.9009688679024191,0,0,0
2026-03-20 16:10:00,1774023000,33.837,35.072,-1.296,-1.204,0.167,21.678,77.022,401.307,-0.8660254037844385,-0.5000000000000004,-0.433883739117558,-0.9009688679024191,0,0,0
2026-03-20 16:20:00,1774023600,33.481,34.674,-0.356,-0.922,0.333,17.962,64.205,464.221,-0.8660254037844385,-0.5000000000000004,-0.433883739117558,-0.9009688679024191,0,0,0
2026-03-20 16:30:00,1774024200,30.874,33.331,-2.607,-1.42,0.5,25.347,54.249,472.049,-0.8660254037844385,-0.5000000000000004,-0.433883739117558,-0.9009688679024191,0,0,0
2026-03-20 16:40:00,1774024800,29.755,31.987,-1.118,-1.361,0.667,22.912,56.681,452.337,-0.8660254037844385,-0.5000000000000004,-0.433883739117558,-0.9009688679024191,0,0,0
2026-03-20 16:50:00,1774025400,27.21,30.33,-2.545,-2.09,0.833,23.901,64.033,543.443,-0.8660254037844385,-0.5000000000000004,-0.433883739117558,-0.9009688679024191,1,0,0
2026-03-20 17:00:00,1774026000,25.728,28.392,-1.482,-1.715,1.0,20.996,72.583,276.836,-0.9659258262890684,-0.2588190451025206,-0.433883739117558,-0.9009688679024191,1,0,0
2026-03-20 17:10:00,1774026600,22.81,26.376,-2.919,-2.315,1.167,22.835,62.438,401.109,-0.9659258262890684,-0.2588190451025206,-0.433883739117558,-0.9009688679024191,1,0,0
2026-03-20 17:20:00,1774027200,21.264,24.253,-1.546,-1.982,1.333,19.839,73.209,307.793,-0.9659258262890684,-0.2588190451025206,-0.433883739117558,-0.9009688679024191,1,0,0
2026-03-20 17:30:00,1774027800,34.164,25.991,12.901,2.812,1.5,19.102,66.794,336.739,-0.9659258262890684,-0.2588190451025206,-0.433883739117558,-0.9009688679024191,0,0,1
2026-03-20 17:40:00,1774028400,32.163,27.6,-2.002,3.118,1.667,21.345,55.658,379.348,-0.9659258262890684,-0.2588190451025206,-0.433883739117558,-0.9009688679024191,0,0,0
2026-03-21 10:30:00,1774089000,58.275,58.275,-2.132,0.0,0.0,24.851,59.77,810.557,0.4999999999999999,-0.8660254037844387,-0.9749279121818236,-0.2225209339563146,0,0,0
2026-03-21 10:40:00,1774089600,56.602,57.438,-1.673,-1.673,0.0,29.614,59.284,945.536,0.4999999999999999,-0.8660254037844387,-0.9749279121818236,-0.2225209339563146,0,0,0
2026-03-21 10:50:00,1774090200,53.415,56.097,-3.186,-2.43,0.0,29.199,52.664,956.078,0.4999999999999999,-0.8660254037844387,-0.9749279121818236,-0.2225209339563146,0,0,0
2026-03-21 11:00:00,1774090800,51.464,54.939,-1.951,-2.27,0.0,25.635,56.756,897.126,0.258819045102521,-0.9659258262890682,-0.9749279121818236,-0.2225209339563146,0,0,0
2026-03-21 11:00:00,1774090800,45.191,45.191,-1.428,0.0,0.0,28.739,68.446,920.68,0.258819045102521,-0.9659258262890682,-0.9749279121818236,-0.2225209339563146,0,0,0
2026-03-21 11:10:00,1774091400,42.018,43.605,-3.172,-3.172,0.0,26.91,56.845,926.953,0.258819045102521,-0.9659258262890682,-0.9749279121818236,-0.2225209339563146,0,0,0
2026-03-21 11:10:00,1774091400,49.228,52.677,-2.236,-2.458,0.0,27.277,57.778,931.959,0.258819045102521,-0.9659258262890682,-0.9749279121818236,-0.2225209339563146,0,0,0
2026-03-21 11:20:00,1774092000,48.189,50.574,-1.039,-1.742,0.0,30.755,53.21,863.778,0.258819045102521,-0.9659258262890682,-0.9749279121818236,-0.2225209339563146,0,0,0
2026-03-21 11:20:00,1774092000,40.345,42.518,-1.673,-2.423,0.0,30.489,57.127,925.11,0.258819045102521,-0.9659258262890682,-0.9749279121818236,-0.2225209339563146,0,0,0
2026-03-21 11:30:00,1774092600,46.489,48.843,-1.7,-1.658,0.0,22.651,59.836,849.327,0.258819045102521,-0.9659258262890682,-0.9749279121818236,-0.2225209339563146,0,0,0
2026-03-21 11:30:00,1774092600,39.083,41.659,-1.262,-2.036,0.0,27.486,58.678,913.112,0.258819045102521,-0.9659258262890682,-0.9749279121818236,-0.2225209339563146,0,0,0
2026-03-21 11:40:00,1774093200,57.799,50.427,11.31,2.857,0.0,27.664,61.099,859.827,0.258819045102521,-0.9659258262890682,-0.9749279121818236,-0.2225209339563146,0,0,1
2026-03-21 11:40:00,1774093200,36.645,39.523,-2.438,-1.791,0.0,31.676,54.511,892.852,0.258819045102521,-0.9659258262890682,-0.9749279121818236,-0.2225209339563146,0,0,0
2026-03-21 11:50:00,1774093800,56.598,52.269,-1.201,2.803,0.0,27.713,57.421,879.391,0.258819045102521,-0.9659258262890682,-0.9749279121818236,-0.2225209339563146,0,0,0
2026-03-21 11:50:00,1774093800,34.545,37.655,-2.1,-1.933,0.167,26.853,56.503,894.191,0.258819045102521,-0.9659258262890682,-0.9749279121818236,-0.2225209339563146,0,0,0
2026-03-21 12:00:00,1774094400,54.304,53.798,-2.294,2.605,0.0,29.15,56.92,911.692,1.2246467991473532e-16,-1.0,-0.9749279121818236,-0.2225209339563146,0,0,0
2026-03-21 12:00:00,1774094400,32.679,35.738,-1.866,-2.135,0.333,27.609,57.645,985.191,1.2246467991473532e-16,-1.0,-0.9749279121818236,-0.2225209339563146,1,0,0
2026-03-21 12:10:00,1774095000,53.414,55.529,-0.89,-1.462,0.0,28.318,57.311,873.561,1.2246467991473532e-16,-1.0,-0.9749279121818236,-0.2225209339563146,0,0,0
2026-03-21 12:10:00,1774095000,30.408,33.569,-2.27,-2.079,0.5,29.177,53.505,893.288,1.2246467991473532e-16,-1.0,-0.9749279121818236,-0.2225209339563146,0,0,0
2026-03-21 12:20:00,1774095600,51.11,53.856,-2.304,-1.829,0.0,28.084,57.974,888.186,1.2246467991473532e-16,-1.0,-0.9749279121818236,-0.2225209339563146,0,0,0
2026-03-21 12:20:00,1774095600,28.171,31.451,-2.237,-2.125,0.667,29.636,60.426,970.314,1.2246467991473532e-16,-1.0,-0.9749279121818236,-0.2225209339563146,1,0,0
2026-03-21 12:30:00,1774096200,26.993,29.563,-1.178,-1.895,0.833,27.212,59.425,985.251,1.2246467991473532e-16,-1.0,-0.9749279121818236,-0.2225209339563146,1,0,0
2026-03-21 12:40:00,1774096800,25.104,27.669,-1.889,-1.768,1.0,27.827,54.546,956.364,1.2246467991473532e-16,-1.0,-0.9749279121818236,-0.2225209339563146,1,0,0
2026-03-21 12:50:00,1774097400,24.143,26.103,-0.961,-1.343,1.167,29.96,49.539,1023.318,1.2246467991473532e-16,-1.0,-0.9749279121818236,-0.2225209339563146,1,0,0
2026-03-21 16:40:00,1774111200,37.193,37.193,-1.564,0.0,0.0,24.917,60.08,650.333,-0.8660254037844385,-0.5000000000000004,-0.9749279121818236,-0.2225209339563146,0,0,0
2026-03-21 16:50:00,1774111800,33.991,35.592,-3.203,-3.203,0.167,22.418,55.934,481.816,-0.8660254037844385,-0.5000000000000004,-0.9749279121818236,-0.2225209339563146,0,0,0
2026-03-21 17:00:00,1774112400,33.665,34.95,-0.326,-1.764,0.333,20.156,70.016,371.486,-0.9659258262890684,-0.2588190451025206,-0.9749279121818236,-0.2225209339563146,0,0,0
2026-03-21 17:10:00,1774113000,33.43,34.57,-0.234,-1.254,0.5,22.395,65.258,279.096,-0.9659258262890684,-0.2588190451025206,-0.9749279121818236,-0.2225209339563146,0,0,0
2026-03-21 17:20:00,1774113600,32.324,33.352,-1.107,-0.556,0.667,17.826,65.156,401.483,-0.9659258262890684,-0.2588190451025206,-0.9749279121818236,-0.2225209339563146,0,0,0
2026-03-21 17:30:00,1774114200,30.99,32.602,-1.334,-0.892,0.833,18.642,73.875,179.084,-0.9659258262890684,-0.2588190451025206,-0.9749279121818236,-0.2225209339563146,0,0,0
2026-03-21 17:40:00,1774114800,30.0,31.686,-0.99,-1.143,1.0,22.91,63.229,222.741,-0.9659258262890684,-0.2588190451025206,-0.9749279121818236,-0.2225209339563146,0,0,0
2026-03-21 17:50:00,1774115400,28.383,30.424,-1.617,-1.314,1.167,24.978,69.332,177.902,-0.9659258262890684,-0.2588190451025206,-0.9749279121818236,-0.2225209339563146,0,0,0
2026-03-21 18:00:00,1774116000,26.938,29.077,-1.445,-1.351,1.333,20.983,77.734,182.543,-1.0,-1.8369701987210294e-16,-0.9749279121818236,-0.2225209339563146,0,0,0
2026-03-21 18:10:00,1774116600,35.971,30.323,9.034,1.99,1.167,18.7,71.522,108.154,-1.0,-1.8369701987210294e-16,-0.9749279121818236,-0.2225209339563146,0,0,1
2026-03-21 18:20:00,1774117200,35.405,31.674,-0.566,2.341,1.0,20.421,70.983,120.038,-1.0,-1.8369701987210294e-16,-0.9749279121818236,-0.2225209339563146,0,0,0
2026-03-21 18:30:00,1774117800,34.03,33.086,-1.375,2.364,1.167,20.887,74.935,33.091,-1.0,-1.8369701987210294e-16,-0.9749279121818236,-0.2225209339563146,0,0,0
2026-03-21 20:00:00,1774123200,44.402,44.402,0.598,0.0,0.0,19.476,72.677,57.048,-0.8660254037844386,0.5000000000000001,-0.9749279121818236,-0.2225209339563146,0,0,0
2026-03-21 20:10:00,1774123800,44.719,44.561,0.317,0.317,0.0,18.069,75.583,83.683,-0.8660254037844386,0.5000000000000001,-0.9749279121818236,-0.2225209339563146,0,0,0
2026-03-21 20:20:00,1774124400,44.288,44.47,-0.431,-0.057,0.0,20.949,71.232,94.236,-0.8660254037844386,0.5000000000000001,-0.9749279121818236,-0.2225209339563146,0,0,0
2026-03-21 20:20:00,1774124400,67.998,67.998,-1.674,0.0,0.0,20.271,80.056,21.378,-0.8660254037844386,0.5000000000000001,-0.9749279121818236,-0.2225209339563146,0,0,0
2026-03-21 20:30:00,1774125000,43.27,44.17,-1.018,-0.377,0.0,20.076,74.26,84.079,-0.8660254037844386,0.5000000000000001,-0.9749279121818236,-0.2225209339563146,0,0,0
2026-03-21 20:30:00,1774125000,66.977,67.488,-1.022,-1.022,0.0,16.496,65.595,207.491,-0.8660254037844386,0.5000000000000001,-0.9749279121818236,-0.2225209339563146,0,0,0
2026-03-21 20:40:00,1774125600,66.692,67.222,-0.284,-0.653,0.0,20.283,63.125,136.882,-0.8660254037844386,0.5000000000000001,-0.9749279121818236,-0.2225209339563146,0,0,0
2026-03-21 20:40:00,1774125600,41.061,43.335,-2.209,-1.219,0.0,25.221,65.978,199.515,-0.8660254037844386,0.5000000000000001,-0.9749279121818236,-0.2225209339563146,0,0,0
2026-03-21 20:50:00,1774126200,40.293,42.228,-0.768,-1.332,0.0,21.592,74.956,72.77,-0.8660254037844386,0.5000000000000001,-0.9749279121818236,-0.2225209339563146,0,0,0
2026-03-21 20:50:00,1774126200,66.449,67.029,-0.244,-0.517,0.0,18.545,68.817,169.211,-0.8660254037844386,0.5000000000000001,-0.9749279121818236,-0.2225209339563146,0,0,0
2026-03-21 21:00:00,1774126800,38.249,40.718,-2.044,-1.674,0.0,19.312,71.9,31.554,-0.7071067811865477,0.7071067811865474,-0.9749279121818236,-0.2225209339563146,0,0,0
2026-03-21 21:00:00,1774126800,64.945,66.266,-1.504,-0.677,0.0,16.429,74.69,111.367,-0.7071067811865477,0.7071067811865474,-0.9749279121818236,-0.2225209339563146,0,0,0
2026-03-21 21:10:00,1774127400,37.853,39.364,-0.396,-1.069,0.0,21.328,73.227,20.0,-0.7071067811865477,0.7071067811865474,-0.9749279121818236,-0.2225209339563146,0,0,0
2026-03-21 21:10:00,1774127400,63.193,65.32,-1.752,-1.166,0.0,20.693,67.967,20.0,-0.7071067811865477,0.7071067811865474,-0.9749279121818236,-0.2225209339563146,0,0,0
2026-03-21 21:20:00,1774128000,62.164,64.188,-1.029,-1.428,0.0,18.572,79.256,96.915,-0.7071067811865477,0.7071067811865474,-0.9749279121818236,-0.2225209339563146,0,0,0
2026-03-21 21:20:00,1774128000,37.926,38.58,0.073,-0.789,0.0,21.126,58.107,20.0,-0.7071067811865477,0.7071067811865474,-0.9749279121818236,-0.2225209339563146,0,0,0
2026-03-21 21:30:00,1774128600,39.717,38.436,1.79,0.489,0.0,18.023,77.245,139.034,-0.7071067811865477,0.7071067811865474,-0.9749279121818236,-0.2225209339563146,0,0,0
2026-03-21 21:30:00,1774128600,61.061,62.841,-1.103,-1.295,0.0,18.561,74.356,98.824,-0.7071067811865477,0.7071067811865474,-0.9749279121818236,-0.2225209339563146,0,0,0
2026-03-21 21:40:00,1774129200,38.775,38.568,-0.942,0.307,0.0,16.184,74.134,128.676,-0.7071067811865477,0.7071067811865474,-0.9749279121818236,-0.2225209339563146,0,0,0
2026-03-21 21:40:00,1774129200,61.672,62.022,0.611,-0.507,0.0,17.719,59.936,175.385,-0.7071067811865477,0.7071067811865474,-0.9749279121818236,-0.2225209339563146,0,0,0
2026-03-21 21:50:00,1774129800,60.766,61.416,-0.905,-0.466,0.0,15.926,70.448,51.631,-0.7071067811865477,0.7071067811865474,-0.9749279121818236,-0.2225209339563146,0,0,0
2026-03-21 21:50:00,1774129800,38.881,38.825,0.106,0.318,0.0,21.361,64.758,20.0,-0.7071067811865477,0.7071067811865474,-0.9749279121818236,-0.2225209339563146,0,0,0
2026-03-21 22:00:00,1774130400,58.826,60.581,-1.94,-0.745,0.0,20.959,74.623,20.0,-0.5000000000000004,0.8660254037844384,-0.9749279121818236,-0.2225209339563146,0,0,0
2026-03-21 22:10:00,1774131000,58.006,59.817,-0.82,-1.222,0.0,20.144,70.313,223.688,-0.5000000000000004,0.8660254037844384,-0.9749279121818236,-0.2225209339563146,0,0,0
2026-04-17 23:01:24,1776466,53.9,53.9,0.0,0.0,0.0,21.3,49.1,60.733,-0.25881904510252157,0.9659258262890681,-0.433883739117558,-0.9009688679024191,0,0,0
2026-04-17 23:01:24,1776466,42.35,48.125,-11.549999999999997,-11.549999999999997,0.0,22.8,42.6,21.148,-0.25881904510252157,0.9659258262890681,-0.433883739117558,-0.9009688679024191,0,0,0
2026-04-18 01:01:24,1776474,45.35,47.199999999999996,3.0,-4.274999999999999,0.0,22.5,57.9,48.767,0.25881904510252074,0.9659258262890683,-0.9749279121818236,-0.2225209339563146,0,0,0
2026-04-18 03:01:47,1776481,41.65,45.8125,-3.700000000000003,-4.083333333333333,0.0,23.1,42.0,0.0,0.7071067811865476,0.7071067811865476,-0.9749279121818236,-0.2225209339563146,0,0,0
2026-04-19 23:24:02,1776641,72.8,50.537499999999994,31.15,10.149999999999999,0.0,21.7,51.7,3.004,-0.25881904510252157,0.9659258262890681,-0.7818314824680299,0.6234898018587334,0,0,1
2026-04-20 01:24:02,1776648,73.75,58.3875,0.9500000000000028,9.466666666666667,0.0,21.5,51.2,0.0,0.25881904510252074,0.9659258262890683,0.0,1.0,0,0,0
2026-04-20 03:24:02,1776655,73.6,65.44999999999999,-0.15000000000000568,10.649999999999999,0.0,21.4,50.4,0.0,0.7071067811865476,0.7071067811865476,0.0,1.0,0,0,0
2026-04-20 05:24:02,1776662,72.15,73.075,-1.4499999999999886,-0.21666666666666382,0.0,21.2,50.8,0.0,0.9659258262890683,0.25881904510252074,0.0,1.0,0,0,0
2026-04-20 07:24:02,1776669,72.65,73.0375,0.5,-0.36666666666666475,0.0,21.1,51.8,50.891,0.9659258262890683,-0.25881904510252063,0.0,1.0,0,0,0
2026-04-20 09:24:01,1776677,71.95,72.5875,-0.7000000000000028,-0.5499999999999972,0.0,21.2,51.6,54.286,0.7071067811865476,-0.7071067811865475,0.0,1.0,0,0,0
2026-04-20 11:24:01,1776684,72.15,72.225,0.20000000000000284,0.0,0.0,21.4,48.4,60.488,0.258819045102521,-0.9659258262890682,0.0,1.0,0,0,0
2026-04-20 13:24:01,1776691,70.4,71.78750000000001,-1.75,-0.75,0.0,21.8,45.7,73.309,-0.2588190451025208,-0.9659258262890683,0.0,1.0,0,0,0
2026-04-20 15:24:01,1776698,70.4,71.22500000000001,0.0,-0.5166666666666657,0.0,21.9,45.4,63.858,-0.7071067811865471,-0.7071067811865479,0.0,1.0,0,0,0
2026-04-20 17:24:01,1776705,71.35,71.075,0.9499999999999886,-0.26666666666667044,0.0,22.0,45.1,45.592,-0.9659258262890683,-0.25881904510252063,0.0,1.0,0,0,0
2026-04-20 19:24:00,1776713,70.5,70.6625,-0.8499999999999943,0.03333333333333144,0.0,22.0,45.1,29.792,-0.9659258262890684,0.2588190451025203,0.0,1.0,0,0,0
2026-04-20 21:24:00,1776720,69.85,70.525,-0.6500000000000057,-0.18333333333333712,0.0,22.1,46.6,0.0,-0.7071067811865477,0.7071067811865474,0.0,1.0,0,0,0
2026-04-20 23:24:00,1776727,59.7,67.85,-10.149999999999991,-3.8833333333333306,0.0,21.8,50.7,0.0,-0.25881904510252157,0.9659258262890681,0.0,1.0,0,0,0
2026-04-21 01:24:00,1776734,57.7,64.4375,-2.0,-4.266666666666666,0.0,21.7,49.6,0.0,0.25881904510252074,0.9659258262890683,0.7818314824680298,0.6234898018587336,0,0,0
2026-04-21 03:24:00,1776741,54.4,60.4125,-3.3000000000000043,-5.149999999999999,0.0,21.6,49.9,0.0,0.7071067811865476,0.7071067811865476,0.7818314824680298,0.6234898018587336,0,0,0
2026-04-21 05:24:00,1776749,54.4,56.550000000000004,0.0,-1.7666666666666682,0.0,21.5,50.3,0.0,0.9659258262890683,0.25881904510252074,0.7818314824680298,0.6234898018587336,0,0,0
2026-04-21 07:23:59,1776756,54.35,55.2125,-0.04999999999999716,-1.1166666666666671,0.0,21.4,51.9,19.878,0.9659258262890683,-0.25881904510252063,0.7818314824680298,0.6234898018587336,0,0,0
2026-04-21 09:23:59,1776763,55.2,54.587500000000006,0.8500000000000014,0.2666666666666681,0.0,21.3,50.2,64.078,0.7071067811865476,-0.7071067811865475,0.7818314824680298,0.6234898018587336,0,0,0
2026-04-21 11:23:59,1776770,54.95,54.724999999999994,-0.25,0.18333333333333476,0.0,21.3,49.6,53.626,0.258819045102521,-0.9659258262890682,0.7818314824680298,0.6234898018587336,0,0,0
2026-04-21 15:49:13,1776786,53.45,54.4875,-1.5,-0.29999999999999954,0.0,21.7,48.2,67.033,-0.7071067811865471,-0.7071067811865479,0.7818314824680298,0.6234898018587336,0,0,0
2026-04-21 17:49:12,1776793,51.65,53.81250000000001,-1.8000000000000043,-1.1833333333333347,0.0,21.9,47.8,67.985,-0.9659258262890683,-0.25881904510252063,0.7818314824680298,0.6234898018587336,0,0,0
2026-04-21 19:49:12,1776800,52.5,53.1375,0.8500000000000014,-0.8166666666666677,0.0,22.0,46.5,62.466,-0.9659258262890684,0.2588190451025203,0.7818314824680298,0.6234898018587336,0,0,0
2026-04-21 21:49:12,1776808,52.05,52.412499999999994,-0.45000000000000284,-0.46666666666666856,0.0,21.9,46.8,0.0,-0.7071067811865477,0.7071067811865474,0.7818314824680298,0.6234898018587336,0,0,0
2026-04-21 23:49:12,1776815,52.5,52.175,0.45000000000000284,0.2833333333333338,0.0,21.7,45.5,0.0,-0.25881904510252157,0.9659258262890681,0.7818314824680298,0.6234898018587336,0,0,0
2026-04-22 01:49:12,1776822,51.25,52.075,-1.25,-0.4166666666666667,0.0,21.9,45.5,0.0,0.25881904510252074,0.9659258262890683,0.9749279121818236,-0.22252093395631434,0,0,0
2026-04-22 03:49:12,1776829,52.05,51.962500000000006,0.7999999999999972,0.0,0.0,21.8,45.4,0.0,0.7071067811865476,0.7071067811865476,0.9749279121818236,-0.22252093395631434,0,0,0
2026-04-22 05:49:11,1776836,52.0,51.95,-0.04999999999999716,-0.16666666666666666,0.0,21.7,45.4,0.0,0.9659258262890683,0.25881904510252074,0.9749279121818236,-0.22252093395631434,0,0,0
2026-04-22 07:49:11,1776844,51.05,51.587500000000006,-0.9500000000000028,-0.06666666666666761,0.0,21.6,43.9,52.063,0.9659258262890683,-0.25881904510252063,0.9749279121818236,-0.22252093395631434,0,0,0
2026-04-22 09:49:11,1776851,51.75,51.7125,0.7000000000000028,-0.09999999999999905,0.0,21.7,44.8,53.138,0.7071067811865476,-0.7071067811865475,0.9749279121818236,-0.22252093395631434,0,0,0
2026-04-22 11:49:11,1776858,51.7,51.625,-0.04999999999999716,-0.09999999999999905,0.0,22.2,44.1,54.335,0.258819045102521,-0.9659258262890682,0.9749279121818236,-0.22252093395631434,0,0,0
2026-04-22 13:49:10,1776865,51.65,51.5375,-0.05000000000000426,0.20000000000000048,0.0,22.4,41.9,60.269,-0.2588190451025208,-0.9659258262890683,0.9749279121818236,-0.22252093395631434,0,0,0
2026-04-22 15:49:10,1776872,49.25,51.0875,-2.3999999999999986,-0.8333333333333334,0.0,22.6,40.2,67.253,-0.7071067811865471,-0.7071067811865479,0.9749279121818236,-0.22252093395631434,0,0,0
2026-04-22 17:49:10,1776880,50.35,50.7375,1.1000000000000014,-0.45000000000000046,0.0,22.8,39.2,73.846,-0.9659258262890683,-0.25881904510252063,0.9749279121818236,-0.22252093395631434,0,0,0
2026-04-22 19:49:10,1776887,50.55,50.45,0.19999999999999574,-0.36666666666666714,0.0,22.8,38.2,66.252,-0.9659258262890684,0.2588190451025203,0.9749279121818236,-0.22252093395631434,0,0,0
2026-04-22 21:49:10,1776894,100.0,62.537499999999994,49.45,16.916666666666668,0.0,22.9,41.3,0.0,-0.7071067811865477,0.7071067811865474,0.9749279121818236,-0.22252093395631434,0,0,1
2026-04-22 22:39:47,1776897,0.0,50.225,-100.0,-16.783333333333335,0.0,22.8,43.2,0.0,-0.5000000000000004,0.8660254037844384,0.9749279121818236,-0.22252093395631434,1,0,0
2026-04-23 00:39:47,1776904,42.05,48.150000000000006,42.05,-2.8333333333333335,0.0,22.6,42.5,0.0,0.0,1.0,0.43388373911755823,-0.900968867902419,0,0,0
2026-04-23 02:39:47,1776911,43.35,46.35,1.3000000000000043,-18.883333333333333,0.0,22.3,43.2,0.0,0.49999999999999994,0.8660254037844387,0.43388373911755823,-0.900968867902419,0,0,0
2026-04-23 04:39:46,1776919,43.8,32.3,0.44999999999999574,14.6,0.0,22.0,43.7,0.0,0.8660254037844386,0.5000000000000001,0.43388373911755823,-0.900968867902419,0,0,0
2026-04-23 06:39:46,1776926,43.5,43.175,-0.29999999999999716,0.4833333333333343,0.0,21.7,45.2,28.889,1.0,6.123233995736766e-17,0.43388373911755823,-0.900968867902419,0,0,0
2026-04-23 08:39:46,1776933,43.75,43.6,0.25,0.13333333333333286,0.0,21.5,45.1,74.579,0.8660254037844387,-0.4999999999999998,0.43388373911755823,-0.900968867902419,0,0,0
2026-04-23 10:39:46,1776940,44.4,43.862500000000004,0.6499999999999986,0.20000000000000048,0.0,21.3,46.1,52.259,0.49999999999999994,-0.8660254037844387,0.43388373911755823,-0.900968867902419,0,0,0
2026-04-23 12:39:46,1776947,44.15,43.95,-0.25,0.2166666666666662,0.0,21.5,47.8,58.999,1.2246467991473532e-16,-1.0,0.43388373911755823,-0.900968867902419,0,0,0
2026-04-23 14:39:46,1776955,42.95,43.8125,-1.1999999999999957,-0.2666666666666657,0.0,22.0,45.9,63.59,-0.4999999999999997,-0.8660254037844388,0.43388373911755823,-0.900968867902419,0,0,0
2026-04-23 16:39:46,1776962,43.05,43.6375,0.09999999999999432,-0.45000000000000046,0.0,22.5,43.5,71.111,-0.8660254037844385,-0.5000000000000004,0.43388373911755823,-0.900968867902419,0,0,0
2026-04-23 18:39:45,1776969,44.0,43.537499999999994,0.9500000000000028,-0.049999999999999524,0.0,22.4,38.5,77.363,-1.0,-1.8369701987210297e-16,0.43388373911755823,-0.900968867902419,0,0,0
2026-04-23 20:39:45,1776976,46.35,44.0875,2.3500000000000014,1.1333333333333329,0.0,22.8,42.1,18.242,-0.8660254037844386,0.5000000000000001,0.43388373911755823,-0.900968867902419,0,0,0
2026-04-23 22:39:45,1776983,44.8,44.55,-1.5500000000000043,0.5833333333333334,0.0,22.4,43.2,0.0,-0.5000000000000004,0.8660254037844384,0.43388373911755823,-0.900968867902419,0,0,0
2026-04-24 00:39:45,1776991,45.6,45.18749999999999,0.8000000000000043,0.5333333333333338,0.0,22.0,46.2,0.0,0.0,1.0,-0.433883739117558,-0.9009688679024191,0,0,0
2026-04-24 02:39:45,1776998,45.95,45.675,0.3500000000000014,-0.13333333333333286,0.0,21.7,48.0,0.0,0.49999999999999994,0.8660254037844387,-0.433883739117558,-0.9009688679024191,0,0,0
2026-04-24 04:39:45,1777005,47.05,45.85000000000001,1.0999999999999943,0.75,0.0,21.5,48.6,0.0,0.8660254037844386,0.5000000000000001,-0.433883739117558,-0.9009688679024191,0,0,0
2026-04-24 06:39:44,1777012,46.45,46.2625,-0.5999999999999943,0.2833333333333338,0.0,21.3,49.0,3.565,1.0,6.123233995736766e-17,-0.433883739117558,-0.9009688679024191,0,0,0
2026-04-24 08:39:44,1777019,45.55,46.25,-0.9000000000000057,-0.13333333333333522,0.0,21.3,48.5,61.026,0.8660254037844387,-0.4999999999999998,-0.433883739117558,-0.9009688679024191,0,0,0
2026-04-24 10:39:44,1777027,46.25,46.325,0.7000000000000028,-0.2666666666666657,0.0,21.5,49.2,56.825,0.49999999999999994,-0.8660254037844387,-0.433883739117558,-0.9009688679024191,0,0,0
2026-04-24 12:39:44,1777034,46.3,46.1375,0.04999999999999716,-0.0500000000000019,0.0,21.8,48.7,57.265,1.2246467991473532e-16,-1.0,-0.433883739117558,-0.9009688679024191,0,0,0
2026-04-24 14:39:43,1777041,44.15,45.5625,-2.1499999999999986,-0.4666666666666662,0.0,22.1,49.4,62.491,-0.4999999999999997,-0.8660254037844388,-0.433883739117558,-0.9009688679024191,0,0,0
2026-04-24 16:39:43,1777048,49.75,46.6125,5.600000000000001,1.1666666666666667,0.0,22.4,51.5,71.013,-0.8660254037844385,-0.5000000000000004,-0.433883739117558,-0.9009688679024191,0,0,1
2026-04-24 18:39:43,1777055,45.55,46.4375,-4.200000000000003,-0.25,0.0,22.8,46.7,77.143,-1.0,-1.8369701987210297e-16,-0.433883739117558,-0.9009688679024191,0,0,0
2026-04-24 20:39:43,1777063,48.05,46.875,2.5,1.2999999999999996,0.0,22.4,47.3,21.807,-0.8660254037844386,0.5000000000000001,-0.433883739117558,-0.9009688679024191,0,0,0
2026-04-24 22:39:43,1777070,46.65,47.5,-1.3999999999999986,-1.0333333333333339,0.0,22.4,50.7,0.0,-0.5000000000000004,0.8660254037844384,-0.433883739117558,-0.9009688679024191,0,0,0
2026-04-25 00:39:43,1777077,44.8,46.2625,-1.8500000000000014,-0.25,0.0,22.2,47.9,0.0,0.0,1.0,-0.9749279121818236,-0.2225209339563146,0,0,0
2026-04-25 02:39:42,1777084,45.4,46.225,0.6000000000000014,-0.8833333333333329,0.0,21.9,47.7,0.0,0.49999999999999994,0.8660254037844387,-0.9749279121818236,-0.2225209339563146,0,0,0
2026-04-25 04:39:42,1777091,45.05,45.474999999999994,-0.3500000000000014,-0.5333333333333338,0.0,21.6,47.7,0.0,0.8660254037844386,0.5000000000000001,-0.9749279121818236,-0.2225209339563146,0,0,0
2026-04-25 06:39:42,1777099,44.55,44.95,-0.5,-0.08333333333333333,0.0,21.4,48.0,10.818,1.0,6.123233995736766e-17,-0.9749279121818236,-0.2225209339563146,0,0,0
2026-04-25 08:39:42,1777106,43.85,44.7125,-0.6999999999999957,-0.5166666666666657,0.0,21.2,47.9,58.046,0.8660254037844387,-0.4999999999999998,-0.9749279121818236,-0.2225209339563146,0,0,0
2026-04-25 10:39:42,1777113,43.3,44.1875,-0.5500000000000043,-0.5833333333333334,0.0,21.5,48.6,58.193,0.49999999999999994,-0.8660254037844387,-0.9749279121818236,-0.2225209339563146,0,0,0
2026-04-25 12:39:42,1777120,44.0,43.925,0.7000000000000028,-0.18333333333333238,0.0,21.6,47.3,58.559,1.2246467991473532e-16,-1.0,-0.9749279121818236,-0.2225209339563146,0,0,0
2026-04-25 14:39:41,1777127,43.9,43.7625,-0.10000000000000142,0.01666666666666572,0.0,21.7,46.6,64.713,-0.4999999999999997,-0.8660254037844388,-0.9749279121818236,-0.2225209339563146,0,0,0
2026-04-25 16:39:41,1777135,42.95,43.537499999999994,-0.9499999999999957,-0.11666666666666477,0.0,22.0,43.7,71.502,-0.8660254037844385,-0.5000000000000004,-0.9749279121818236,-0.2225209339563146,0,0,0
2026-04-25 18:39:41,1777142,41.25,43.025000000000006,-1.7000000000000028,-0.9166666666666666,0.0,22.2,42.1,77.289,-1.0,-1.8369701987210297e-16,-0.9749279121818236,-0.2225209339563146,0,0,0
2026-04-25 20:39:41,1777149,44.65,43.1875,3.3999999999999986,0.25,0.0,22.0,41.3,18.632,-0.8660254037844386,0.5000000000000001,-0.9749279121818236,-0.2225209339563146,0,0,0
2026-04-25 22:39:41,1777156,43.8,43.162499999999994,-0.8500000000000014,0.28333333333333144,0.0,22.1,43.6,21.026,-0.5000000000000004,0.8660254037844384,-0.9749279121818236,-0.2225209339563146,0,0,0
2026-04-26 00:39:40,1777163,43.45,43.287499999999994,-0.3499999999999943,0.7333333333333343,0.0,22.0,46.4,0.0,0.0,1.0,-0.7818314824680299,0.6234898018587334,0,0,0
2026-04-26 02:39:40,1777171,44.45,44.08749999999999,1.0,-0.06666666666666525,0.0,21.8,47.4,0.0,0.49999999999999994,0.8660254037844387,-0.7818314824680299,0.6234898018587334,0,0,0
2026-04-26 04:39:40,1777178,43.75,43.8625,-0.7000000000000028,-0.01666666666666572,0.0,21.6,47.9,0.0,0.8660254037844386,0.5000000000000001,-0.7818314824680299,0.6234898018587334,0,0,0
2026-04-26 06:39:40,1777185,44.8,44.1125,1.0499999999999972,0.4499999999999981,0.0,21.5,47.9,35.409,1.0,6.123233995736766e-17,-0.7818314824680299,0.6234898018587334,0,0,0
2026-04-26 08:39:40,1777192,43.75,44.1875,-1.0499999999999972,-0.23333333333333428,0.0,21.3,48.3,65.128,0.8660254037844387,-0.4999999999999998,-0.7818314824680299,0.6234898018587334,0,0,0
2026-04-26 10:39:40,1777199,41.15,43.362500000000004,-2.6000000000000014,-0.8666666666666671,0.0,21.5,48.0,62.173,0.49999999999999994,-0.8660254037844387,-0.7818314824680299,0.6234898018587334,0,0,0
2026-04-26 12:39:39,1777207,45.75,43.8625,4.600000000000001,0.3166666666666676,0.0,21.8,48.7,56.996,1.2246467991473532e-16,-1.0,-0.7818314824680299,0.6234898018587334,0,0,0
2026-04-26 14:39:39,1777214,43.5,43.5375,-2.25,-0.08333333333333333,0.0,22.1,47.8,63.687,-0.4999999999999997,-0.8660254037844388,-0.7818314824680299,0.6234898018587334,0,0,0
2026-04-26 16:39:39,1777221,42.4,43.2,-1.1000000000000014,0.4166666666666667,0.0,22.4,46.9,73.138,-0.8660254037844385,-0.5000000000000004,-0.7818314824680299,0.6234898018587334,0,0,0
2026-04-26 18:39:39,1777228,43.25,43.725,0.8500000000000014,-0.8333333333333334,0.0,23.1,43.2,78.022,-1.0,-1.8369701987210297e-16,-0.7818314824680299,0.6234898018587334,0,0,0
2026-04-26 20:39:39,1777235,41.95,42.775000000000006,-1.2999999999999972,-0.5166666666666657,0.0,23.3,45.2,18.755,-0.8660254037844386,0.5000000000000001,-0.7818314824680299,0.6234898018587334,0,0,0
2026-04-26 22:39:39,1777243,42.3,42.475,0.3499999999999943,-0.033333333333333805,0.0,22.6,44.9,0.0,-0.5000000000000004,0.8660254037844384,-0.7818314824680299,0.6234898018587334,0,0,0
2026-04-27 00:39:38,1777250,41.45,42.2375,-0.8499999999999943,-0.5999999999999991,0.0,22.8,51.0,0.0,0.0,1.0,0.0,1.0,0,0,0
2026-04-27 02:39:38,1777257,42.35,42.0125,0.8999999999999986,0.13333333333333286,0.0,22.3,45.3,0.0,0.49999999999999994,0.8660254037844387,0.0,1.0,0,0,0
2026-04-27 04:39:38,1777264,43.1,42.3,0.75,0.2666666666666681,0.0,22.0,46.1,0.0,0.8660254037844386,0.5000000000000001,0.0,1.0,0,0,0
2026-04-27 06:39:38,1777271,43.15,42.5125,0.04999999999999716,0.5666666666666652,0.0,21.7,45.7,41.197,1.0,6.123233995736766e-17,0.0,1.0,0,0,0
2026-04-27 08:39:37,1777279,42.4,42.75,-0.75,0.01666666666666572,0.0,21.6,46.6,67.204,0.8660254037844387,-0.4999999999999998,0.0,1.0,0,0,0
2026-04-27 10:39:37,1777286,41.1,42.4375,-1.2999999999999972,-0.6666666666666666,0.0,21.6,47.2,69.28,0.49999999999999994,-0.8660254037844387,0.0,1.0,0,0,0
2026-04-27 12:39:37,1777293,42.25,42.225,1.1499999999999986,-0.29999999999999954,0.0,21.9,46.2,63.687,1.2246467991473532e-16,-1.0,0.0,1.0,0,0,0
2026-04-27 14:39:37,1777300,42.05,41.95,-0.20000000000000284,-0.11666666666666714,0.0,22.2,42.4,72.308,-0.4999999999999997,-0.8660254037844388,0.0,1.0,0,0,0
2026-04-27 16:39:37,1777307,41.05,41.6125,-1.0,-0.01666666666666809,0.0,23.0,41.7,71.722,-0.8660254037844385,-0.5000000000000004,0.0,1.0,0,0,0
2026-04-27 18:39:37,1777315,40.8,41.537499999999994,-0.25,-0.4833333333333343,0.0,23.3,42.9,54.969,-1.0,-1.8369701987210297e-16,0.0,1.0,0,0,0
2026-04-28 00:25:53,1777335,42.4,41.574999999999996,1.6000000000000014,0.11666666666666714,0.0,23.1,42.2,0.0,0.0,1.0,0.7818314824680298,0.6234898018587336,0,0,0
2026-04-28 02:25:53,1777343,41.45,41.425,-0.9499999999999957,0.13333333333333522,0.0,22.4,44.3,0.0,0.49999999999999994,0.8660254037844387,0.7818314824680298,0.6234898018587336,0,0,0
2026-04-28 04:25:52,1777350,41.3,41.4875,-0.15000000000000568,0.16666666666666666,0.0,22.0,45.4,0.0,0.8660254037844386,0.5000000000000001,0.7818314824680298,0.6234898018587336,0,0,0
2026-04-28 06:25:52,1777357,42.4,41.887499999999996,1.1000000000000014,0.0,0.0,21.7,45.6,20.488,1.0,6.123233995736766e-17,0.7818314824680298,0.6234898018587336,0,0,0
2026-04-28 08:25:52,1777364,41.6,41.6875,-0.7999999999999972,0.049999999999999524,0.0,21.5,46.2,57.436,0.8660254037844387,-0.4999999999999998,0.7818314824680298,0.6234898018587336,0,0,0
2026-04-28 10:25:52,1777371,40.95,41.5625,-0.6499999999999986,-0.11666666666666477,0.0,21.3,45.2,55.897,0.49999999999999994,-0.8660254037844387,0.7818314824680298,0.6234898018587336,0,0,0
2026-04-28 12:25:52,1777379,41.15,41.525,0.19999999999999574,-0.4166666666666667,0.0,21.9,44.7,59.951,1.2246467991473532e-16,-1.0,0.7818314824680298,0.6234898018587336,0,0,0
2026-04-28 14:25:52,1777386,40.8,41.125,-0.3500000000000014,-0.2666666666666681,0.0,22.0,41.3,66.203,-0.4999999999999997,-0.8660254037844388,0.7818314824680298,0.6234898018587336,0,0,0
2026-04-28 16:25:51,1777393,39.95,40.7125,-0.8499999999999943,-0.3333333333333333,0.0,21.9,39.2,72.576,-0.8660254037844385,-0.5000000000000004,0.7818314824680298,0.6234898018587336,0,0,0
2026-04-28 18:25:51,1777400,39.05,40.2375,-0.9000000000000057,-0.7000000000000005,0.0,22.1,38.5,76.361,-1.0,-1.8369701987210297e-16,0.7818314824680298,0.6234898018587336,0,0,0
2026-04-28 20:25:51,1777407,39.95,39.9375,0.9000000000000057,-0.28333333333333144,0.0,22.0,39.0,48.181,-0.8660254037844386,0.5000000000000001,0.7818314824680298,0.6234898018587336,0,0,0
2026-04-28 22:25:51,1777415,41.6,40.1375,1.6499999999999986,0.5499999999999995,0.0,22.4,41.5,18.413,-0.5000000000000004,0.8660254037844384,0.7818314824680298,0.6234898018587336,0,0,0
2026-04-29 00:25:51,1777422,52.05,43.162499999999994,10.449999999999996,4.333333333333333,0.0,22.1,41.2,0.0,0.0,1.0,0.9749279121818236,-0.22252093395631434,0,0,1
2026-04-29 02:25:50,1777429,50.15,45.93750000000001,-1.8999999999999986,3.3999999999999986,0.0,21.9,43.6,0.0,0.49999999999999994,0.8660254037844387,0.9749279121818236,-0.22252093395631434,0,0,0
2026-04-29 04:25:50,1777436,51.45,48.8125,1.3000000000000043,3.2833333333333337,0.0,21.7,42.8,0.0,0.8660254037844386,0.5000000000000001,0.9749279121818236,-0.22252093395631434,0,0,0
2026-04-29 06:25:50,1777443,49.45,50.77499999999999,-2.0,-0.8666666666666648,0.0,21.4,42.9,22.808,1.0,6.123233995736766e-17,0.9749279121818236,-0.22252093395631434,0,0,0
2026-04-29 08:25:50,1777451,47.2,49.5625,-2.25,-0.983333333333332,0.0,21.3,42.6,49.011,0.8660254037844387,-0.4999999999999998,0.9749279121818236,-0.22252093395631434,0,0,0
2026-04-29 10:25:50,1777458,46.55,48.66250000000001,-0.6500000000000057,-1.6333333333333353,0.0,21.3,44.5,50.574,0.49999999999999994,-0.8660254037844387,0.9749279121818236,-0.22252093395631434,0,0,0
2026-04-29 12:25:50,1777465,48.05,47.8125,1.5,-0.46666666666666856,0.0,21.5,42.9,40.879,1.2246467991473532e-16,-1.0,0.9749279121818236,-0.22252093395631434,0,0,0
2026-04-29 14:25:49,1777472,50.05,47.962500000000006,2.0,0.9499999999999981,0.0,21.8,43.9,54.579,-0.4999999999999997,-0.8660254037844388,0.9749279121818236,-0.22252093395631434,0,0,0
2026-04-29 16:25:49,1777479,42.4,46.762499999999996,-7.649999999999999,-1.3833333333333329,0.0,22.2,37.7,68.498,-0.8660254037844385,-0.5000000000000004,0.9749279121818236,-0.22252093395631434,0,0,0
2026-04-29 18:25:49,1777487,47.65,47.0375,5.25,-0.13333333333333286,0.0,22.3,38.7,75.775,-1.0,-1.8369701987210297e-16,0.9749279121818236,-0.22252093395631434,0,0,0
2026-04-29 20:25:49,1777494,44.15,46.0625,-3.5,-1.9666666666666661,0.0,22.3,38.6,43.541,-0.8660254037844386,0.5000000000000001,0.9749279121818236,-0.22252093395631434,0,0,0
2026-04-29 22:25:49,1777501,41.15,43.8375,-3.0,-0.4166666666666667,0.0,22.0,36.8,19.902,-0.5000000000000004,0.8660254037844384,0.9749279121818236,-0.22252093395631434,0,0,0
2026-04-30 00:25:49,1777508,41.0,43.4875,-0.14999999999999858,-2.2166666666666663,0.0,21.8,38.9,0.0,0.0,1.0,0.43388373911755823,-0.900968867902419,0,0,0
2026-04-30 02:25:48,1777515,42.95,42.3125,1.9500000000000028,-0.3999999999999986,0.0,21.5,38.6,0.0,0.49999999999999994,0.8660254037844387,0.43388373911755823,-0.900968867902419,0,0,0
2026-04-30 04:25:48,1777523,42.4,41.875,-0.5500000000000043,0.4166666666666667,0.0,21.2,39.3,0.0,0.8660254037844386,0.5000000000000001,0.43388373911755823,-0.900968867902419,0,0,0
2026-04-30 06:25:48,1777530,42.7,42.2625,0.30000000000000426,0.5666666666666677,0.0,20.8,39.4,21.929,1.0,6.123233995736766e-17,0.43388373911755823,-0.900968867902419,0,0,0
2026-04-30 08:25:48,1777537,40.95,42.25,-1.75,-0.6666666666666666,0.0,20.6,38.9,48.034,0.8660254037844387,-0.4999999999999998,0.43388373911755823,-0.900968867902419,0,0,0
2026-04-30 10:25:47,1777544,39.45,41.375,-1.5,-0.983333333333332,0.0,20.5,40.0,48.84,0.49999999999999994,-0.8660254037844387,0.43388373911755823,-0.900968867902419,0,0,0
2026-04-30 12:25:47,1777551,41.8,41.225,2.3499999999999943,-0.3000000000000019,0.0,20.8,36.1,55.409,1.2246467991473532e-16,-1.0,0.43388373911755823,-0.900968867902419,0,0,0
2026-04-30 14:25:47,1777559,38.3,40.125,-3.5,-0.8833333333333352,0.0,21.4,33.9,61.49,-0.4999999999999997,-0.8660254037844388,0.43388373911755823,-0.900968867902419,0,0,0
2026-04-30 16:25:47,1777566,40.05,39.9,1.75,0.1999999999999981,0.0,21.9,34.8,69.231,-0.8660254037844385,-0.5000000000000004,0.43388373911755823,-0.900968867902419,0,0,0
2026-04-30 18:25:47,1777573,38.4,39.637499999999996,-1.6499999999999986,-1.1333333333333329,0.0,22.2,35.8,75.873,-1.0,-1.8369701987210297e-16,0.43388373911755823,-0.900968867902419,0,0,0
2026-04-30 20:25:47,1777580,38.95,38.925,0.5500000000000043,0.21666666666666856,0.0,22.4,37.4,51.575,-0.8660254037844386,0.5000000000000001,0.43388373911755823,-0.900968867902419,0,0,0
2026-04-30 22:25:46,1777587,40.15,39.387499999999996,1.1999999999999957,0.033333333333333805,0.0,22.5,38.8,0.0,-0.5000000000000004,0.8660254037844384,0.43388373911755823,-0.900968867902419,0,0,0
2026-05-01 00:25:46,1777595,38.2,38.925,-1.9499999999999957,-0.06666666666666525,0.0,22.1,40.1,0.0,0.0,1.0,-0.433883739117558,-0.9009688679024191,0,0,0
2026-05-01 02:25:46,1777602,38.35,38.9125,0.14999999999999858,-0.20000000000000048,0.0,21.8,41.4,0.0,0.49999999999999994,0.8660254037844387,-0.433883739117558,-0.9009688679024191,0,0,0
2026-05-01 04:25:46,1777609,39.55,39.0625,1.1999999999999957,-0.20000000000000048,0.0,21.5,41.7,0.0,0.8660254037844386,0.5000000000000001,-0.433883739117558,-0.9009688679024191,0,0,0
2026-05-01 06:25:46,1777616,39.35,38.862500000000004,-0.19999999999999574,0.38333333333333286,0.0,21.3,42.4,24.225,1.0,6.123233995736766e-17,-0.433883739117558,-0.9009688679024191,0,0,0
2026-05-01 08:25:46,1777623,38.45,38.925,-0.8999999999999986,0.033333333333333805,0.0,21.1,43.1,47.277,0.8660254037844387,-0.4999999999999998,-0.433883739117558,-0.9009688679024191,0,0,0
2026-05-01 10:25:45,1777631,38.5,38.962500000000006,0.04999999999999716,-0.34999999999999903,0.0,21.1,41.2,48.62,0.49999999999999994,-0.8660254037844387,-0.433883739117558,-0.9009688679024191,0,0,0
2026-05-01 12:25:45,1777638,37.6,38.475,-0.8999999999999986,-0.5833333333333334,0.0,21.4,40.1,54.066,1.2246467991473532e-16,-1.0,-0.433883739117558,-0.9009688679024191,0,0,0
2026-05-01 14:25:45,1777645,39.15,38.425000000000004,1.5499999999999972,0.23333333333333192,0.0,21.8,40.5,61.563,-0.4999999999999997,-0.8660254037844388,-0.433883739117558,-0.9009688679024191,0,0,0
2026-05-01 16:25:45,1777652,39.05,38.575,-0.10000000000000142,0.18333333333333238,0.0,22.1,39.9,69.426,-0.8660254037844385,-0.5000000000000004,-0.433883739117558,-0.9009688679024191,0,0,0
2026-05-01 18:25:45,1777659,38.4,38.55,-0.6499999999999986,0.2666666666666657,0.0,23.2,38.1,76.313,-1.0,-1.8369701987210297e-16,-0.433883739117558,-0.9009688679024191,0,0,0
2026-05-01 20:25:44,1777667,37.6,38.55,-0.7999999999999972,-0.5166666666666657,0.0,23.9,38.8,50.745,-0.8660254037844386,0.5000000000000001,-0.433883739117558,-0.9009688679024191,0,0,0
2026-05-01 22:25:44,1777674,37.6,38.162499999999994,0.0,-0.4833333333333319,0.0,24.0,42.2,0.391,-0.5000000000000004,0.8660254037844384,-0.433883739117558,-0.9009688679024191,0,0,0
2026-05-02 00:25:44,1777681,36.75,37.5875,-0.8500000000000014,-0.5499999999999995,0.0,23.6,42.4,0.0,0.0,1.0,-0.9749279121818236,-0.2225209339563146,0,0,0
2026-05-02 02:25:44,1777688,37.8,37.4375,1.0499999999999972,0.06666666666666525,0.0,23.1,42.9,0.0,0.49999999999999994,0.8660254037844387,-0.9749279121818236,-0.2225209339563146,0,0,0
2026-05-02 04:25:44,1777695,38.9,37.762499999999996,1.1000000000000014,0.4333333333333324,0.0,22.7,43.6,0.0,0.8660254037844386,0.5000000000000001,-0.9749279121818236,-0.2225209339563146,0,0,0
2026-05-02 06:25:44,1777703,40.1,38.387499999999996,1.2000000000000028,1.1166666666666671,0.0,22.3,44.3,31.013,1.0,6.123233995736766e-17,-0.9749279121818236,-0.2225209339563146,0,0,0
2026-05-02 08:25:43,1777710,38.55,38.83749999999999,-1.5500000000000043,0.25,0.0,22.2,44.4,22.637,0.8660254037844387,-0.4999999999999998,-0.9749279121818236,-0.2225209339563146,0,0,0
2026-05-02 10:25:43,1777717,36.85,38.6,-1.6999999999999957,-0.6833333333333323,0.0,22.2,48.5,59.048,0.49999999999999994,-0.8660254037844387,-0.9749279121818236,-0.2225209339563146,0,0,0
2026-05-02 12:25:43,1777724,37.75,38.3125,0.8999999999999986,-0.7833333333333338,0.0,22.4,51.6,63.541,1.2246467991473532e-16,-1.0,-0.9749279121818236,-0.2225209339563146,0,0,0
2026-05-02 14:25:43,1777731,35.2,37.087500000000006,-2.549999999999997,-1.1166666666666647,0.0,23.1,52.7,71.453,-0.4999999999999997,-0.8660254037844388,-0.9749279121818236,-0.2225209339563146,0,0,0
2026-05-02 16:25:43,1777739,36.55,36.5875,1.3499999999999943,-0.10000000000000142,0.0,23.6,54.0,60.244,-0.8660254037844385,-0.5000000000000004,-0.9749279121818236,-0.2225209339563146,0,0,0
2026-05-02 18:25:43,1777746,36.2,36.425,-0.3499999999999943,-0.5166666666666657,0.0,23.8,52.2,67.692,-1.0,-1.8369701987210297e-16,-0.9749279121818236,-0.2225209339563146,0,0,0
2026-05-02 20:25:42,1777753,38.55,36.625,2.3499999999999943,1.1166666666666647,0.0,23.7,58.7,30.867,-0.8660254037844386,0.5000000000000001,-0.9749279121818236,-0.2225209339563146,0,0,0
2026-05-02 22:25:42,1777760,39.1,37.6,0.5500000000000043,0.8500000000000014,0.0,23.5,58.8,0.0,-0.5000000000000004,0.8660254037844384,-0.9749279121818236,-0.2225209339563146,0,0,0
2026-05-03 00:25:42,1777767,38.95,38.2,-0.14999999999999858,0.9166666666666666,0.0,23.1,61.0,0.0,0.0,1.0,-0.7818314824680299,0.6234898018587334,0,0,0
2026-05-03 02:25:42,1777775,37.2,38.45,-1.75,-0.4499999999999981,0.0,23.1,60.7,0.0,0.49999999999999994,0.8660254037844387,-0.7818314824680299,0.6234898018587334,0,0,0
2026-05-03 04:25:41,1777782,39.05,38.575,1.8499999999999943,-0.01666666666666809,0.0,23.0,59.9,0.0,0.8660254037844386,0.5000000000000001,-0.7818314824680299,0.6234898018587334,0,0,0
2026-05-03 06:25:41,1777789,38.45,38.4125,-0.5999999999999943,-0.16666666666666666,0.0,22.9,60.4,8.498,1.0,6.123233995736766e-17,-0.7818314824680299,0.6234898018587334,0,0,0
2026-05-03 08:25:41,1777796,37.75,38.1125,-0.7000000000000028,0.18333333333333238,0.0,22.8,60.4,66.838,0.8660254037844387,-0.4999999999999998,-0.7818314824680299,0.6234898018587334,0,0,0
2026-05-03 10:25:41,1777803,38.35,38.4,0.6000000000000014,-0.23333333333333192,0.0,22.8,63.4,58.071,0.49999999999999994,-0.8660254037844387,-0.7818314824680299,0.6234898018587334,0,0,0
2026-05-03 12:25:41,1777811,39.55,38.525000000000006,1.1999999999999957,0.36666666666666475,0.0,23.1,62.4,55.507,1.2246467991473532e-16,-1.0,-0.7818314824680299,0.6234898018587334,0,0,0
2026-05-03 14:25:41,1777818,37.9,38.387499999999996,-1.6499999999999986,0.049999999999999524,0.0,23.5,63.5,48.913,-0.4999999999999997,-0.8660254037844388,-0.7818314824680299,0.6234898018587334,0,0,0
2026-05-03 16:25:40,1777825,38.35,38.5375,0.45000000000000284,0.0,0.0,23.2,64.3,48.376,-0.8660254037844385,-0.5000000000000004,-0.7818314824680299,0.6234898018587334,0,0,0
2026-05-03 18:25:40,1777832,37.85,38.412499999999994,-0.5,-0.5666666666666652,0.0,23.0,63.7,72.454,-1.0,-1.8369701987210297e-16,-0.7818314824680299,0.6234898018587334,0,0,0
2026-05-03 20:25:40,1777839,36.95,37.7625,-0.8999999999999986,-0.31666666666666526,0.0,23.1,62.7,17.705,-0.8660254037844386,0.5000000000000001,-0.7818314824680299,0.6234898018587334,0,0,0
2026-05-03 22:25:40,1777847,37.45,37.650000000000006,0.5,-0.29999999999999954,0.0,23.3,61.4,0.317,-0.5000000000000004,0.8660254037844384,-0.7818314824680299,0.6234898018587334,0,0,0
2026-05-04 00:25:40,1777854,38.4,37.6625,0.9499999999999957,0.18333333333333238,0.0,23.1,61.1,0.0,0.0,1.0,0.0,1.0,0,0,0
2026-05-04 02:25:40,1777861,38.5,37.825,0.10000000000000142,0.5166666666666657,0.0,22.8,60.8,0.0,0.49999999999999994,0.8660254037844387,0.0,1.0,0,0,0
2026-05-04 04:25:39,1777868,37.9,38.0625,-0.6000000000000014,0.14999999999999858,0.0,22.7,61.1,0.0,0.8660254037844386,0.5000000000000001,0.0,1.0,0,0,0
2026-05-04 06:25:39,1777875,36.95,37.9375,-0.9499999999999957,-0.4833333333333319,0.0,22.5,61.4,6.911,1.0,6.123233995736766e-17,0.0,1.0,0,0,0
2026-05-04 08:25:39,1777883,38.3,37.9125,1.3499999999999943,-0.06666666666666761,0.0,22.4,62.1,51.722,0.8660254037844387,-0.4999999999999998,0.0,1.0,0,0,0
2026-05-04 10:25:39,1777890,36.6,37.4375,-1.6999999999999957,-0.4333333333333324,0.0,22.5,62.9,59.365,0.49999999999999994,-0.8660254037844387,0.0,1.0,0,0,0
2026-05-04 12:25:39,1777897,37.95,37.45,1.3500000000000014,0.3333333333333333,0.0,22.7,65.2,67.375,1.2246467991473532e-16,-1.0,0.0,1.0,0,0,0
2026-05-04 14:25:39,1777904,36.9,37.4375,-1.0500000000000043,-0.4666666666666662,0.0,22.9,62.3,61.905,-0.4999999999999997,-0.8660254037844388,0.0,1.0,0,0,0
2026-05-04 16:25:38,1777911,36.75,37.050000000000004,-0.14999999999999858,0.049999999999999524,0.0,23.5,60.7,66.471,-0.8660254037844385,-0.5000000000000004,0.0,1.0,0,0,0
2026-05-04 18:25:38,1777919,36.1,36.925,-0.6499999999999986,-0.6166666666666671,0.0,23.7,63.1,38.364,-1.0,-1.8369701987210297e-16,0.0,1.0,0,0,0
2026-05-04 20:25:38,1777926,38.15,36.975,2.049999999999997,0.4166666666666667,0.0,23.6,59.7,25.421,-0.8660254037844386,0.5000000000000001,0.0,1.0,0,0,0
2026-05-04 22:25:38,1777933,36.15,36.7875,-2.0,-0.20000000000000048,0.0,23.7,60.9,0.537,-0.5000000000000004,0.8660254037844384,0.0,1.0,0,0,0
2026-05-05 00:25:38,1777940,37.1,36.875,0.9500000000000028,0.3333333333333333,0.0,23.6,61.4,1.734,0.0,1.0,0.7818314824680298,0.6234898018587336,0,0,0
2026-05-05 02:25:37,1777947,39.05,37.6125,1.9499999999999957,0.29999999999999954,0.0,22.8,59.6,1.343,0.49999999999999994,0.8660254037844387,0.7818314824680298,0.6234898018587336,0,0,0
2026-05-05 04:25:37,1777955,39.2,37.875,0.15000000000000568,1.0166666666666682,0.0,22.2,58.4,0.0,0.8660254037844386,0.5000000000000001,0.7818314824680298,0.6234898018587336,0,0,0
2026-05-05 06:25:37,1777962,37.7,38.2625,-1.5,0.20000000000000048,0.0,21.7,57.4,2.637,1.0,6.123233995736766e-17,0.7818314824680298,0.6234898018587336,0,0,0
2026-05-05 08:25:37,1777969,38.5,38.6125,0.7999999999999972,-0.18333333333333238,0.0,21.4,56.5,22.808,0.8660254037844387,-0.4999999999999998,0.7818314824680298,0.6234898018587336,0,0,0
2026-05-05 10:25:37,1777976,37.95,38.337500000000006,-0.5499999999999972,-0.4166666666666667,0.0,21.1,56.6,39.072,0.49999999999999994,-0.8660254037844387,0.7818314824680298,0.6234898018587336,0,0,0
2026-05-05 12:25:37,1777983,38.05,38.05,0.09999999999999432,0.11666666666666477,0.0,21.1,57.2,55.043,1.2246467991473532e-16,-1.0,0.7818314824680298,0.6234898018587336,0,0,0
2026-05-05 14:25:36,1777991,37.85,38.0875,-0.19999999999999574,-0.2166666666666662,0.0,21.2,57.3,62.491,-0.4999999999999997,-0.8660254037844388,0.7818314824680298,0.6234898018587336,0,0,0
2026-05-05 16:25:36,1777998,39.55,38.349999999999994,1.6999999999999957,0.5333333333333314,0.0,21.1,55.9,64.176,-0.8660254037844385,-0.5000000000000004,0.7818314824680298,0.6234898018587336,0,0,0
2026-05-05 18:25:36,1778005,35.9,37.8375,-3.6499999999999986,-0.7166666666666662,0.0,20.9,56.5,51.184,-1.0,-1.8369701987210297e-16,0.7818314824680298,0.6234898018587336,0,0,0
2026-05-05 20:25:36,1778012,36.75,37.5125,0.8500000000000014,-0.36666666666666714,0.0,21.0,56.7,16.02,-0.8660254037844386,0.5000000000000001,0.7818314824680298,0.6234898018587336,0,0,0
2026-05-05 22:25:36,1778019,41.85,38.512499999999996,5.100000000000001,0.766666666666668,0.0,20.9,56.8,4.176,-0.5000000000000004,0.8660254037844384,0.7818314824680298,0.6234898018587336,0,0,0
2026-05-06 00:25:36,1778027,36.05,37.6375,-5.800000000000004,0.049999999999999524,0.0,20.8,55.0,0.781,0.0,1.0,0.9749279121818236,-0.22252093395631434,0,0,0
2026-05-06 02:25:35,1778034,35.1,37.4375,-0.9499999999999957,-0.5499999999999995,0.0,20.9,54.7,0.83,0.49999999999999994,0.8660254037844387,0.9749279121818236,-0.22252093395631434,0,0,0
2026-05-06 04:25:35,1778041,36.0,37.25,0.8999999999999986,-1.9500000000000004,0.0,21.0,55.6,0.952,0.8660254037844386,0.5000000000000001,0.9749279121818236,-0.22252093395631434,0,0,0
2026-05-06 06:25:35,1778048,36.0,35.7875,0.0,-0.01666666666666572,0.0,21.0,55.7,2.808,1.0,6.123233995736766e-17,0.9749279121818236,-0.22252093395631434,0,0,0
2026-05-06 08:25:35,1778055,35.45,35.6375,-0.5499999999999972,0.11666666666666714,0.0,21.0,55.3,40.611,0.8660254037844387,-0.4999999999999998,0.9749279121818236,-0.22252093395631434,0,0,0
2026-05-06 10:25:34,1778063,36.45,35.975,1.0,0.15000000000000094,0.0,21.1,59.6,64.225,0.49999999999999994,-0.8660254037844387,0.9749279121818236,-0.22252093395631434,0,0,0
2026-05-06 12:25:34,1778070,34.7,35.650000000000006,-1.75,-0.4333333333333324,0.0,21.0,49.9,68.425,1.2246467991473532e-16,-1.0,0.9749279121818236,-0.22252093395631434,0,0,0
2026-05-06 14:25:34,1778077,36.95,35.8875,2.25,0.5,0.0,21.4,54.7,64.689,-0.4999999999999997,-0.8660254037844388,0.9749279121818236,-0.22252093395631434,0,0,0
2026-05-06 16:25:34,1778084,37.0,36.275000000000006,0.04999999999999716,0.18333333333333238,0.0,21.4,50.3,50.818,-0.8660254037844385,-0.5000000000000004,0.9749279121818236,-0.22252093395631434,0,0,0
2026-05-06 18:25:34,1778091,37.35,36.5,0.3500000000000014,0.8833333333333329,0.0,21.5,52.3,48.059,-1.0,-1.8369701987210297e-16,0.9749279121818236,-0.22252093395631434,0,0,0
2026-05-06 20:25:34,1778099,34.35,36.4125,-3.0,-0.8666666666666671,0.0,21.6,51.3,7.277,-0.8660254037844386,0.5000000000000001,0.9749279121818236,-0.22252093395631434,0,0,0
2026-05-06 22:25:33,1778106,35.5,36.05,1.1499999999999986,-0.5,0.0,21.9,51.3,3.541,-0.5000000000000004,0.8660254037844384,0.9749279121818236,-0.22252093395631434,0,0,0
2026-05-07 00:25:33,1778113,36.9,36.025,1.3999999999999986,-0.15000000000000094,0.0,21.9,53.0,0.0,0.0,1.0,0.43388373911755823,-0.900968867902419,0,0,0
2026-05-07 02:25:33,1778120,35.75,35.625,-1.1499999999999986,0.4666666666666662,0.0,22.0,51.8,0.0,0.49999999999999994,0.8660254037844387,0.43388373911755823,-0.900968867902419,0,0,0
2026-05-07 04:25:33,1778127,34.95,35.775000000000006,-0.7999999999999972,-0.18333333333333238,0.0,21.9,50.9,0.0,0.8660254037844386,0.5000000000000001,0.43388373911755823,-0.900968867902419,0,0,0
2026-05-07 06:25:33,1778135,34.7,35.575,-0.25,-0.733333333333332,0.0,21.8,50.1,18.755,1.0,6.123233995736766e-17,0.43388373911755823,-0.900968867902419,0,0,0
2026-05-07 08:25:33,1778142,37.7,35.775000000000006,3.0,0.6500000000000009,0.0,21.7,50.2,67.839,0.8660254037844387,-0.4999999999999998,0.43388373911755823,-0.900968867902419,0,0,0
2026-05-07 10:25:32,1778149,36.2,35.8875,-1.5,0.4166666666666667,0.0,21.7,51.6,51.502,0.49999999999999994,-0.8660254037844387,0.43388373911755823,-0.900968867902419,0,0,0
2026-05-07 12:25:32,1778156,35.2,35.95,-1.0,0.16666666666666666,0.0,21.6,49.3,66.374,1.2246467991473532e-16,-1.0,0.43388373911755823,-0.900968867902419,0,0,0
2026-05-07 14:25:32,1778163,36.15,36.3125,0.9499999999999957,-0.516666666666668,0.0,22.1,48.9,64.64,-0.4999999999999997,-0.8660254037844388,0.43388373911755823,-0.900968867902419,0,0,0
2026-05-07 16:25:32,1778171,36.35,35.975,0.20000000000000284,0.049999999999999524,0.0,22.3,48.3,64.127,-0.8660254037844385,-0.5000000000000004,0.43388373911755823,-0.900968867902419,0,0,0
2026-05-07 18:25:32,1778178,45.6,38.324999999999996,9.25,3.4666666666666663,0.0,22.6,51.1,52.601,-1.0,-1.8369701987210297e-16,0.43388373911755823,-0.900968867902419,0,0,1
2026-05-07 20:25:31,1778185,37.55,38.912499999999994,-8.050000000000004,0.4666666666666662,0.0,22.5,48.4,18.632,-0.8660254037844386,0.5000000000000001,0.43388373911755823,-0.900968867902419,0,0,0
2026-05-07 22:25:31,1778192,37.05,39.1375,-0.5,0.23333333333333192,0.0,22.4,49.0,2.735,-0.5000000000000004,0.8660254037844384,0.43388373911755823,-0.900968867902419,0,0,0
2026-05-08 00:25:31,1778199,35.3,38.875,-1.75,-3.433333333333335,0.0,22.6,49.4,4.298,0.0,1.0,-0.433883739117558,-0.9009688679024191,1,0,0
2026-05-08 02:25:31,1778207,36.45,36.5875,1.1500000000000057,-0.36666666666666475,0.0,22.4,50.9,4.347,0.49999999999999994,0.8660254037844387,-0.433883739117558,-0.9009688679024191,0,0,0
2026-05-08 04:25:31,1778214,37.75,36.6375,1.2999999999999972,0.23333333333333428,0.0,22.3,53.1,0.0,0.8660254037844386,0.5000000000000001,-0.433883739117558,-0.9009688679024191,0,0,0
2026-05-08 06:25:31,1778221,39.2,37.175,1.4500000000000028,1.3000000000000018,0.0,22.0,52.8,6.984,1.0,6.123233995736766e-17,-0.433883739117558,-0.9009688679024191,0,0,0
2026-05-08 08:25:30,1778228,37.9,37.825,-1.3000000000000043,0.4833333333333319,0.0,22.0,56.1,42.54,0.8660254037844387,-0.4999999999999998,-0.433883739117558,-0.9009688679024191,0,0,0
2026-05-08 10:25:30,1778235,37.6,38.1125,-0.29999999999999716,-0.049999999999999524,0.0,22.0,55.5,62.491,0.49999999999999994,-0.8660254037844387,-0.433883739117558,-0.9009688679024191,0,0,0
2026-05-08 12:25:30,1778243,38.4,38.275,0.7999999999999972,-0.2666666666666681,0.0,22.1,54.9,58.242,1.2246467991473532e-16,-1.0,-0.433883739117558,-0.9009688679024191,0,0,0
2026-05-08 14:25:30,1778250,35.25,37.2875,-3.1499999999999986,-0.8833333333333329,0.0,22.6,53.5,68.376,-0.4999999999999997,-0.8660254037844388,-0.433883739117558,-0.9009688679024191,0,0,0
2026-05-08 16:25:30,1778257,34.4,36.4125,-0.8500000000000014,-1.0666666666666675,0.0,22.8,48.6,43.712,-0.8660254037844385,-0.5000000000000004,-0.433883739117558,-0.9009688679024191,0,0,0
2026-05-08 18:25:30,1778264,33.35,35.35,-1.0499999999999972,-1.6833333333333325,0.0,23.0,52.4,76.19,-1.0,-1.8369701987210297e-16,-0.433883739117558,-0.9009688679024191,1,0,0
2026-05-08 20:25:29,1778271,33.95,34.2375,0.6000000000000014,-0.4333333333333324,0.0,22.9,47.8,34.579,-0.8660254037844386,0.5000000000000001,-0.433883739117558,-0.9009688679024191,0,0,0
2026-05-08 22:25:29,1778279,34.25,33.9875,0.29999999999999716,-0.049999999999999524,0.0,22.8,49.5,4.567,-0.5000000000000004,0.8660254037844384,-0.433883739117558,-0.9009688679024191,0,0,0
2026-05-09 00:25:29,1778286,35.35,34.225,1.1000000000000014,0.6666666666666666,0.0,22.7,50.6,4.322,0.0,1.0,-0.9749279121818236,-0.2225209339563146,0,0,0
2026-05-09 02:25:29,1778293,34.3,34.462500000000006,-1.0500000000000043,0.11666666666666477,0.0,22.4,49.9,5.079,0.49999999999999994,0.8660254037844387,-0.9749279121818236,-0.2225209339563146,0,0,0
2026-05-09 04:25:28,1778300,34.2,34.525,-0.09999999999999432,-0.01666666666666572,0.0,22.2,49.6,5.177,0.8660254037844386,0.5000000000000001,-0.9749279121818236,-0.2225209339563146,0,0,0
2026-05-09 06:25:28,1778307,34.75,34.650000000000006,0.5499999999999972,-0.20000000000000048,0.0,22.0,49.9,41.441,1.0,6.123233995736766e-17,-0.9749279121818236,-0.2225209339563146,0,0,0
2026-05-09 08:25:28,1778315,35.15,34.6,0.3999999999999986,0.2833333333333338,0.0,21.8,53.7,65.641,0.8660254037844387,-0.4999999999999998,-0.9749279121818236,-0.2225209339563146,0,0,0
2026-05-09 10:25:28,1778322,33.15,34.3125,-2.0,-0.3500000000000014,0.0,21.8,53.4,59.707,0.49999999999999994,-0.8660254037844387,-0.9749279121818236,-0.2225209339563146,0,0,0
2026-05-09 12:25:28,1778329,35.15,34.550000000000004,2.0,0.13333333333333286,0.0,22.0,52.8,66.984,1.2246467991473532e-16,-1.0,-0.9749279121818236,-0.2225209339563146,0,0,0
2026-05-09 14:25:28,1778336,33.05,34.125,-2.1000000000000014,-0.7000000000000005,0.0,22.2,50.2,66.984,-0.4999999999999997,-0.8660254037844388,-0.9749279121818236,-0.2225209339563146,0,0,0
2026-05-09 16:25:27,1778343,38.3,34.912499999999994,5.25,1.7166666666666661,0.0,22.4,45.6,63.175,-0.8660254037844385,-0.5000000000000004,-0.9749279121818236,-0.2225209339563146,0,0,1
2026-05-09 18:25:27,1778351,33.55,35.012499999999996,-4.75,-0.5333333333333338,0.0,22.6,47.1,70.232,-1.0,-1.8369701987210297e-16,-0.9749279121818236,-0.2225209339563146,0,0,0
2026-05-09 20:25:27,1778358,32.5,34.349999999999994,-1.0499999999999972,-0.18333333333333238,0.0,22.9,47.1,47.521,-0.8660254037844386,0.5000000000000001,-0.9749279121818236,-0.2225209339563146,0,0,0
2026-05-09 22:25:27,1778365,30.85,33.8,-1.6499999999999986,-2.483333333333332,0.0019444444444444444,23.0,48.8,8.059,-0.5000000000000004,0.8660254037844384,-0.9749279121818236,-0.2225209339563146,1,0,0
2026-05-10 00:25:27,1778372,34.05,32.7375,3.1999999999999957,0.16666666666666666,0.0,23.0,49.0,0.0,0.0,1.0,-0.7818314824680299,0.6234898018587334,0,0,0
2026-05-10 02:25:27,1778379,36.5,33.475,2.450000000000003,1.3333333333333333,0.0,22.3,50.6,0.0,0.49999999999999994,0.8660254037844387,-0.7818314824680299,0.6234898018587334,0,0,0
2026-05-10 04:25:26,1778387,32.85,33.5625,-3.6499999999999986,0.6666666666666666,0.0,21.8,51.5,7.009,0.8660254037844386,0.5000000000000001,-0.7818314824680299,0.6234898018587334,0,0,0
2026-05-10 06:25:26,1778394,32.45,33.962500000000006,-0.3999999999999986,-0.5333333333333314,0.0019444444444444444,21.7,51.5,44.664,1.0,6.123233995736766e-17,-0.7818314824680299,0.6234898018587334,0,0,0
2026-05-10 08:25:26,1778401,32.75,33.6375,0.29999999999999716,-1.25,0.0038888888888888888,21.3,54.3,68.156,0.8660254037844387,-0.4999999999999998,-0.7818314824680299,0.6234898018587334,0,0,0
2026-05-10 10:25:26,1778408,37.85,33.975,5.100000000000001,1.6666666666666667,0.0,20.6,49.1,59.243,0.49999999999999994,-0.8660254037844387,-0.7818314824680299,0.6234898018587334,0,0,1
2026-05-10 12:25:26,1778415,36.3,34.837500000000006,-1.5500000000000043,1.2833333333333314,0.0,20.0,49.5,68.547,1.2246467991473532e-16,-1.0,-0.7818314824680299,0.6234898018587334,0,0,0
2026-05-10 14:25:25,1778423,36.05,35.7375,-0.25,1.099999999999999,0.0,19.9,50.9,64.908,-0.4999999999999997,-0.8660254037844388,-0.7818314824680299,0.6234898018587334,0,0,0
2026-05-10 16:25:25,1778430,87.7,49.475,51.650000000000006,16.616666666666667,0.0,20.7,49.6,72.21,-0.8660254037844385,-0.5000000000000004,-0.7818314824680299,0.6234898018587334,0,0,1
2026-05-10 18:25:25,1778437,87.05,61.775000000000006,-0.6500000000000057,16.916666666666668,0.0,20.5,52.1,66.032,-1.0,-1.8369701987210297e-16,-0.7818314824680299,0.6234898018587334,0,0,0
2026-05-10 20:25:25,1778444,79.2,72.5,-7.849999999999994,14.383333333333335,0.0,21.2,52.2,32.357,-0.8660254037844386,0.5000000000000001,-0.7818314824680299,0.6234898018587334,0,0,0
2026-05-10 22:25:25,1778451,84.45,84.6,5.25,-1.0833333333333333,0.0,21.6,51.1,0.0,-0.5000000000000004,0.8660254037844384,-0.7818314824680299,0.6234898018587334,0,0,0
2026-05-12 00:25:23,1778545,72.95,80.9125,-11.5,-4.699999999999998,0.0,22.3,47.9,3.785,0.0,1.0,0.7818314824680298,0.6234898018587336,0,0,0
2026-05-12 02:25:22,1778552,71.35,76.98750000000001,-1.6000000000000085,-2.6166666666666694,0.0,21.9,46.8,4.811,0.49999999999999994,0.8660254037844387,0.7818314824680298,0.6234898018587336,0,0,0
2026-05-12 04:25:22,1778559,71.35,75.025,0.0,-4.36666666666667,0.0,21.5,46.0,5.226,0.8660254037844386,0.5000000000000001,0.7818314824680298,0.6234898018587336,0,0,0
2026-05-12 06:25:22,1778567,69.0,71.1625,-2.3499999999999943,-1.3166666666666675,0.0,21.4,46.9,33.919,1.0,6.123233995736766e-17,0.7818314824680298,0.6234898018587336,0,0,0
2026-05-12 08:25:22,1778574,71.15,70.7125,2.1500000000000057,-0.06666666666666288,0.0,21.3,47.4,53.919,0.8660254037844387,-0.4999999999999998,0.7818314824680298,0.6234898018587336,0,0,0
2026-05-12 10:25:21,1778581,68.15,69.9125,-3.0,-1.0666666666666629,0.0,21.3,48.0,54.701,0.49999999999999994,-0.8660254037844387,0.7818314824680298,0.6234898018587336,0,0,0
2026-05-12 12:25:21,1778588,69.15,69.36250000000001,1.0,0.0500000000000019,0.0,21.5,55.9,67.277,1.2246467991473532e-16,-1.0,0.7818314824680298,0.6234898018587336,0,0,0
2026-05-12 14:25:21,1778595,72.8,70.3125,3.6499999999999915,0.5499999999999972,0.0,21.6,47.5,46.227,-0.4999999999999997,-0.8660254037844388,0.7818314824680298,0.6234898018587336,0,0,0
2026-05-12 16:25:21,1778603,72.15,70.5625,-0.6499999999999915,1.3333333333333333,0.0,21.6,46.1,64.103,-0.8660254037844385,-0.5000000000000004,0.7818314824680298,0.6234898018587336,0,0,0
2026-05-12 18:25:21,1778610,68.95,70.7625,-3.200000000000003,-0.06666666666666761,0.0,21.6,45.3,34.847,-1.0,-1.8369701987210297e-16,0.7818314824680298,0.6234898018587336,0,0,0
2026-05-12 20:25:21,1778617,67.3,70.3,-1.6500000000000057,-1.8333333333333333,0.0,21.4,46.3,16.093,-0.8660254037844386,0.5000000000000001,0.7818314824680298,0.6234898018587336,0,0,0
2026-05-12 22:25:20,1778624,66.55,68.73750000000001,-0.75,-1.8666666666666696,0.0,21.5,47.7,5.568,-0.5000000000000004,0.8660254037844384,0.7818314824680298,0.6234898018587336,0,0,0
2026-05-13 00:25:20,1778631,68.7,67.875,2.1500000000000057,-0.08333333333333333,0.0,21.4,49.3,5.958,0.0,1.0,0.9749279121818236,-0.22252093395631434,0,0,0
2026-05-13 02:25:20,1778639,67.65,67.55000000000001,-1.0499999999999972,0.11666666666666951,0.0,21.3,50.7,6.3,0.49999999999999994,0.8660254037844387,0.9749279121818236,-0.22252093395631434,0,0,0
2026-05-13 04:25:20,1778646,65.65,67.1375,-2.0,-0.29999999999999716,0.0,21.3,51.5,6.325,0.8660254037844386,0.5000000000000001,0.9749279121818236,-0.22252093395631434,0,0,0
2026-05-13 06:25:20,1778653,68.35,67.5875,2.6999999999999886,-0.11666666666666951,0.0,21.6,50.8,32.991,1.0,6.123233995736766e-17,0.9749279121818236,-0.22252093395631434,0,0,0
2026-05-13 08:25:20,1778660,66.4,67.0125,-1.9499999999999886,-0.4166666666666667,0.0,21.7,50.5,59.756,0.8660254037844387,-0.4999999999999998,0.9749279121818236,-0.22252093395631434,0,0,0
2026-05-13 10:25:19,1778667,69.15,67.3875,2.75,1.1666666666666667,0.0,21.9,51.0,59.292,0.49999999999999994,-0.8660254037844387,0.9749279121818236,-0.22252093395631434,0,0,0
2026-05-13 12:25:19,1778675,66.9,67.7,-2.25,-0.48333333333332956,0.0,21.9,50.8,35.556,1.2246467991473532e-16,-1.0,0.9749279121818236,-0.22252093395631434,0,0,0
2026-05-13 14:25:19,1778682,66.1,67.1375,-0.8000000000000114,-0.1000000000000038,0.0,21.9,52.9,69.158,-0.4999999999999997,-0.8660254037844388,0.9749279121818236,-0.22252093395631434,0,0,0
2026-05-13 16:25:19,1778689,62.5,66.1625,-3.5999999999999943,-2.2166666666666686,0.0,22.1,55.8,67.985,-0.8660254037844385,-0.5000000000000004,0.9749279121818236,-0.22252093395631434,0,0,0
2026-05-13 18:25:19,1778696,62.65,64.5375,0.14999999999999858,-1.416666666666669,0.0,22.0,50.3,53.236,-1.0,-1.8369701987210297e-16,0.9749279121818236,-0.22252093395631434,0,0,0
2026-05-13 20:25:18,1778703,60.1,62.8375,-2.549999999999997,-1.9999999999999976,0.0,21.8,49.7,21.026,-0.8660254037844386,0.5000000000000001,0.9749279121818236,-0.22252093395631434,0,0,0
2026-05-13 22:25:18,1778711,60.45,61.425,0.3500000000000014,-0.6833333333333323,0.0,21.6,50.2,7.497,-0.5000000000000004,0.8660254037844384,0.9749279121818236,-0.22252093395631434,0,0,0
2026-05-14 00:25:18,1778718,61.05,61.0625,0.5999999999999943,-0.5333333333333338,0.0,21.6,50.9,8.205,0.0,1.0,0.43388373911755823,-0.900968867902419,0,0,0
2026-05-14 02:25:18,1778725,64.0,61.400000000000006,2.950000000000003,1.2999999999999996,0.0,21.9,51.4,0.0,0.49999999999999994,0.8660254037844387,0.43388373911755823,-0.900968867902419,0,0,0
2026-05-14 04:25:18,1778732,64.55,62.5125,0.5499999999999972,1.3666666666666647,0.0,22.0,49.5,0.0,0.8660254037844386,0.5000000000000001,0.43388373911755823,-0.900968867902419,0,0,0
2026-05-14 06:25:18,1778739,65.25,63.7125,0.7000000000000028,1.400000000000001,0.0,21.9,49.4,50.549,1.0,6.123233995736766e-17,0.43388373911755823,-0.900968867902419,0,0,0
2026-05-14 08:25:17,1778747,62.6,64.10000000000001,-2.6499999999999986,-0.4666666666666662,0.0,21.9,49.5,69.158,0.8660254037844387,-0.4999999999999998,0.43388373911755823,-0.900968867902419,0,0,0
2026-05-14 10:25:17,1778754,61.8,63.55,-0.8000000000000043,-0.9166666666666666,0.0,21.9,50.6,41.465,0.49999999999999994,-0.8660254037844387,0.43388373911755823,-0.900968867902419,0,0,0
2026-05-14 12:25:17,1778761,64.05,63.425,2.25,-0.40000000000000097,0.0,22.0,50.2,62.491,1.2246467991473532e-16,-1.0,0.43388373911755823,-0.900968867902419,0,0,0
2026-05-14 14:25:17,1778768,64.85,63.324999999999996,0.7999999999999972,0.7499999999999977,0.0,22.0,50.3,54.872,-0.4999999999999997,-0.8660254037844388,0.43388373911755823,-0.900968867902419,0,0,0
2026-05-14 16:25:17,1778775,61.55,63.0625,-3.299999999999997,-0.08333333333333333,0.0,22.1,50.9,61.514,-0.8660254037844385,-0.5000000000000004,0.43388373911755823,-0.900968867902419,0,0,0
2026-05-14 18:25:17,1778783,58.55,62.25,-3.0,-1.8333333333333333,0.0,22.2,49.0,45.69,-1.0,-1.8369701987210297e-16,0.43388373911755823,-0.900968867902419,0,0,0
2026-05-14 20:25:16,1778790,3.15,47.025,-55.4,-20.566666666666666,0.0,22.3,50.2,36.264,-0.8660254037844386,0.5000000000000001,0.43388373911755823,-0.900968867902419,1,0,0
2026-05-14 22:25:16,1778797,55.85,44.775,52.7,-1.8999999999999986,0.0,21.7,49.4,22.271,-0.5000000000000004,0.8660254037844384,0.43388373911755823,-0.900968867902419,0,0,0
2026-05-15 00:25:16,1778804,56.65,43.55,0.7999999999999972,-0.6333333333333329,0.0,21.7,51.3,0.0,0.0,1.0,-0.433883739117558,-0.9009688679024191,0,0,0
2026-05-15 02:25:16,1778811,55.2,42.712500000000006,-1.4499999999999957,17.35,0.0,21.6,49.1,0.0,0.49999999999999994,0.8660254037844387,-0.433883739117558,-0.9009688679024191,0,0,0
2026-05-15 04:25:15,1778819,52.25,54.9875,-2.950000000000003,-1.2000000000000004,0.0,21.5,47.5,3.956,0.8660254037844386,0.5000000000000001,-0.433883739117558,-0.9009688679024191,0,0,0
2026-05-15 06:25:15,1778826,51.45,53.8875,-0.7999999999999972,-1.7333333333333318,0.0,21.6,47.6,44.396,1.0,6.123233995736766e-17,-0.433883739117558,-0.9009688679024191,0,0,0
2026-05-15 08:25:15,1778833,48.35,51.8125,-3.1000000000000014,-2.2833333333333337,0.0,21.9,47.8,65.372,0.8660254037844387,-0.4999999999999998,-0.433883739117558,-0.9009688679024191,0,0,0
2026-05-15 10:25:15,1778840,47.65,49.925000000000004,-0.7000000000000028,-1.5333333333333339,0.0,22.0,49.9,69.328,0.49999999999999994,-0.8660254037844387,-0.433883739117558,-0.9009688679024191,0,0,0
2026-05-15 12:25:15,1778847,47.9,48.837500000000006,0.25,-1.1833333333333347,0.0,22.0,49.9,67.302,1.2246467991473532e-16,-1.0,-0.433883739117558,-0.9009688679024191,0,0,0
2026-05-15 14:25:15,1778855,47.55,47.8625,-0.3500000000000014,-0.2666666666666681,0.0,22.2,48.6,41.832,-0.4999999999999997,-0.8660254037844388,-0.433883739117558,-0.9009688679024191,0,0,0
2026-05-15 16:25:14,1778862,54.4,49.375,6.850000000000001,2.25,0.0,22.4,48.8,67.57,-0.8660254037844385,-0.5000000000000004,-0.433883739117558,-0.9009688679024191,0,0,1
2026-05-15 18:25:14,1778869,52.0,50.4625,-2.3999999999999986,1.3666666666666671,0.0,22.6,48.6,58.657,-1.0,-1.8369701987210297e-16,-0.433883739117558,-0.9009688679024191,0,0,0
2026-05-15 20:25:14,1778876,52.0,51.4875,0.0,1.4833333333333343,0.0,22.6,48.7,26.642,-0.8660254037844386,0.5000000000000001,-0.433883739117558,-0.9009688679024191,0,0,0
2026-05-15 22:25:14,1778883,52.2,52.650000000000006,0.20000000000000284,-0.733333333333332,0.0,22.5,48.5,0.0,-0.5000000000000004,0.8660254037844384,-0.433883739117558,-0.9009688679024191,0,0,0
2026-05-16 00:25:14,1778891,53.55,52.4375,1.3499999999999943,0.5166666666666657,0.0,22.2,47.6,0.0,0.0,1.0,-0.9749279121818236,-0.2225209339563146,0,0,0
2026-05-16 02:25:14,1778898,53.35,52.775,-0.19999999999999574,0.45000000000000046,0.0,22.1,47.0,0.0,0.49999999999999994,0.8660254037844387,-0.9749279121818236,-0.2225209339563146,0,0,0
2026-05-16 04:25:13,1778905,52.25,52.8375,-1.1000000000000014,0.01666666666666572,0.0,22.1,46.2,0.0,0.8660254037844386,0.5000000000000001,-0.9749279121818236,-0.2225209339563146,0,0,0
2026-05-16 06:25:13,1778912,51.45,52.650000000000006,-0.7999999999999972,-0.6999999999999981,0.0,22.0,45.8,29.353,1.0,6.123233995736766e-17,-0.9749279121818236,-0.2225209339563146,0,0,0
2026-05-16 08:25:13,1778919,52.0,52.2625,0.5499999999999972,-0.45000000000000046,0.0,21.9,46.0,50.672,0.8660254037844387,-0.4999999999999998,-0.9749279121818236,-0.2225209339563146,0,0,0
2026-05-16 10:25:13,1778927,52.0,51.925,0.0,-0.08333333333333333,0.0,22.0,46.2,56.972,0.49999999999999994,-0.8660254037844387,-0.9749279121818236,-0.2225209339563146,0,0,0
2026-05-16 12:25:13,1778934,53.0,52.1125,1.0,0.5166666666666657,0.0,22.0,45.6,53.162,1.2246467991473532e-16,-1.0,-0.9749279121818236,-0.2225209339563146,0,0,0
2026-05-16 14:25:12,1778941,50.55,51.8875,-2.450000000000003,-0.4833333333333343,0.0,21.9,42.5,55.385,-0.4999999999999997,-0.8660254037844388,-0.9749279121818236,-0.2225209339563146,0,0,0
2026-05-16 16:25:12,1778948,56.15,52.925000000000004,5.600000000000001,1.3833333333333329,0.0,21.9,45.0,60.781,-0.8660254037844385,-0.5000000000000004,-0.9749279121818236,-0.2225209339563146,0,0,1
2026-05-16 18:25:12,1778955,52.05,52.9375,-4.100000000000001,-0.3166666666666676,0.0,22.1,45.2,58.168,-1.0,-1.8369701987210297e-16,-0.9749279121818236,-0.2225209339563146,0,0,0
2026-05-16 20:25:12,1778963,52.0,52.6875,-0.04999999999999716,0.4833333333333343,0.0,22.4,46.7,54.188,-0.8660254037844386,0.5000000000000001,-0.9749279121818236,-0.2225209339563146,0,0,0
2026-05-16 22:25:12,1778970,52.0,53.05,0.0,-1.3833333333333329,0.0,22.2,43.1,0.0,-0.5000000000000004,0.8660254037844384,-0.9749279121818236,-0.2225209339563146,0,0,0
2026-05-17 00:25:12,1778977,52.85,52.225,0.8500000000000014,0.2666666666666681,0.0,22.1,44.8,0.0,0.0,1.0,-0.7818314824680299,0.6234898018587334,0,0,0
2026-05-17 02:25:11,1778984,52.45,52.325,-0.3999999999999986,0.15000000000000094,0.0,22.0,47.1,0.0,0.49999999999999994,0.8660254037844387,-0.7818314824680299,0.6234898018587334,0,0,0
2026-05-17 04:25:11,1778991,54.7,53.0,2.25,0.9000000000000009,0.0,21.9,48.5,0.0,0.8660254037844386,0.5000000000000001,-0.7818314824680299,0.6234898018587334,0,0,0
2026-05-17 06:25:11,1778999,54.35,53.5875,-0.3500000000000014,0.5,0.0,21.9,48.1,13.016,1.0,6.123233995736766e-17,-0.7818314824680299,0.6234898018587334,0,0,0
2026-05-17 08:25:11,1779006,50.95,53.1125,-3.3999999999999986,-0.5,0.0,21.8,50.1,42.1,0.8660254037844387,-0.4999999999999998,-0.7818314824680299,0.6234898018587334,0,0,0
2026-05-17 10:25:11,1779013,52.8,53.2,1.8499999999999943,-0.6333333333333352,0.0,21.7,52.4,52.332,0.49999999999999994,-0.8660254037844387,-0.7818314824680299,0.6234898018587334,0,0,0
2026-05-17 12:25:11,1779020,53.6,52.925000000000004,0.8000000000000043,-0.25,0.0,21.8,51.8,58.486,1.2246467991473532e-16,-1.0,-0.7818314824680299,0.6234898018587334,0,0,0
2026-05-17 14:25:10,1779027,50.45,51.95,-3.1499999999999986,-0.16666666666666666,0.0,22.0,52.7,66.862,-0.4999999999999997,-0.8660254037844388,-0.7818314824680299,0.6234898018587334,0,0,0
2026-05-17 16:25:10,1779035,53.35,52.550000000000004,2.8999999999999986,0.18333333333333476,0.0,22.0,51.7,57.021,-0.8660254037844385,-0.5000000000000004,-0.7818314824680299,0.6234898018587334,0,0,0
2026-05-17 18:25:10,1779042,51.85,52.3125,-1.5,-0.5833333333333334,0.0,21.9,55.1,21.416,-1.0,-1.8369701987210297e-16,-0.7818314824680299,0.6234898018587334,0,0,0
2026-05-17 20:25:10,1779049,48.1,50.9375,-3.75,-0.7833333333333338,0.0,22.0,59.1,24.371,-0.8660254037844386,0.5000000000000001,-0.7818314824680299,0.6234898018587334,0,0,0
2026-05-17 22:25:10,1779056,50.55,50.962500000000006,2.4499999999999957,-0.9333333333333348,0.0,21.9,58.3,0.0,-0.5000000000000004,0.8660254037844384,-0.7818314824680299,0.6234898018587334,0,0,0
2026-05-18 00:25:10,1779063,52.55,50.7625,2.0,0.23333333333333192,0.0,21.8,57.9,0.0,0.0,1.0,0.0,1.0,0,0,0
2026-05-18 02:25:09,1779071,54.05,51.3125,1.5,1.9833333333333318,0.0,21.8,57.0,0.0,0.49999999999999994,0.8660254037844387,0.0,1.0,0,0,0
2026-05-18 04:25:09,1779078,51.8,52.2375,-2.25,0.4166666666666667,0.0,21.7,55.9,0.0,0.8660254037844386,0.5000000000000001,0.0,1.0,0,0,0
2026-05-18 06:25:09,1779085,53.25,52.912499999999994,1.4500000000000028,0.23333333333333428,0.0,21.7,56.0,10.159,1.0,6.123233995736766e-17,0.0,1.0,0,0,0
2026-05-18 08:25:09,1779092,53.6,53.175,0.3500000000000014,-0.14999999999999858,0.0,21.7,56.4,51.551,0.8660254037844387,-0.4999999999999998,0.0,1.0,0,0,0
2026-05-18 10:25:08,1779099,52.55,52.8,-1.0500000000000043,0.25,0.0,21.7,57.4,65.519,0.49999999999999994,-0.8660254037844387,0.0,1.0,0,0,0
2026-05-18 12:25:08,1779107,52.15,52.887499999999996,-0.3999999999999986,-0.36666666666666714,0.0,21.7,52.8,65.861,1.2246467991473532e-16,-1.0,0.0,1.0,0,0,0
2026-05-18 14:25:08,1779114,50.8,52.275000000000006,-1.3500000000000014,-0.9333333333333348,0.0,21.6,49.7,38.73,-0.4999999999999997,-0.8660254037844388,0.0,1.0,0,0,0
2026-05-18 16:25:08,1779121,52.05,51.8875,1.25,-0.16666666666666666,0.0,22.0,53.9,39.072,-0.8660254037844385,-0.5000000000000004,0.0,1.0,0,0,0
2026-05-18 18:25:08,1779128,51.85,51.7125,-0.19999999999999574,-0.09999999999999905,0.0,22.0,52.4,51.99,-1.0,-1.8369701987210297e-16,0.0,1.0,0,0,0
2026-05-18 20:25:08,1779135,49.75,51.1125,-2.1000000000000014,-0.34999999999999903,0.0,22.0,52.9,48.694,-0.8660254037844386,0.5000000000000001,0.0,1.0,0,0,0
2026-05-18 22:25:07,1779143,52.0,51.4125,2.25,-0.01666666666666572,0.0,21.9,54.1,21.514,-0.5000000000000004,0.8660254037844384,0.0,1.0,0,0,0
2026-05-19 00:25:07,1779150,51.35,51.2375,-0.6499999999999986,-0.16666666666666666,0.0,21.6,53.3,21.514,0.0,1.0,0.7818314824680298,0.6234898018587336,0,0,0
2026-05-19 02:25:07,1779157,52.85,51.4875,1.5,1.0333333333333339,0.0,21.5,52.3,0.0,0.49999999999999994,0.8660254037844387,0.7818314824680298,0.6234898018587336,0,0,0
2026-05-19 04:25:07,1779164,51.95,52.037499999999994,-0.8999999999999986,-0.01666666666666572,0.0,21.5,52.0,0.0,0.8660254037844386,0.5000000000000001,0.7818314824680298,0.6234898018587336,0,0,0
2026-05-19 06:25:07,1779171,52.0,52.0375,0.04999999999999716,0.2166666666666662,0.0,21.7,51.4,34.261,1.0,6.123233995736766e-17,0.7818314824680298,0.6234898018587336,0,0,0
2026-05-19 08:25:07,1779179,50.45,51.8125,-1.5499999999999972,-0.7999999999999995,0.0,21.9,54.7,49.695,0.8660254037844387,-0.4999999999999998,0.7818314824680298,0.6234898018587336,0,0,0
2026-05-19 10:25:06,1779186,49.2,50.900000000000006,-1.25,-0.9166666666666666,0.0,22.1,55.4,56.142,0.49999999999999994,-0.8660254037844387,0.7818314824680298,0.6234898018587336,0,0,0
2026-05-19 12:25:06,1779193,49.55,50.3,0.3499999999999943,-0.8166666666666677,0.0,22.2,54.4,60.928,1.2246467991473532e-16,-1.0,0.7818314824680298,0.6234898018587336,0,0,0
2026-05-19 14:25:06,1779200,51.25,50.1125,1.7000000000000028,0.2666666666666657,0.0,22.2,50.8,33.993,-0.4999999999999997,-0.8660254037844388,0.7818314824680298,0.6234898018587336,0,0,0
2026-05-19 16:25:06,1779207,49.45,49.8625,-1.7999999999999972,0.08333333333333333,0.0,22.4,54.8,28.059,-0.8660254037844385,-0.5000000000000004,0.7818314824680298,0.6234898018587336,0,0,0
2026-05-19 18:25:06,1779215,51.15,50.35,1.6999999999999957,0.5333333333333338,0.0,22.5,56.8,26.203,-1.0,-1.8369701987210297e-16,0.7818314824680298,0.6234898018587336,0,0,0
2026-05-19 20:25:06,1779222,50.05,50.474999999999994,-1.1000000000000014,-0.40000000000000097,0.0,22.5,57.1,18.706,-0.8660254037844386,0.5000000000000001,0.7818314824680298,0.6234898018587336,0,0,0
2026-05-19 22:25:05,1779229,51.3,50.4875,1.25,0.6166666666666648,0.0,22.7,58.2,0.0,-0.5000000000000004,0.8660254037844384,0.7818314824680298,0.6234898018587336,0,0,0
2026-05-20 00:25:05,1779236,48.95,50.3625,-2.3499999999999943,-0.733333333333332,0.0,22.5,58.4,0.0,0.0,1.0,0.9749279121818236,-0.22252093395631434,0,0,0
2026-05-20 02:25:05,1779243,48.5,49.7,-0.45000000000000284,-0.5166666666666657,0.0,22.4,58.3,0.0,0.49999999999999994,0.8660254037844387,0.9749279121818236,-0.22252093395631434,0,0,0
2026-05-20 04:25:05,1779251,51.85,50.15,3.3500000000000014,0.18333333333333476,0.0,22.3,59.1,0.0,0.8660254037844386,0.5000000000000001,0.9749279121818236,-0.22252093395631434,0,0,0
2026-05-20 06:25:05,1779258,45.6,48.725,-6.25,-1.1166666666666671,0.0,22.1,58.4,13.797,1.0,6.123233995736766e-17,0.9749279121818236,-0.22252093395631434,0,0,0
2026-05-20 08:25:04,1779265,47.5,48.3625,1.8999999999999986,-0.3333333333333333,0.0,22.1,58.6,35.018,0.8660254037844387,-0.4999999999999998,0.9749279121818236,-0.22252093395631434,0,0,0
2026-05-20 10:25:04,1779272,46.95,47.974999999999994,-0.5499999999999972,-1.6333333333333329,0.0,22.1,58.7,61.123,0.49999999999999994,-0.8660254037844387,0.9749279121818236,-0.22252093395631434,0,0,0
2026-05-20 12:25:04,1779279,46.85,46.725,-0.10000000000000142,0.4166666666666667,0.0,22.1,58.5,55.092,1.2246467991473532e-16,-1.0,0.9749279121818236,-0.22252093395631434,0,0,0
2026-05-20 14:25:04,1779287,46.45,46.9375,-0.3999999999999986,-0.34999999999999903,0.0,22.3,59.4,57.289,-0.4999999999999997,-0.8660254037844388,0.9749279121818236,-0.22252093395631434,0,0,0
2026-05-20 15:41:25,1779291,43.95,46.05,-2.5,-1.0,0.0,22.4,59.2,60.0,-0.7071067811865471,-0.7071067811865479,0.9749279121818236,-0.22252093395631434,0,0,0
2026-05-20 15:53:46,1779292,45.15,45.6,1.1999999999999957,-0.5666666666666677,0.0,22.4,58.7,59.512,-0.7071067811865471,-0.7071067811865479,0.9749279121818236,-0.22252093395631434,0,0,0
2026-05-20 16:26:08,1779294,43.5,43.5,0.0,0.0,0.0,22.5,57.4,59.853,-0.8660254037844385,-0.5000000000000004,0.9749279121818236,-0.22252093395631434,0,0,0
2026-05-20 16:48:25,1779295,44.25,43.875,0.75,0.75,0.0,22.4,57.6,32.674,-0.8660254037844385,-0.5000000000000004,0.9749279121818236,-0.22252093395631434,0,0,0
